test_id,student_id,day_index,timestamp,question_id,subject,topic,difficulty,question_elo,question_elo_category,centrality,question_tags,graph_mode,remediation_for_question_id,remediation_step,graph_edge_kind,graph_edge_weight,recommendation_reason,R_before,rating_level_before,v_before,n_before,sigma2_before,k_before,m_before,W_before,Qans_before_count,Qsrv_before_count,pi_rem_before,pred_prob,response_quality,correct,response_time_sec,Ki,phi,Ei,delta_Rraw,v_after,rating_level_after,R_after,sigma2_after,k_after,m_after,W_after,Qans_after_count,Qsrv_after_count,pi_rem_after,rating_change,difficulty_numeric,difficulty_mapped,persona,marks
s1_t4,1,0,1700100120,dbms-q46,dbms,dbms-normalization,easy,710,low,0.0,functional-dependencies|closure-of-attributes|canonical-cover|lossless-join-decomposition|dependency-preservation|first-normal-form|second-normal-form|third-normal-form|boyce-codd-normal-form,standard,0,0,none,0.0,practice_test,1797.0,advanced,0,0,0.0,0,0,0.0,0,0,0.0,0.9980872047349112,0.0,1,93.5239667629797,32,1.0,0.9980872047349112,0,0,advanced,1797,0.0,0,0,0.0,0,0,0.0,0,easy,easy,Elite Performer,2
s1_t4,1,0,1700100121,ds-q59,calculus-optimization,calculus,easy,950,medium,0.0,derivatives|integrals|limits|continuity,standard,0,0,none,0.0,practice_test,1797.0,advanced,0,0,0.0,0,0,0.0,0,0,0.0,0.9924282006532854,0.0,1,79.38200432986275,32,1.0,0.9924282006532854,0,0,advanced,1797,0.0,0,0,0.0,0,0,0.0,0,easy,easy,Elite Performer,2
s1_t4,1,0,1700100122,dsa-q81,programming-dsa,dsa-complexity,medium,1310,high,0.0,time-complexity|space-complexity|big-o-notation,standard,0,0,none,0.0,practice_test,1797.0,advanced,0,0,0.0,0,0,0.0,0,0,0.0,0.9428591346675568,0.0,1,84.86759557597325,32,1.0,0.9428591346675568,2,0,advanced,1799,0.0,0,0,0.0,0,0,0.0,2,medium,medium,Elite Performer,4
s1_t4,1,0,1700100123,ga-q22,general-aptitude,ga-quantitative-aptitude,easy,930,medium,0.0,arithmetic|algebra|geometry|permutations|combinations,standard,0,0,none,0.0,practice_test,1799.0,advanced,0,0,0.0,0,0,0.0,0,0,0.0,0.9933228607928176,0.0,1,81.80181039586289,32,1.0,0.9933228607928176,0,0,advanced,1799,0.0,0,0,0.0,0,0,0.0,0,easy,easy,Elite Performer,2
s1_t4,1,0,1700100124,ds-q197,artificial-intelligence,quantitative-aptitude,easy,700,low,0.0,numbers|algebra|geometry|probability,standard,0,0,none,0.0,practice_test,1799.0,advanced,0,0,0.0,0,0,0.0,0,0,0.0,0.998214647654847,0.0,1,80.35250772360388,32,1.0,0.998214647654847,0,0,advanced,1799,0.0,0,0,0.0,0,0,0.0,0,easy,easy,Elite Performer,2
s1_t4,1,0,1700100125,ga-q7,general-aptitude,ga-quantitative-aptitude,easy,820,low,0.0,arithmetic|algebra|geometry|permutations|combinations,standard,0,0,none,0.0,practice_test,1799.0,advanced,0,0,0.0,0,0,0.0,0,0,0.0,0.996444072253126,0.0,1,45.04996682699238,32,1.0,0.996444072253126,0,0,advanced,1799,0.0,0,0,0.0,0,0,0.0,0,easy,easy,Elite Performer,2
s1_t4,1,0,1700100126,dsa-q58,programming-dsa,dsa-trees,medium,1020,medium,0.0,binary-trees|bst|tree-traversal|balanced-trees,standard,0,0,none,0.0,practice_test,1799.0,advanced,0,0,0.0,0,0,0.0,0,0,0.0,0.9888409698268936,0.0,1,46.45995555732932,32,1.0,0.9888409698268936,0,0,advanced,1799,0.0,0,0,0.0,0,0,0.0,0,medium,medium,Elite Performer,2
s1_t4,1,0,1700100127,ga-q9,general-aptitude,ga-logical-reasoning,easy,960,medium,0.0,syllogisms|logical-deduction|critical-reasoning,standard,0,0,none,0.0,practice_test,1799.0,advanced,0,0,0.0,0,0,0.0,0,0,0.0,0.992074181055862,0.0,1,93.9231267962598,32,1.0,0.992074181055862,0,0,advanced,1799,0.0,0,0,0.0,0,0,0.0,0,easy,easy,Elite Performer,2
s1_t4,1,0,1700100128,ds-q424,probability-statistics,probability,medium,1440,high,0.0,sample-spaces|events|conditional-probability|independence,standard,0,0,none,0.0,practice_test,1799.0,advanced,0,0,0.0,0,0,0.0,0,0,0.0,0.8876112598598545,0.0,1,44.58068172646056,32,1.0,0.8876112598598545,4,0,expert,1803,0.0,0,0,0.0,0,0,0.0,4,medium,medium,Elite Performer,6
s1_t4,1,0,1700100129,ps-q73,probability-statistics,ps-distributions,medium,1200,medium,0.0,normal-distribution|binomial-distribution|poisson-distribution|cumulative-distribution|expected-value|variance,standard,0,0,none,0.0,practice_test,1803.0,expert,0,0,0.0,0,0,0.0,0,0,0.0,0.969855570799269,0.0,1,104.94309531708984,32,1.0,0.969855570799269,1,0,expert,1804,0.0,0,0,0.0,0,0,0.0,1,medium,medium,Elite Performer,4
s1_t4,1,0,1700100130,la-q12,linear-algebra,la-eigenvalues,easy,1200,medium,0.0,eigenvalues|eigenvectors|diagonalization|spectral-theorem,standard,0,0,none,0.0,practice_test,1804.0,expert,0,0,0.0,0,0,0.0,0,0,0.0,0.970023410840484,0.0,1,53.96865827553752,32,1.0,0.970023410840484,1,0,expert,1805,0.0,0,0,0.0,0,0,0.0,1,easy,easy,Elite Performer,4
s1_t4,1,0,1700100131,dsa-q80,programming-dsa,dsa-complexity,medium,1410,high,0.0,time-complexity|space-complexity|big-o-notation,standard,0,0,none,0.0,practice_test,1805.0,expert,0,0,0.0,0,0,0.0,0,0,0.0,0.9066840316615196,0.0,1,65.38500248651813,32,1.0,0.9066840316615196,3,0,expert,1808,0.0,0,0,0.0,0,0,0.0,3,medium,medium,Elite Performer,4
s1_t4,1,0,1700100132,dsa-q57,programming-dsa,dsa-trees,hard,2480,high,0.0,binary-trees|bst|tree-traversal|balanced-trees,standard,0,0,none,0.0,practice_test,1808.0,expert,0,0,0.0,0,0,0.0,0,0,0.0,0.0204653789382195,0.0,1,26.00869314279939,32,1.0,0.0204653789382195,31,0,expert,1839,0.0,0,0,0.0,0,0,0.0,31,hard,hard,Elite Performer,10
s1_t4,1,0,1700100133,ga-q19,general-aptitude,ga-quantitative-aptitude,medium,1120,medium,0.0,arithmetic|algebra|geometry|permutations|combinations,standard,0,0,none,0.0,practice_test,1839.0,expert,0,0,0.0,0,0,0.0,0,0,0.0,0.9843096815963523,0.0,1,52.84599582307425,32,1.0,0.9843096815963523,1,0,expert,1840,0.0,0,0,0.0,0,0,0.0,1,medium,medium,Elite Performer,4
s1_t4,1,0,1700100134,la-q32,linear-algebra,la-matrices,medium,1400,high,0.0,addition|scalar-multiplication|matrix-multiplication|determinants|minors|cofactors|symmetric|orthogonal,standard,0,0,none,0.0,practice_test,1840.0,expert,0,0,0.0,0,0,0.0,0,0,0.0,0.9264124438824264,0.0,0,44.30036768933075,32,1.0,0.9264124438824264,-30,0,expert,1810,0.0,0,0,0.0,0,0,0.0,-30,medium,medium,Elite Performer,4
s1_t4,1,0,1700100135,co-q49,calculus-optimization,co-integration,easy,810,low,0.0,definite-integrals|indefinite-integrals|integration-by-parts|u-substitution|fundamental-theorem,standard,0,0,none,0.0,practice_test,1810.0,expert,0,0,0.0,0,0,0.0,0,0,0.0,0.99684769081674,0.0,1,53.2578723374213,32,1.0,0.99684769081674,0,0,expert,1810,0.0,0,0,0.0,0,0,0.0,0,easy,easy,Elite Performer,2
s1_t4,1,0,1700100136,la-35,linear-algebra,la-eigenvalues,medium,1210,medium,0.0,,standard,0,0,none,0.0,practice_test,1810.0,expert,0,0,0.0,0,0,0.0,0,0,0.0,0.9693465699682844,0.0,1,61.19220157156572,32,1.0,0.9693465699682844,1,0,expert,1811,0.0,0,0,0.0,0,0,0.0,1,medium,medium,Elite Performer,4
s1_t4,1,0,1700100137,dsa-q40,programming-dsa,dsa-arrays,medium,1280,medium,0.0,array-operations|indexing|searching|sorting,standard,0,0,none,0.0,practice_test,1811.0,expert,0,0,0.0,0,0,0.0,0,0,0.0,0.955070120057404,0.0,1,75.58007441626262,32,1.0,0.955070120057404,1,0,expert,1812,0.0,0,0,0.0,0,0,0.0,1,medium,medium,Elite Performer,4
s1_t4,1,0,1700100138,dsa-q43,programming-dsa,dsa-arrays,easy,1250,medium,0.0,array-operations|indexing|searching|sorting,standard,0,0,none,0.0,practice_test,1812.0,expert,0,0,0.0,0,0,0.0,0,0,0.0,0.9621351633851132,0.0,1,96.63605170591973,32,1.0,0.9621351633851132,1,0,expert,1813,0.0,0,0,0.0,0,0,0.0,1,easy,easy,Elite Performer,4
s1_t4,1,0,1700100139,dsa-q78,programming-dsa,dsa-complexity,easy,770,low,0.0,time-complexity|space-complexity|big-o-notation,standard,0,0,none,0.0,practice_test,1813.0,expert,0,0,0.0,0,0,0.0,0,0,0.0,0.997537200252393,0.0,1,32.14475914336564,32,1.0,0.997537200252393,0,0,expert,1813,0.0,0,0,0.0,0,0,0.0,0,easy,easy,Elite Performer,2
s1_t4,1,0,1700100140,ga-q25,general-aptitude,ga-verbal-reasoning,easy,860,low,0.0,reading-comprehension|vocabulary|sentence-correction|para-jumbles,standard,0,0,none,0.0,practice_test,1813.0,expert,0,0,0.0,0,0,0.0,0,0,0.0,0.9958723423341148,0.0,1,76.42179651431456,32,1.0,0.9958723423341148,0,0,expert,1813,0.0,0,0,0.0,0,0,0.0,0,easy,easy,Elite Performer,2
s1_t4,1,0,1700100141,ml-q22,general-aptitude,unknown,easy,1340,high,0.0,,standard,0,0,none,0.0,practice_test,1813.0,expert,0,0,0.0,0,0,0.0,0,0,0.0,0.9383590868211532,0.0,1,94.18888820902306,32,1.0,0.9383590868211532,2,0,expert,1815,0.0,0,0,0.0,0,0,0.0,2,easy,easy,Elite Performer,4
s1_t4,1,0,1700100142,ds-q425,probability-statistics,probability-theory,medium,1050,medium,0.0,bayes-theorem|permutations|combinations|probability-rules,standard,0,0,none,0.0,practice_test,1815.0,expert,0,0,0.0,0,0,0.0,0,0,0.0,0.9879157442856824,0.0,1,20.426517578183987,32,1.0,0.9879157442856824,0,0,expert,1815,0.0,0,0,0.0,0,0,0.0,0,medium,medium,Elite Performer,2
s1_t4,1,0,1700100143,ds-q120,probability-statistics,probability,medium,1020,medium,0.0,sample-spaces|events|conditional-probability|independence,standard,0,0,none,0.0,practice_test,1815.0,expert,0,0,0.0,0,0,0.0,0,0,0.0,0.989812841021964,0.0,1,89.2340490797625,32,1.0,0.989812841021964,0,0,expert,1815,0.0,0,0,0.0,0,0,0.0,0,medium,medium,Elite Performer,2
s1_t4,1,0,1700100144,la-q56,linear-algebra,la-eigenvalues,medium,1090,medium,0.0,eigenvalues|eigenvectors|diagonalization|spectral-theorem,standard,0,0,none,0.0,practice_test,1815.0,expert,0,0,0.0,0,0,0.0,0,0,0.0,0.9848342757499998,0.0,1,20.102825913355264,32,1.0,0.9848342757499998,0,0,expert,1815,0.0,0,0,0.0,0,0,0.0,0,medium,medium,Elite Performer,4
s1_t4,1,0,1700100145,ds-q312,probability-statistics,probability,easy,890,low,0.0,sample-spaces|events|conditional-probability|independence,standard,0,0,none,0.0,practice_test,1815.0,expert,0,0,0.0,0,0,0.0,0,0,0.0,0.9951539235668158,0.0,1,37.88009552586148,32,1.0,0.9951539235668158,0,0,expert,1815,0.0,0,0,0.0,0,0,0.0,0,easy,easy,Elite Performer,2
s1_t4,1,0,1700100146,ds-q88,probability-statistics,probability,easy,750,low,0.0,sample-spaces|events|conditional-probability|independence,standard,0,0,none,0.0,practice_test,1815.0,expert,0,0,0.0,0,0,0.0,0,0,0.0,0.9978295172089034,0.0,1,60.17066533499124,32,1.0,0.9978295172089034,0,0,expert,1815,0.0,0,0,0.0,0,0,0.0,0,easy,easy,Elite Performer,2
s1_t4,1,0,1700100147,ds-q37,artificial-intelligence,normalization,medium,1010,medium,0.0,1nf|2nf|3nf|bcnf,standard,0,0,none,0.0,practice_test,1815.0,expert,0,0,0.0,0,0,0.0,0,0,0.0,0.9903772181226684,0.0,1,58.33213233128504,32,1.0,0.9903772181226684,0,0,expert,1815,0.0,0,0,0.0,0,0,0.0,0,medium,medium,Elite Performer,2
s1_t4,1,0,1700100148,la-q10,linear-algebra,la-matrix,medium,1200,medium,0.0,addition|scalar-multiplication|matrix-multiplication|determinants|minors|cofactors|symmetric|orthogonal,standard,0,0,none,0.0,practice_test,1815.0,expert,0,0,0.0,0,0,0.0,0,0,0.0,0.9718108649534384,0.0,0,62.45933638288643,32,1.0,0.9718108649534384,-31,0,advanced,1784,0.0,0,0,0.0,0,0,0.0,-31,medium,medium,Elite Performer,4
s1_t4,1,0,1700100149,dsa-q72,programming-dsa,dsa-complexity,medium,1080,medium,0.0,time-complexity|space-complexity|big-o-notation,standard,0,0,none,0.0,practice_test,1784.0,advanced,0,0,0.0,0,0,0.0,0,0,0.0,0.9829188284532066,0.0,1,18.13789076404152,32,1.0,0.9829188284532066,1,0,advanced,1785,0.0,0,0,0.0,0,0,0.0,1,medium,medium,Elite Performer,4
s1_t4,1,0,1700100150,ds-q232,artificial-intelligence,deep-learning,medium,1170,medium,0.0,neural-networks|backpropagation|activation-functions,standard,0,0,none,0.0,practice_test,1785.0,advanced,0,0,0.0,0,0,0.0,0,0,0.0,0.9718108649534384,0.0,1,57.06457898530777,32,1.0,0.9718108649534384,1,0,advanced,1786,0.0,0,0,0.0,0,0,0.0,1,medium,medium,Elite Performer,4
s1_t4,1,0,1700100151,ps-q8,probability-statistics,ps-distributions,easy,750,low,0.0,probability-distributions|cumulative-distribution|expected-value,standard,0,0,none,0.0,practice_test,1786.0,advanced,0,0,0.0,0,0,0.0,0,0,0.0,0.9974361942128144,0.0,1,40.68231825536652,32,1.0,0.9974361942128144,0,0,advanced,1786,0.0,0,0,0.0,0,0,0.0,0,easy,easy,Elite Performer,2
s1_t4,1,0,1700100152,dbms-q44,dbms,dbms-sql,medium,1420,high,0.0,select|joins|group-by|aggregation,standard,0,0,none,0.0,practice_test,1786.0,advanced,0,0,0.0,0,0,0.0,0,0,0.0,0.8915686668733666,0.0,1,11.469668288683906,32,1.0,0.8915686668733666,3,0,advanced,1789,0.0,0,0,0.0,0,0,0.0,3,medium,medium,Elite Performer,6
s1_t4,1,0,1700100153,dsa-q76,programming-dsa,dsa-complexity,medium,1270,medium,0.0,time-complexity|space-complexity|big-o-notation,standard,0,0,none,0.0,practice_test,1789.0,advanced,0,0,0.0,0,0,0.0,0,0,0.0,0.9520109719849302,0.0,1,63.51023786478027,32,1.0,0.9520109719849302,2,0,advanced,1791,0.0,0,0,0.0,0,0,0.0,2,medium,medium,Elite Performer,4
s1_t4,1,0,1700100154,la-q14,linear-algebra,la-eigenvalues,medium,1150,medium,0.0,eigenvalues|eigenvectors|diagonalization|spectral-theorem,standard,0,0,none,0.0,practice_test,1791.0,advanced,0,0,0.0,0,0,0.0,0,0,0.0,0.9756338529292063,0.0,1,26.88154976088799,32,1.0,0.9756338529292063,1,0,advanced,1792,0.0,0,0,0.0,0,0,0.0,1,medium,medium,Elite Performer,4
s1_t4,1,0,1700100155,ds-q355,artificial-intelligence,statistics,medium,1080,medium,0.0,descriptive-statistics|mean|variance|standard-deviation,standard,0,0,none,0.0,practice_test,1792.0,advanced,0,0,0.0,0,0,0.0,0,0,0.0,0.983675057533446,0.0,1,85.818392544919,32,1.0,0.983675057533446,1,0,advanced,1793,0.0,0,0,0.0,0,0,0.0,1,medium,medium,Elite Performer,4
s1_t4,1,0,1700100156,ml-q53,machine-learning,ml-supervised,easy,720,low,0.0,linear-regression|logistic-regression|decision-trees|svm,standard,0,0,none,0.0,practice_test,1793.0,advanced,0,0,0.0,0,0,0.0,0,0,0.0,0.997927002519816,0.0,1,79.01250460160603,32,1.0,0.997927002519816,0,0,advanced,1793,0.0,0,0,0.0,0,0,0.0,0,easy,easy,Elite Performer,2
s1_t4,1,0,1700100157,dsa-q11,programming-dsa,dsa-trees,easy,800,low,0.0,binary-trees|bst|tree-traversal|balanced-trees,standard,0,0,none,0.0,practice_test,1793.0,advanced,0,0,0.0,0,0,0.0,0,0,0.0,0.9967184991667356,0.0,1,5.0,32,1.0,0.9967184991667356,0,0,advanced,1793,0.0,0,0,0.0,0,0,0.0,0,easy,easy,Elite Performer,2
s1_t4,1,0,1700100158,ml-q111,machine-learning,ml-unsupervised,medium,1030,medium,0.0,clustering|k-means|hierarchical-clustering|dimensionality-reduction|pca,standard,0,0,none,0.0,practice_test,1793.0,advanced,0,0,0.0,0,0,0.0,0,0,0.0,0.9877775254790658,0.0,1,45.518482197024895,32,1.0,0.9877775254790658,0,0,advanced,1793,0.0,0,0,0.0,0,0,0.0,0,medium,medium,Elite Performer,2
s1_t4,1,0,1700100159,ga-q28,general-aptitude,ga-logical-reasoning,medium,1010,medium,0.0,syllogisms|logical-deduction|critical-reasoning,standard,0,0,none,0.0,practice_test,1793.0,advanced,0,0,0.0,0,0,0.0,0,0,0.0,0.9890922096713796,0.0,1,56.72289240242591,32,1.0,0.9890922096713796,0,0,advanced,1793,0.0,0,0,0.0,0,0,0.0,0,medium,medium,Elite Performer,2
s1_t4,1,0,1700100160,dbms-q4,dbms,dbms-sql,easy,1090,medium,0.0,select|joins|group-by|aggregation,standard,0,0,none,0.0,practice_test,1793.0,advanced,0,0,0.0,0,0,0.0,0,0,0.0,0.9828219117166812,0.0,1,85.39360900116272,32,1.0,0.9828219117166812,1,0,advanced,1794,0.0,0,0,0.0,0,0,0.0,1,easy,easy,Elite Performer,4
s1_t4,1,0,1700100161,dsa-q53,programming-dsa,dsa-trees,easy,990,medium,0.0,binary-trees|bst|tree-traversal|balanced-trees,standard,0,0,none,0.0,practice_test,1794.0,advanced,0,0,0.0,0,0,0.0,0,0,0.0,0.990322202826589,0.0,1,76.42797207334942,32,1.0,0.990322202826589,0,0,advanced,1794,0.0,0,0,0.0,0,0,0.0,0,easy,easy,Elite Performer,2
s1_t4,1,0,1700100162,la-30,linear-algebra,la-matrices,medium,1210,medium,0.0,,standard,0,0,none,0.0,practice_test,1794.0,advanced,0,0,0.0,0,0,0.0,0,0,0.0,0.9664882894516288,0.0,1,73.25396893261677,32,1.0,0.9664882894516288,1,0,advanced,1795,0.0,0,0,0.0,0,0,0.0,1,medium,medium,Elite Performer,4
s1_t4,1,0,1700100163,ml-q11,machine-learning,ml-supervised,easy,890,low,0.0,linear-regression|logistic-regression|decision-trees|svm,standard,0,0,none,0.0,practice_test,1795.0,advanced,0,0,0.0,0,0,0.0,0,0,0.0,0.9945658260964874,0.0,1,68.0269123348521,32,1.0,0.9945658260964874,0,0,advanced,1795,0.0,0,0,0.0,0,0,0.0,0,easy,easy,Elite Performer,2
s1_t4,1,0,1700100164,ai-q5,artificial-intelligence,ai-search,medium,1490,high,0.0,breadth-first-search|depth-first-search|a-star|heuristics,standard,0,0,none,0.0,practice_test,1795.0,advanced,0,0,0.0,0,0,0.0,0,0,0.0,0.8526729520561114,0.0,1,17.541026622303285,32,1.0,0.8526729520561114,5,0,advanced,1800,0.0,0,0,0.0,0,0,0.0,5,medium,medium,Elite Performer,6
s1_t4,1,0,1700100165,dbms-q58,dbms,dbms-normalization,medium,1350,high,0.0,functional-dependencies|closure-of-attributes|canonical-cover|lossless-join-decomposition|dependency-preservation|first-normal-form|second-normal-form|third-normal-form|boyce-codd-normal-form,standard,0,0,none,0.0,practice_test,1800.0,advanced,0,0,0.0,0,0,0.0,0,0,0.0,0.9302417126410938,0.0,1,35.86759931719607,32,1.0,0.9302417126410938,2,0,expert,1802,0.0,0,0,0.0,0,0,0.0,2,medium,medium,Elite Performer,4
s1_t4,1,0,1700100166,ds-q272,probability-statistics,probability,easy,960,medium,0.0,sample-spaces|events|conditional-probability|independence,standard,0,0,none,0.0,practice_test,1802.0,expert,0,0,0.0,0,0,0.0,0,0,0.0,0.9922088227539904,0.0,1,62.19766802969613,32,1.0,0.9922088227539904,0,0,expert,1802,0.0,0,0,0.0,0,0,0.0,0,easy,easy,Elite Performer,2
s1_t4,1,0,1700100167,ga-q13,general-aptitude,ga-quantitative-aptitude,easy,880,low,0.0,arithmetic|algebra|geometry|permutations|combinations,standard,0,0,none,0.0,practice_test,1802.0,expert,0,0,0.0,0,0,0.0,0,0,0.0,0.9950699241620978,0.0,1,86.69865689146383,32,1.0,0.9950699241620978,0,0,expert,1802,0.0,0,0,0.0,0,0,0.0,0,easy,easy,Elite Performer,2
s1_t4,1,0,1700100168,ml-q83,machine-learning,ml-supervised,medium,1260,medium,0.0,linear-regression|logistic-regression|decision-trees|svm|naive-bayes|ensemble-methods,standard,0,0,none,0.0,practice_test,1802.0,expert,0,0,0.0,0,0,0.0,0,0,0.0,0.9577103416023746,0.0,1,43.3228098169941,32,1.0,0.9577103416023746,1,0,expert,1803,0.0,0,0,0.0,0,0,0.0,1,medium,medium,Elite Performer,4
s1_t4,1,0,1700100169,dsa-q21,programming-dsa,dsa-arrays,easy,720,low,0.0,array-operations|indexing|searching|sorting,standard,0,0,none,0.0,practice_test,1803.0,expert,0,0,0.0,0,0,0.0,0,0,0.0,0.9980427372148726,0.0,1,48.53575756264716,32,1.0,0.9980427372148726,0,0,expert,1803,0.0,0,0,0.0,0,0,0.0,0,easy,easy,Elite Performer,2
s1_t4,1,0,1700100170,ps-q21,probability-statistics,ps-distributions,easy,860,low,0.0,probability-distributions|cumulative-distribution|expected-value,standard,0,0,none,0.0,practice_test,1803.0,expert,0,0,0.0,0,0,0.0,0,0,0.0,0.9956288323373768,0.0,1,39.095187996196834,32,1.0,0.9956288323373768,0,0,expert,1803,0.0,0,0,0.0,0,0,0.0,0,easy,easy,Elite Performer,2
s1_t4,1,0,1700100171,ds-q304,machine-learning,machine-learning,medium,1360,high,0.0,supervised|unsupervised|reinforcement|evaluation,standard,0,0,none,0.0,practice_test,1803.0,expert,0,0,0.0,0,0,0.0,0,0,0.0,0.92758110507346,0.0,1,64.16333443636175,32,1.0,0.92758110507346,2,0,expert,1805,0.0,0,0,0.0,0,0,0.0,2,medium,medium,Elite Performer,4
s1_t4,1,0,1700100172,co-q65,calculus-optimization,co-optimization,medium,1060,medium,0.0,critical-points|extrema|optimization|lagrange-multipliers|convexity|gradient-descent,standard,0,0,none,0.0,practice_test,1805.0,expert,0,0,0.0,0,0,0.0,0,0,0.0,0.986461205064998,0.0,1,79.46358498444901,32,1.0,0.986461205064998,0,0,expert,1805,0.0,0,0,0.0,0,0,0.0,0,medium,medium,Elite Performer,4
s1_t4,1,0,1700100173,dsa-q59,programming-dsa,dsa-trees,medium,1390,high,0.0,binary-trees|bst|tree-traversal|balanced-trees,standard,0,0,none,0.0,practice_test,1805.0,expert,0,0,0.0,0,0,0.0,0,0,0.0,0.915979412738272,0.0,1,70.71793304593068,32,1.0,0.915979412738272,3,0,expert,1808,0.0,0,0,0.0,0,0,0.0,3,medium,medium,Elite Performer,4
s1_t4,1,0,1700100174,ga-q30,general-aptitude,ga-logical-reasoning,medium,1130,medium,0.0,syllogisms|logical-deduction|critical-reasoning,standard,0,0,none,0.0,practice_test,1808.0,expert,0,0,0.0,0,0,0.0,0,0,0.0,0.9802156568897962,0.0,1,16.445060501318007,32,1.0,0.9802156568897962,1,0,expert,1809,0.0,0,0,0.0,0,0,0.0,1,medium,medium,Elite Performer,4
s1_t4,1,0,1700100175,ml-q116,machine-learning,ml-unsupervised,hard,2070,high,0.0,clustering|k-means|hierarchical-clustering|dimensionality-reduction|pca,standard,0,0,none,0.0,practice_test,1809.0,expert,0,0,0.0,0,0,0.0,0,0,0.0,0.1820623689418843,0.0,1,66.44824282557053,32,1.0,0.1820623689418843,26,0,expert,1835,0.0,0,0,0.0,0,0,0.0,26,hard,hard,Elite Performer,8
s1_t4,1,0,1700100176,ga-q16,general-aptitude,ga-verbal-reasoning,medium,1010,medium,0.0,reading-comprehension|vocabulary|sentence-correction|para-jumbles,standard,0,0,none,0.0,practice_test,1835.0,expert,0,0,0.0,0,0,0.0,0,0,0.0,0.9914147023808356,0.0,0,47.73017309804179,32,1.0,0.9914147023808356,-32,0,expert,1803,0.0,0,0,0.0,0,0,0.0,-32,medium,medium,Elite Performer,2
s1_t4,1,0,1700100177,ml-q35,machine-learning,ml-supervised,medium,1200,medium,0.0,linear-regression|logistic-regression|decision-trees|svm,standard,0,0,none,0.0,practice_test,1803.0,expert,0,0,0.0,0,0,0.0,0,0,0.0,0.969855570799269,0.0,1,80.87447347159289,32,1.0,0.969855570799269,1,0,expert,1804,0.0,0,0,0.0,0,0,0.0,1,medium,medium,Elite Performer,4
s1_t4,1,0,1700100178,ga-q24,general-aptitude,ga-quantitative-aptitude,easy,800,low,0.0,arithmetic|algebra|geometry|permutations|combinations,standard,0,0,none,0.0,practice_test,1804.0,expert,0,0,0.0,0,0,0.0,0,0,0.0,0.9969192250721745,0.0,1,24.68012263957631,32,1.0,0.9969192250721745,0,0,expert,1804,0.0,0,0,0.0,0,0,0.0,0,easy,easy,Elite Performer,2
s1_t4,1,0,1700100179,ml-q3,machine-learning,ml-supervised,easy,980,medium,0.0,linear-regression|logistic-regression|decision-trees|svm,standard,0,0,none,0.0,practice_test,1804.0,expert,0,0,0.0,0,0,0.0,0,0,0.0,0.9913655668692074,0.0,1,22.344040703508327,32,1.0,0.9913655668692074,0,0,expert,1804,0.0,0,0,0.0,0,0,0.0,0,easy,easy,Elite Performer,2
s1_t4,1,0,1700100180,dsa-q22,programming-dsa,dsa-trees,medium,1120,medium,0.0,binary-trees|bst|tree-traversal|balanced-trees,standard,0,0,none,0.0,practice_test,1804.0,expert,0,0,0.0,0,0,0.0,0,0,0.0,0.9808744720758245,0.0,1,68.76059520805266,32,1.0,0.9808744720758245,1,0,expert,1805,0.0,0,0,0.0,0,0,0.0,1,medium,medium,Elite Performer,4
s1_t4,1,0,1700100181,co-q3,calculus-optimization,co-differentiation,easy,730,low,0.0,derivatives|chain-rule|product-rule|critical-points,standard,0,0,none,0.0,practice_test,1805.0,expert,0,0,0.0,0,0,0.0,0,0,0.0,0.9979506832966804,0.0,1,31.443293504479428,32,1.0,0.9979506832966804,0,0,expert,1805,0.0,0,0,0.0,0,0,0.0,0,easy,easy,Elite Performer,2
s1_t4,1,0,1700100182,co-q73,calculus-optimization,co-optimization,hard,1700,high,0.0,critical-points|extrema|optimization|lagrange-multipliers|convexity|gradient-descent,standard,0,0,none,0.0,practice_test,1805.0,expert,0,0,0.0,0,0,0.0,0,0,0.0,0.6466688423256146,0.0,1,63.28721033466406,32,1.0,0.6466688423256146,11,0,expert,1816,0.0,0,0,0.0,0,0,0.0,11,hard,hard,Elite Performer,6
s1_t4,1,0,1700100183,dbms-q39,dbms,dbms-sql,medium,1170,medium,0.0,select|joins|group-by|aggregation,standard,0,0,none,0.0,practice_test,1816.0,expert,0,0,0.0,0,0,0.0,0,0,0.0,0.976308792287182,0.0,1,47.46249019096206,32,1.0,0.976308792287182,1,0,expert,1817,0.0,0,0,0.0,0,0,0.0,1,medium,medium,Elite Performer,4
s1_t4,1,0,1700100184,ps-q94,probability-statistics,ps-hypothesis,medium,1370,high,0.0,hypothesis-testing|p-value|type-I-error|type-II-error|t-test|significance-level,standard,0,0,none,0.0,practice_test,1817.0,expert,0,0,0.0,0,0,0.0,0,0,0.0,0.9291127058412668,0.0,1,105.52228556237748,32,1.0,0.9291127058412668,2,0,expert,1819,0.0,0,0,0.0,0,0,0.0,2,medium,medium,Elite Performer,4
s3_t18,3,4,1700300770,ps-q33,probability-statistics,ps-distributions,medium,1120,medium,0.0,probability-distributions|cumulative-distribution|expected-value,standard,0,0,none,0.0,practice_test,1785.0,advanced,0,0,0.0,0,0,0.0,0,0,0.0,0.9787110380196032,0.0,1,52.42031792486057,32,1.0,0.9787110380196032,1,0,advanced,1786,0.0,0,0,0.0,0,0,0.0,1,medium,medium,Elite Performer,4
s3_t18,3,4,1700300771,la-q44,linear-algebra,la-matrices,hard,1770,high,0.0,addition|scalar-multiplication|matrix-multiplication|determinants|minors|cofactors|symmetric|orthogonal,standard,0,0,none,0.0,practice_test,1786.0,advanced,0,0,0.0,0,0,0.0,0,0,0.0,0.5230095872975623,0.0,1,34.06500086648294,32,1.0,0.5230095872975623,15,0,expert,1801,0.0,0,0,0.0,0,0,0.0,15,hard,hard,Elite Performer,6
s3_t18,3,4,1700300772,ml-q108,machine-learning,ml-unsupervised,medium,1040,medium,0.0,clustering|k-means|hierarchical-clustering|dimensionality-reduction|pca,standard,0,0,none,0.0,practice_test,1801.0,expert,0,0,0.0,0,0,0.0,0,0,0.0,0.9876377455191498,0.0,1,37.1698601436337,32,1.0,0.9876377455191498,0,0,expert,1801,0.0,0,0,0.0,0,0,0.0,0,medium,medium,Elite Performer,2
s3_t18,3,4,1700300773,ds-q313,artificial-intelligence,statistics,medium,1060,medium,0.0,descriptive-statistics|mean|variance|standard-deviation,standard,0,0,none,0.0,practice_test,1801.0,expert,0,0,0.0,0,0,0.0,0,0,0.0,0.9861502136744882,0.0,1,45.47819206299421,32,1.0,0.9861502136744882,0,0,expert,1801,0.0,0,0,0.0,0,0,0.0,0,medium,medium,Elite Performer,4
s3_t18,3,4,1700300774,dbms-q22,dbms,dbms-sql,medium,1290,medium,0.0,select|joins|group-by|aggregation,standard,0,0,none,0.0,practice_test,1801.0,expert,0,0,0.0,0,0,0.0,0,0,0.0,0.949862711930845,0.0,1,23.095102850598792,32,1.0,0.949862711930845,2,0,expert,1803,0.0,0,0,0.0,0,0,0.0,2,medium,medium,Elite Performer,4
s3_t18,3,4,1700300775,ds-q114,calculus-optimization,calculus,medium,1370,high,0.0,derivatives|integrals|limits|continuity,standard,0,0,none,0.0,practice_test,1803.0,expert,0,0,0.0,0,0,0.0,0,0,0.0,0.923617778708154,0.0,1,91.2260347375224,32,1.0,0.923617778708154,2,0,expert,1805,0.0,0,0,0.0,0,0,0.0,2,medium,medium,Elite Performer,4
s3_t18,3,4,1700300776,ps-q46,probability-statistics,ps-probability,easy,800,low,0.0,basic-probability|bayes-theorem|conditional-probability|independence|random-variables,standard,0,0,none,0.0,practice_test,1805.0,expert,0,0,0.0,0,0,0.0,0,0,0.0,0.9969368543255356,0.0,1,21.627931510145928,32,1.0,0.9969368543255356,0,0,expert,1805,0.0,0,0,0.0,0,0,0.0,0,easy,easy,Elite Performer,2
s3_t18,3,4,1700300777,co-q23,calculus-optimization,co-differentiation,easy,970,medium,0.0,partial-derivatives|chain-rule|product-rule|critical-points|gradients|implicit-differentiation,standard,0,0,none,0.0,practice_test,1805.0,expert,0,0,0.0,0,0,0.0,0,0,0.0,0.9918910620563852,0.0,1,55.89266540177006,32,1.0,0.9918910620563852,0,0,expert,1805,0.0,0,0,0.0,0,0,0.0,0,easy,easy,Elite Performer,2
s3_t18,3,4,1700300778,dbms-q17,dbms,dbms-sql,hard,1660,high,0.0,select|joins|group-by|aggregation,standard,0,0,none,0.0,practice_test,1805.0,expert,0,0,0.0,0,0,0.0,0,0,0.0,0.6973450785898532,0.0,1,44.279438503311646,32,1.0,0.6973450785898532,10,0,expert,1815,0.0,0,0,0.0,0,0,0.0,10,hard,hard,Elite Performer,6
s3_t18,3,4,1700300779,dsa-q81,programming-dsa,dsa-complexity,medium,1310,high,0.0,time-complexity|space-complexity|big-o-notation,standard,0,0,none,0.0,practice_test,1815.0,expert,0,0,0.0,0,0,0.0,0,0,0.0,0.9481920611104496,0.0,1,73.61761830963889,32,1.0,0.9481920611104496,2,0,expert,1817,0.0,0,0,0.0,0,0,0.0,2,medium,medium,Elite Performer,4
s3_t18,3,4,1700300780,ml-q102,machine-learning,ml-unsupervised,medium,1040,medium,0.0,clustering|k-means|hierarchical-clustering|dimensionality-reduction|pca,standard,0,0,none,0.0,practice_test,1817.0,expert,0,0,0.0,0,0,0.0,0,0,0.0,0.988713212775042,0.0,1,85.20033024193512,32,1.0,0.988713212775042,0,0,expert,1817,0.0,0,0,0.0,0,0,0.0,0,medium,medium,Elite Performer,2
s3_t18,3,4,1700300781,ga-q5,general-aptitude,ga-logical-reasoning,easy,700,low,0.0,syllogisms|logical-deduction|critical-reasoning,standard,0,0,none,0.0,practice_test,1817.0,expert,0,0,0.0,0,0,0.0,0,0,0.0,0.9983900949462152,0.0,1,57.98172797904165,32,1.0,0.9983900949462152,0,0,expert,1817,0.0,0,0,0.0,0,0,0.0,0,easy,easy,Elite Performer,2
s3_t18,3,4,1700300782,dsa-q70,programming-dsa,dsa-complexity,hard,2010,high,0.0,time-complexity|space-complexity|big-o-notation,standard,0,0,none,0.0,practice_test,1817.0,expert,0,0,0.0,0,0,0.0,0,0,0.0,0.2476850063943176,0.0,1,54.81092390376645,32,1.0,0.2476850063943176,24,0,expert,1841,0.0,0,0,0.0,0,0,0.0,24,hard,hard,Elite Performer,8
s3_t18,3,4,1700300783,ds-q273,artificial-intelligence,statistics,easy,800,low,0.0,descriptive-statistics|mean|variance|standard-deviation,standard,0,0,none,0.0,practice_test,1841.0,expert,0,0,0.0,0,0,0.0,0,0,0.0,0.997508753420428,0.0,1,38.12520721101707,32,1.0,0.997508753420428,0,0,expert,1841,0.0,0,0,0.0,0,0,0.0,0,easy,easy,Elite Performer,2
s3_t18,3,4,1700300784,ds-q111,machine-learning,machine-learning,medium,1350,high,0.0,supervised|unsupervised|reinforcement|evaluation,standard,0,0,none,0.0,practice_test,1841.0,expert,0,0,0.0,0,0,0.0,0,0,0.0,0.9440870944880482,0.0,1,39.8012594417425,32,1.0,0.9440870944880482,2,0,expert,1843,0.0,0,0,0.0,0,0,0.0,2,medium,medium,Elite Performer,4
s3_t18,3,4,1700300785,ga-q8,general-aptitude,ga-logical-reasoning,medium,1290,medium,0.0,syllogisms|logical-deduction|critical-reasoning,standard,0,0,none,0.0,practice_test,1843.0,expert,0,0,0.0,0,0,0.0,0,0,0.0,0.9602018804600128,0.0,1,81.69942312145871,32,1.0,0.9602018804600128,1,0,expert,1844,0.0,0,0,0.0,0,0,0.0,1,medium,medium,Elite Performer,4
s3_t18,3,4,1700300786,ga-q4,general-aptitude,ga-quantitative-aptitude,easy,870,low,0.0,arithmetic|algebra|geometry|permutations|combinations,standard,0,0,none,0.0,practice_test,1844.0,expert,0,0,0.0,0,0,0.0,0,0,0.0,0.99634061726013,0.0,1,53.522419951695134,32,1.0,0.99634061726013,0,0,expert,1844,0.0,0,0,0.0,0,0,0.0,0,easy,easy,Elite Performer,2
s3_t18,3,4,1700300787,dbms-q61,dbms,dbms-normalization,medium,1400,high,0.0,functional-dependencies|closure-of-attributes|canonical-cover|lossless-join-decomposition|dependency-preservation|first-normal-form|second-normal-form|third-normal-form|boyce-codd-normal-form,standard,0,0,none,0.0,practice_test,1844.0,expert,0,0,0.0,0,0,0.0,0,0,0.0,0.9279668414961574,0.0,1,78.56332331669925,32,1.0,0.9279668414961574,2,0,expert,1846,0.0,0,0,0.0,0,0,0.0,2,medium,medium,Elite Performer,4
s3_t18,3,4,1700300788,ai-q50,artificial-intelligence,ai-logic,easy,810,low,0.0,propositional-logic|syntax-semantics|truth-tables|validity-satisfiability|inference-rules|soundness-completeness|predicate-logic|first-order-logic|quantifiers|unification|resolution,standard,0,0,none,0.0,practice_test,1846.0,expert,0,0,0.0,0,0,0.0,0,0,0.0,0.9974361942128144,0.0,1,66.42125931717955,32,1.0,0.9974361942128144,0,0,expert,1846,0.0,0,0,0.0,0,0,0.0,0,easy,easy,Elite Performer,2
s3_t18,3,4,1700300789,ga-q30,general-aptitude,ga-logical-reasoning,medium,1130,medium,0.0,syllogisms|logical-deduction|critical-reasoning,standard,0,0,none,0.0,practice_test,1846.0,expert,0,0,0.0,0,0,0.0,0,0,0.0,0.9840407281093976,0.0,1,51.76461392411411,32,1.0,0.9840407281093976,1,0,expert,1847,0.0,0,0,0.0,0,0,0.0,1,medium,medium,Elite Performer,4
s3_t18,3,4,1700300790,dsa-q76,programming-dsa,dsa-complexity,medium,1270,medium,0.0,time-complexity|space-complexity|big-o-notation,standard,0,0,none,0.0,practice_test,1847.0,expert,0,0,0.0,0,0,0.0,0,0,0.0,0.965158360953298,0.0,1,58.40027616289302,32,1.0,0.965158360953298,1,0,expert,1848,0.0,0,0,0.0,0,0,0.0,1,medium,medium,Elite Performer,4
s3_t18,3,4,1700300791,ds-q425,probability-statistics,probability-theory,medium,1050,medium,0.0,bayes-theorem|permutations|combinations|probability-rules,standard,0,0,none,0.0,practice_test,1848.0,expert,0,0,0.0,0,0,0.0,0,0,0.0,0.9899855099808834,0.0,1,58.72960204236608,32,1.0,0.9899855099808834,0,0,expert,1848,0.0,0,0,0.0,0,0,0.0,0,medium,medium,Elite Performer,2
s3_t18,3,4,1700300792,ds-q424,probability-statistics,probability,medium,1440,high,0.0,sample-spaces|events|conditional-probability|independence,standard,0,0,none,0.0,practice_test,1848.0,expert,0,0,0.0,0,0,0.0,0,0,0.0,0.9128258117454132,0.0,1,56.62455986324439,32,1.0,0.9128258117454132,3,0,expert,1851,0.0,0,0,0.0,0,0,0.0,3,medium,medium,Elite Performer,6
s3_t18,3,4,1700300793,ga-q6,general-aptitude,ga-logical-reasoning,medium,1340,high,0.0,syllogisms|logical-deduction|critical-reasoning,standard,0,0,none,0.0,practice_test,1851.0,expert,0,0,0.0,0,0,0.0,0,0,0.0,0.949862711930845,0.0,1,74.9519597055791,32,1.0,0.949862711930845,2,0,expert,1853,0.0,0,0,0.0,0,0,0.0,2,medium,medium,Elite Performer,4
s3_t18,3,4,1700300794,la-17,linear-algebra,la-matrices,medium,1210,medium,0.0,,standard,0,0,none,0.0,practice_test,1853.0,expert,0,0,0.0,0,0,0.0,0,0,0.0,0.975906049696468,0.0,1,59.75112110012901,32,1.0,0.975906049696468,1,0,expert,1854,0.0,0,0,0.0,0,0,0.0,1,medium,medium,Elite Performer,4
s3_t18,3,4,1700300795,ga-q29,general-aptitude,ga-logical-reasoning,easy,800,low,0.0,syllogisms|logical-deduction|critical-reasoning,standard,0,0,none,0.0,practice_test,1854.0,expert,0,0,0.0,0,0,0.0,0,0,0.0,0.9976879632516228,0.0,1,64.94418728833438,32,1.0,0.9976879632516228,0,0,expert,1854,0.0,0,0,0.0,0,0,0.0,0,easy,easy,Elite Performer,2
s3_t18,3,4,1700300796,ps-q37,probability-statistics,ps-hypothesis,easy,830,low,0.0,hypothesis-testing|p-value|type-I-error|type-II-error|t-test|significance-level,standard,0,0,none,0.0,practice_test,1854.0,expert,0,0,0.0,0,0,0.0,0,0,0.0,0.9972533362368368,0.0,1,32.91019403503242,32,1.0,0.9972533362368368,0,0,expert,1854,0.0,0,0,0.0,0,0,0.0,0,easy,easy,Elite Performer,2
s3_t18,3,4,1700300797,ds-q211,machine-learning,machine-learning,easy,960,medium,0.0,supervised|unsupervised|reinforcement|evaluation,standard,0,0,none,0.0,practice_test,1854.0,expert,0,0,0.0,0,0,0.0,0,0,0.0,0.9942126561371404,0.0,1,68.45212265242284,32,1.0,0.9942126561371404,0,0,expert,1854,0.0,0,0,0.0,0,0,0.0,0,easy,easy,Elite Performer,2
s3_t18,3,4,1700300798,dsa-q37,programming-dsa,dsa-arrays,hard,1620,high,0.0,array-operations|indexing|searching|sorting,standard,0,0,none,0.0,practice_test,1854.0,expert,0,0,0.0,0,0,0.0,0,0,0.0,0.7936407431881689,0.0,1,34.07422782167535,32,1.0,0.7936407431881689,7,0,expert,1861,0.0,0,0,0.0,0,0,0.0,7,hard,hard,Elite Performer,6
s3_t18,3,4,1700300799,ps-q96,probability-statistics,ps-hypothesis,medium,1470,high,0.0,hypothesis-testing|p-value|type-I-error|type-II-error|t-test|significance-level,standard,0,0,none,0.0,practice_test,1861.0,expert,0,0,0.0,0,0,0.0,0,0,0.0,0.9047175302821824,0.0,1,44.7894172456107,32,1.0,0.9047175302821824,3,0,expert,1864,0.0,0,0,0.0,0,0,0.0,3,medium,medium,Elite Performer,6
s3_t18,3,4,1700300800,dsa-q46,programming-dsa,dsa-trees,medium,1350,high,0.0,binary-trees|bst|tree-traversal|balanced-trees,standard,0,0,none,0.0,practice_test,1864.0,expert,0,0,0.0,0,0,0.0,0,0,0.0,0.9506787811338804,0.0,1,17.79948286088202,32,1.0,0.9506787811338804,2,0,expert,1866,0.0,0,0,0.0,0,0,0.0,2,medium,medium,Elite Performer,4
s3_t18,3,4,1700300801,la-44,linear-algebra,la-eigenvalues,hard,1510,high,0.0,,standard,0,0,none,0.0,practice_test,1866.0,expert,0,0,0.0,0,0,0.0,0,0,0.0,0.8858769425858495,0.0,1,30.681797020586323,32,1.0,0.8858769425858495,4,0,expert,1870,0.0,0,0,0.0,0,0,0.0,4,hard,hard,Elite Performer,6
s3_t18,3,4,1700300802,dsa-q29,programming-dsa,dsa-arrays,medium,1370,high,0.0,array-operations|indexing|searching|sorting,standard,0,0,none,0.0,practice_test,1870.0,expert,0,0,0.0,0,0,0.0,0,0,0.0,0.9467597847979776,0.0,1,84.59118784728177,32,1.0,0.9467597847979776,2,0,expert,1872,0.0,0,0,0.0,0,0,0.0,2,medium,medium,Elite Performer,4
s3_t18,3,4,1700300803,ml-q67,machine-learning,ml-unsupervised,medium,1140,medium,0.0,clustering|dimensionality-reduction|pca,standard,0,0,none,0.0,practice_test,1872.0,expert,0,0,0.0,0,0,0.0,0,0,0.0,0.9854245035095256,0.0,1,92.3565775069544,32,1.0,0.9854245035095256,0,0,expert,1872,0.0,0,0,0.0,0,0,0.0,0,medium,medium,Elite Performer,4
s3_t18,3,4,1700300804,dsa-q15,programming-dsa,dsa-arrays,easy,840,low,0.0,array-operations|indexing|searching|sorting,standard,0,0,none,0.0,practice_test,1872.0,expert,0,0,0.0,0,0,0.0,0,0,0.0,0.9973766321685426,0.0,1,53.016635492463614,32,1.0,0.9973766321685426,0,0,expert,1872,0.0,0,0,0.0,0,0,0.0,0,easy,easy,Elite Performer,2
s3_t18,3,4,1700300805,ga-q27,general-aptitude,ga-quantitative-aptitude,easy,730,low,0.0,arithmetic|algebra|geometry|permutations|combinations,standard,0,0,none,0.0,practice_test,1872.0,expert,0,0,0.0,0,0,0.0,0,0,0.0,0.9986055787646392,0.0,1,62.59676768822924,32,1.0,0.9986055787646392,0,0,expert,1872,0.0,0,0,0.0,0,0,0.0,0,easy,easy,Elite Performer,2
s3_t18,3,4,1700300806,co-q60,calculus-optimization,co-optimization,medium,1370,high,0.0,critical-points|extrema|optimization|lagrange-multipliers|convexity|gradient-descent,standard,0,0,none,0.0,practice_test,1872.0,expert,0,0,0.0,0,0,0.0,0,0,0.0,0.9473371258660742,0.0,1,106.12008937209905,32,1.0,0.9473371258660742,2,0,expert,1874,0.0,0,0,0.0,0,0,0.0,2,medium,medium,Elite Performer,4
s3_t18,3,4,1700300807,la-q59,linear-algebra,la-eigenvalues,hard,1840,high,0.0,eigenvalues|eigenvectors|diagonalization|spectral-theorem,standard,0,0,none,0.0,practice_test,1874.0,expert,0,0,0.0,0,0,0.0,0,0,0.0,0.5487743358597419,0.0,1,22.67651924598885,32,1.0,0.5487743358597419,14,0,expert,1888,0.0,0,0,0.0,0,0,0.0,14,hard,hard,Elite Performer,8
s3_t18,3,4,1700300808,dsa-q38,programming-dsa,dsa-arrays,easy,710,low,0.0,array-operations|indexing|searching|sorting,standard,0,0,none,0.0,practice_test,1888.0,expert,0,0,0.0,0,0,0.0,0,0,0.0,0.99886627597336,0.0,1,27.633973123030444,32,1.0,0.99886627597336,0,0,expert,1888,0.0,0,0,0.0,0,0,0.0,0,easy,easy,Elite Performer,2
s3_t18,3,4,1700300809,la-39,linear-algebra,la-eigenvalues,medium,1410,high,0.0,,standard,0,0,none,0.0,practice_test,1888.0,expert,0,0,0.0,0,0,0.0,0,0,0.0,0.940003038370024,0.0,1,63.05243479849807,32,1.0,0.940003038370024,2,0,expert,1890,0.0,0,0,0.0,0,0,0.0,2,medium,medium,Elite Performer,4
s3_t19,3,4,1700300810,ga-q13,general-aptitude,ga-quantitative-aptitude,easy,880,low,0.0,arithmetic|algebra|geometry|permutations|combinations,standard,0,0,none,0.0,practice_test,1890.0,expert,0,0,0.0,0,0,0.0,0,0,0.0,0.9970235033624092,0.0,1,46.4158051628659,32,1.0,0.9970235033624092,0,0,expert,1890,0.0,0,0,0.0,0,0,0.0,0,easy,easy,Elite Performer,2
s3_t19,3,4,1700300811,ds-q33,dbms,dbms,medium,1060,medium,0.0,database-fundamentals|acid-properties|transactions,standard,0,0,none,0.0,practice_test,1890.0,expert,0,0,0.0,0,0,0.0,0,0,0.0,0.9916562524698976,0.0,1,96.61575727889554,32,1.0,0.9916562524698976,0,0,expert,1890,0.0,0,0,0.0,0,0,0.0,0,medium,medium,Elite Performer,4
s3_t19,3,4,1700300812,dsa-q70,programming-dsa,dsa-complexity,hard,2010,high,0.0,time-complexity|space-complexity|big-o-notation,standard,0,0,none,0.0,practice_test,1890.0,expert,0,0,0.0,0,0,0.0,0,0,0.0,0.3338605754168779,0.0,1,16.503187894333088,32,1.0,0.3338605754168779,21,0,expert,1911,0.0,0,0,0.0,0,0,0.0,21,hard,hard,Elite Performer,8
s3_t19,3,4,1700300813,ds-q226,artificial-intelligence,data-structures,easy,820,low,0.0,arrays|linked-lists|stacks|queues|trees,standard,0,0,none,0.0,practice_test,1911.0,expert,0,0,0.0,0,0,0.0,0,0,0.0,0.9981306638789906,0.0,1,31.849641548629968,32,1.0,0.9981306638789906,0,0,expert,1911,0.0,0,0,0.0,0,0,0.0,0,easy,easy,Elite Performer,2
s3_t19,3,4,1700300814,ds-q5,artificial-intelligence,quantitative-aptitude,easy,920,medium,0.0,numbers|algebra|geometry|probability,standard,0,0,none,0.0,practice_test,1911.0,expert,0,0,0.0,0,0,0.0,0,0,0.0,0.9966806273074192,0.0,1,95.3383017011226,32,1.0,0.9966806273074192,0,0,expert,1911,0.0,0,0,0.0,0,0,0.0,0,easy,easy,Elite Performer,2
s3_t19,3,4,1700300815,co-q48,calculus-optimization,co-integration,easy,860,low,0.0,definite-integrals|indefinite-integrals|integration-by-parts|u-substitution|fundamental-theorem,standard,0,0,none,0.0,practice_test,1911.0,expert,0,0,0.0,0,0,0.0,0,0,0.0,0.9976477837705414,0.0,1,20.03672228639973,32,1.0,0.9976477837705414,0,0,expert,1911,0.0,0,0,0.0,0,0,0.0,0,easy,easy,Elite Performer,2
s3_t19,3,4,1700300816,ds-q441,machine-learning,machine-learning,easy,890,low,0.0,supervised|unsupervised|reinforcement|evaluation,standard,0,0,none,0.0,practice_test,1911.0,expert,0,0,0.0,0,0,0.0,0,0,0.0,0.9972056247922494,0.0,1,74.69334663314682,32,1.0,0.9972056247922494,0,0,expert,1911,0.0,0,0,0.0,0,0,0.0,0,easy,easy,Elite Performer,2
s3_t19,3,4,1700300817,dsa-q57,programming-dsa,dsa-trees,hard,2480,high,0.0,binary-trees|bst|tree-traversal|balanced-trees,standard,0,0,none,0.0,practice_test,1911.0,expert,0,0,0.0,0,0,0.0,0,0,0.0,0.0364238656131903,0.0,1,20.36077045641377,32,1.0,0.0364238656131903,31,0,expert,1942,0.0,0,0,0.0,0,0,0.0,31,hard,hard,Elite Performer,10
s3_t19,3,4,1700300818,dsa-q50,programming-dsa,dsa-trees,medium,1180,medium,0.0,binary-trees|bst|tree-traversal|balanced-trees,standard,0,0,none,0.0,practice_test,1942.0,expert,0,0,0.0,0,0,0.0,0,0,0.0,0.9877078317127248,0.0,1,93.11571019280872,32,1.0,0.9877078317127248,0,0,expert,1942,0.0,0,0,0.0,0,0,0.0,0,medium,medium,Elite Performer,4
s3_t19,3,4,1700300819,la-q55,linear-algebra,la-eigenvalues,hard,2020,high,0.0,eigenvalues|eigenvectors|diagonalization|spectral-theorem,standard,0,0,none,0.0,practice_test,1942.0,expert,0,0,0.0,0,0,0.0,0,0,0.0,0.389597577905311,0.0,1,107.37229638414436,32,1.0,0.389597577905311,20,0,expert,1962,0.0,0,0,0.0,0,0,0.0,20,hard,hard,Elite Performer,8
s3_t19,3,4,1700300820,co-q26,calculus-optimization,co-differentiation,easy,780,low,0.0,partial-derivatives|chain-rule|product-rule|critical-points|gradients|implicit-differentiation,standard,0,0,none,0.0,practice_test,1962.0,expert,0,0,0.0,0,0,0.0,0,0,0.0,0.9988920540904372,0.0,1,97.03198412658928,32,1.0,0.9988920540904372,0,0,expert,1962,0.0,0,0,0.0,0,0,0.0,0,easy,easy,Elite Performer,2
s3_t19,3,4,1700300821,ds-q261,artificial-intelligence,verbal-reasoning,easy,790,low,0.0,comprehension|sentence-correction|para-jumbles,standard,0,0,none,0.0,practice_test,1962.0,expert,0,0,0.0,0,0,0.0,0,0,0.0,0.9988264812094182,0.0,1,53.97754599923803,32,1.0,0.9988264812094182,0,0,expert,1962,0.0,0,0,0.0,0,0,0.0,0,easy,easy,Elite Performer,2
s3_t19,3,4,1700300822,dsa-q59,programming-dsa,dsa-trees,medium,1390,high,0.0,binary-trees|bst|tree-traversal|balanced-trees,standard,0,0,none,0.0,practice_test,1962.0,expert,0,0,0.0,0,0,0.0,0,0,0.0,0.9641774124186708,0.0,1,34.71820274883064,32,1.0,0.9641774124186708,1,0,expert,1963,0.0,0,0,0.0,0,0,0.0,1,medium,medium,Elite Performer,4
s3_t19,3,4,1700300823,dbms-q59,dbms,dbms-normalization,medium,1350,high,0.0,functional-dependencies|closure-of-attributes|canonical-cover|lossless-join-decomposition|dependency-preservation|first-normal-form|second-normal-form|third-normal-form|boyce-codd-normal-form,standard,0,0,none,0.0,practice_test,1963.0,expert,0,0,0.0,0,0,0.0,0,0,0.0,0.9714937550137936,0.0,1,53.38553034579952,32,1.0,0.9714937550137936,1,0,expert,1964,0.0,0,0,0.0,0,0,0.0,1,medium,medium,Elite Performer,4
s3_t19,3,4,1700300824,dsa-q45,programming-dsa,dsa-trees,easy,730,low,0.0,binary-trees|bst|tree-traversal|balanced-trees,standard,0,0,none,0.0,practice_test,1964.0,expert,0,0,0.0,0,0,0.0,0,0,0.0,0.9991784328775808,0.0,1,35.15658640309309,32,1.0,0.9991784328775808,0,0,expert,1964,0.0,0,0,0.0,0,0,0.0,0,easy,easy,Elite Performer,2
s3_t19,3,4,1700300825,ga-q5,general-aptitude,ga-logical-reasoning,easy,700,low,0.0,syllogisms|logical-deduction|critical-reasoning,standard,0,0,none,0.0,practice_test,1964.0,expert,0,0,0.0,0,0,0.0,0,0,0.0,0.9993086473282712,0.0,1,106.70384640288655,32,1.0,0.9993086473282712,0,0,expert,1964,0.0,0,0,0.0,0,0,0.0,0,easy,easy,Elite Performer,2
s3_t19,3,4,1700300826,ga-q20,general-aptitude,ga-quantitative-aptitude,medium,1170,medium,0.0,arithmetic|algebra|geometry|permutations|combinations,standard,0,0,none,0.0,practice_test,1964.0,expert,0,0,0.0,0,0,0.0,0,0,0.0,0.9897546324528188,0.0,1,12.424734778637491,32,1.0,0.9897546324528188,0,0,expert,1964,0.0,0,0,0.0,0,0,0.0,0,medium,medium,Elite Performer,4
s3_t19,3,4,1700300827,ps-q76,probability-statistics,ps-distributions,medium,1440,high,0.0,normal-distribution|binomial-distribution|poisson-distribution|cumulative-distribution|expected-value|variance,standard,0,0,none,0.0,practice_test,1964.0,expert,0,0,0.0,0,0,0.0,0,0,0.0,0.9533089469470878,0.0,1,52.04716284886205,32,1.0,0.9533089469470878,1,0,expert,1965,0.0,0,0,0.0,0,0,0.0,1,medium,medium,Elite Performer,6
s3_t19,3,4,1700300828,dsa-q52,programming-dsa,dsa-trees,medium,1080,medium,0.0,binary-trees|bst|tree-traversal|balanced-trees,standard,0,0,none,0.0,practice_test,1965.0,expert,0,0,0.0,0,0,0.0,0,0,0.0,0.9939067968135636,0.0,1,100.0013192227842,32,1.0,0.9939067968135636,0,0,expert,1965,0.0,0,0,0.0,0,0,0.0,0,medium,medium,Elite Performer,4
s3_t19,3,4,1700300829,ps-q6,probability-statistics,ps-distributions,easy,980,medium,0.0,probability-distributions|cumulative-distribution|expected-value,standard,0,0,none,0.0,practice_test,1965.0,expert,0,0,0.0,0,0,0.0,0,0,0.0,0.9965643781241004,0.0,1,102.39677926505831,32,1.0,0.9965643781241004,0,0,expert,1965,0.0,0,0,0.0,0,0,0.0,0,easy,easy,Elite Performer,2
s3_t19,3,4,1700300830,ds-q206,probability-statistics,probability,easy,900,low,0.0,sample-spaces|events|conditional-probability|independence,standard,0,0,none,0.0,practice_test,1965.0,expert,0,0,0.0,0,0,0.0,0,0,0.0,0.9978295172089034,0.0,1,70.81370874500143,32,1.0,0.9978295172089034,0,0,expert,1965,0.0,0,0,0.0,0,0,0.0,0,easy,easy,Elite Performer,2
s3_t19,3,4,1700300831,ga-q7,general-aptitude,ga-quantitative-aptitude,easy,820,low,0.0,arithmetic|algebra|geometry|permutations|combinations,standard,0,0,none,0.0,practice_test,1965.0,expert,0,0,0.0,0,0,0.0,0,0,0.0,0.9986294201063904,0.0,1,73.08425936450058,32,1.0,0.9986294201063904,0,0,expert,1965,0.0,0,0,0.0,0,0,0.0,0,easy,easy,Elite Performer,2
s3_t19,3,4,1700300832,ml-q79,machine-learning,ml-evaluation,easy,880,low,0.0,accuracy|precision|recall|f1-score|cross-validation,standard,0,0,none,0.0,practice_test,1965.0,expert,0,0,0.0,0,0,0.0,0,0,0.0,0.998065098466007,0.0,1,74.04749136948847,32,1.0,0.998065098466007,0,0,expert,1965,0.0,0,0,0.0,0,0,0.0,0,easy,easy,Elite Performer,2
s3_t19,3,4,1700300833,ga-q24,general-aptitude,ga-quantitative-aptitude,easy,800,low,0.0,arithmetic|algebra|geometry|permutations|combinations,standard,0,0,none,0.0,practice_test,1965.0,expert,0,0,0.0,0,0,0.0,0,0,0.0,0.998778287288636,0.0,1,99.46390704746584,32,1.0,0.998778287288636,0,0,expert,1965,0.0,0,0,0.0,0,0,0.0,0,easy,easy,Elite Performer,2
s3_t19,3,4,1700300834,la-q61,linear-algebra,la-eigenvalues,hard,1940,high,0.0,eigenvalues|eigenvectors|diagonalization|spectral-theorem,standard,0,0,none,0.0,practice_test,1965.0,expert,0,0,0.0,0,0,0.0,0,0,0.0,0.5359159269451023,0.0,1,73.78720234371967,32,1.0,0.5359159269451023,15,0,expert,1980,0.0,0,0,0.0,0,0,0.0,15,hard,hard,Elite Performer,8
s3_t19,3,4,1700300835,ds-q160,machine-learning,machine-learning,medium,1100,medium,0.0,supervised|unsupervised|reinforcement|evaluation,standard,0,0,none,0.0,practice_test,1980.0,expert,0,0,0.0,0,0,0.0,0,0,0.0,0.993729987658566,0.0,1,5.0,32,1.0,0.993729987658566,0,0,expert,1980,0.0,0,0,0.0,0,0,0.0,0,medium,medium,Elite Performer,4
s3_t19,3,4,1700300836,dsa-q25,programming-dsa,dsa-arrays,easy,840,low,0.0,array-operations|indexing|searching|sorting,standard,0,0,none,0.0,practice_test,1980.0,expert,0,0,0.0,0,0,0.0,0,0,0.0,0.9985894549032848,0.0,1,64.19135823564557,32,1.0,0.9985894549032848,0,0,expert,1980,0.0,0,0,0.0,0,0,0.0,0,easy,easy,Elite Performer,2
s3_t19,3,4,1700300837,ds-q39,probability-statistics,probability,easy,740,low,0.0,sample-spaces|events|conditional-probability|independence,standard,0,0,none,0.0,practice_test,1980.0,expert,0,0,0.0,0,0,0.0,0,0,0.0,0.9992063022218308,0.0,0,46.21014822094985,32,1.0,0.9992063022218308,-32,0,expert,1948,0.0,0,0,0.0,0,0,0.0,-32,easy,easy,Elite Performer,2
s3_t19,3,4,1700300838,dsa-q54,programming-dsa,dsa-trees,easy,920,medium,0.0,binary-trees|bst|tree-traversal|balanced-trees,standard,0,0,none,0.0,practice_test,1948.0,expert,0,0,0.0,0,0,0.0,0,0,0.0,0.9973156901095676,0.0,1,71.93840135201569,32,1.0,0.9973156901095676,0,0,expert,1948,0.0,0,0,0.0,0,0,0.0,0,easy,easy,Elite Performer,2
s3_t19,3,4,1700300839,dsa-q42,programming-dsa,dsa-arrays,medium,1370,high,0.0,array-operations|indexing|searching|sorting,standard,0,0,none,0.0,practice_test,1948.0,expert,0,0,0.0,0,0,0.0,0,0,0.0,0.9653514200696306,0.0,1,59.99993513122927,32,1.0,0.9653514200696306,1,0,expert,1949,0.0,0,0,0.0,0,0,0.0,1,medium,medium,Elite Performer,4
s3_t19,3,4,1700300840,dsa-q26,programming-dsa,dsa-arrays,easy,740,low,0.0,array-operations|indexing|searching|sorting,standard,0,0,none,0.0,practice_test,1949.0,expert,0,0,0.0,0,0,0.0,0,0,0.0,0.9990513897166958,0.0,1,67.78489202708755,32,1.0,0.9990513897166958,0,0,expert,1949,0.0,0,0,0.0,0,0,0.0,0,easy,easy,Elite Performer,2
s3_t19,3,4,1700300841,co-q75,calculus-optimization,co-optimization,hard,1750,high,0.0,critical-points|extrema|optimization|lagrange-multipliers|convexity|gradient-descent,standard,0,0,none,0.0,practice_test,1949.0,expert,0,0,0.0,0,0,0.0,0,0,0.0,0.7586946201468556,0.0,1,39.287607663216434,32,1.0,0.7586946201468556,8,0,expert,1957,0.0,0,0,0.0,0,0,0.0,8,hard,hard,Elite Performer,6
s3_t19,3,4,1700300842,la-q48,linear-algebra,la-matrices,medium,1340,high,0.0,addition|scalar-multiplication|matrix-multiplication|determinants|minors|cofactors|symmetric|orthogonal,standard,0,0,none,0.0,practice_test,1957.0,expert,0,0,0.0,0,0,0.0,0,0,0.0,0.9721245485090316,0.0,1,66.06921291135272,32,1.0,0.9721245485090316,1,0,expert,1958,0.0,0,0,0.0,0,0,0.0,1,medium,medium,Elite Performer,4
s3_t19,3,4,1700300843,la-q53,linear-algebra,la-eigenvalues,medium,1270,medium,0.0,eigenvalues|eigenvectors|diagonalization|spectral-theorem,standard,0,0,none,0.0,practice_test,1958.0,expert,0,0,0.0,0,0,0.0,0,0,0.0,0.981301681926184,0.0,1,95.22668858842827,32,1.0,0.981301681926184,1,0,expert,1959,0.0,0,0,0.0,0,0,0.0,1,medium,medium,Elite Performer,4
s3_t19,3,4,1700300844,co-q19,calculus-optimization,co-optimization,medium,1410,high,0.0,critical-points|extrema|optimization|lagrange-multipliers|convexity|gradient-descent,standard,0,0,none,0.0,practice_test,1959.0,expert,0,0,0.0,0,0,0.0,0,0,0.0,0.9593125811096264,0.0,1,95.6605777855302,32,1.0,0.9593125811096264,1,0,expert,1960,0.0,0,0,0.0,0,0,0.0,1,medium,medium,Elite Performer,4
s3_t19,3,4,1700300845,ps-q73,probability-statistics,ps-distributions,medium,1200,medium,0.0,normal-distribution|binomial-distribution|poisson-distribution|cumulative-distribution|expected-value|variance,standard,0,0,none,0.0,practice_test,1960.0,expert,0,0,0.0,0,0,0.0,0,0,0.0,0.9875672647455576,0.0,1,37.029700170605366,32,1.0,0.9875672647455576,0,0,expert,1960,0.0,0,0,0.0,0,0,0.0,0,medium,medium,Elite Performer,4
s3_t19,3,4,1700300846,ga-q16,general-aptitude,ga-verbal-reasoning,medium,1010,medium,0.0,reading-comprehension|vocabulary|sentence-correction|para-jumbles,standard,0,0,none,0.0,practice_test,1960.0,expert,0,0,0.0,0,0,0.0,0,0,0.0,0.9958007430852936,0.0,1,81.69355061639953,32,1.0,0.9958007430852936,0,0,expert,1960,0.0,0,0,0.0,0,0,0.0,0,medium,medium,Elite Performer,2
s3_t19,3,4,1700300847,ps-q70,probability-statistics,ps-distributions,easy,750,low,0.0,normal-distribution|binomial-distribution|poisson-distribution|cumulative-distribution|expected-value|variance,standard,0,0,none,0.0,practice_test,1960.0,expert,0,0,0.0,0,0,0.0,0,0,0.0,0.9990568295340508,0.0,1,22.81448763104384,32,1.0,0.9990568295340508,0,0,expert,1960,0.0,0,0,0.0,0,0,0.0,0,easy,easy,Elite Performer,2
s3_t19,3,4,1700300848,ga-q2,general-aptitude,ga-quantitative-aptitude,easy,860,low,0.0,arithmetic|algebra|geometry|permutations|combinations,standard,0,0,none,0.0,practice_test,1960.0,expert,0,0,0.0,0,0,0.0,0,0,0.0,0.9982248772541902,0.0,1,26.23438577979519,32,1.0,0.9982248772541902,0,0,expert,1960,0.0,0,0,0.0,0,0,0.0,0,easy,easy,Elite Performer,2
s3_t19,3,4,1700300849,ds-q391,probability-statistics,probability,medium,1270,medium,0.0,sample-spaces|events|conditional-probability|independence,standard,0,0,none,0.0,practice_test,1960.0,expert,0,0,0.0,0,0,0.0,0,0,0.0,0.98151176262017,0.0,1,5.651655661479891,32,1.0,0.98151176262017,1,0,expert,1961,0.0,0,0,0.0,0,0,0.0,1,medium,medium,Elite Performer,4
s3_t19,3,4,1700300850,ds-q43,artificial-intelligence,algorithms,medium,1490,high,0.0,sorting|searching|dynamic-programming|greedy,standard,0,0,none,0.0,practice_test,1961.0,expert,0,0,0.0,0,0,0.0,0,0,0.0,0.937689793726165,0.0,1,51.6350645554503,32,1.0,0.937689793726165,2,0,expert,1963,0.0,0,0,0.0,0,0,0.0,2,medium,medium,Elite Performer,6
s3_t19,3,4,1700300851,ml-q121,machine-learning,ml-evaluation,medium,1490,high,0.0,accuracy|precision|recall|f1-score|cross-validation,standard,0,0,none,0.0,practice_test,1963.0,expert,0,0,0.0,0,0,0.0,0,0,0.0,0.9383590868211532,0.0,1,86.93095072607393,32,1.0,0.9383590868211532,2,0,expert,1965,0.0,0,0,0.0,0,0,0.0,2,medium,medium,Elite Performer,6
s3_t19,3,4,1700300852,ga-q22,general-aptitude,ga-quantitative-aptitude,easy,930,medium,0.0,arithmetic|algebra|geometry|permutations|combinations,standard,0,0,none,0.0,practice_test,1965.0,expert,0,0,0.0,0,0,0.0,0,0,0.0,0.9974214313659068,0.0,1,38.30444518929633,32,1.0,0.9974214313659068,0,0,expert,1965,0.0,0,0,0.0,0,0,0.0,0,easy,easy,Elite Performer,2
s3_t19,3,4,1700300853,ds-q434,dbms,dbms,medium,1290,medium,0.0,database-fundamentals|acid-properties|transactions,standard,0,0,none,0.0,practice_test,1965.0,expert,0,0,0.0,0,0,0.0,0,0,0.0,0.9798779608453038,0.0,1,84.71773881849273,32,1.0,0.9798779608453038,1,0,expert,1966,0.0,0,0,0.0,0,0,0.0,1,medium,medium,Elite Performer,4
s3_t19,3,4,1700300854,ds-q83,machine-learning,machine-learning,easy,910,medium,0.0,supervised|unsupervised|reinforcement|evaluation,standard,0,0,none,0.0,practice_test,1966.0,expert,0,0,0.0,0,0,0.0,0,0,0.0,0.9977143684266696,0.0,1,38.82900349066033,32,1.0,0.9977143684266696,0,0,expert,1966,0.0,0,0,0.0,0,0,0.0,0,easy,easy,Elite Performer,2
s3_t19,3,4,1700300855,ml-q90,machine-learning,ml-supervised,medium,1240,medium,0.0,linear-regression|logistic-regression|decision-trees|svm|naive-bayes|ensemble-methods,standard,0,0,none,0.0,practice_test,1966.0,expert,0,0,0.0,0,0,0.0,0,0,0.0,0.9849200131707456,0.0,1,19.22972426246264,32,1.0,0.9849200131707456,0,0,expert,1966,0.0,0,0,0.0,0,0,0.0,0,medium,medium,Elite Performer,4
s3_t19,3,4,1700300856,ga-q28,general-aptitude,ga-logical-reasoning,medium,1010,medium,0.0,syllogisms|logical-deduction|critical-reasoning,standard,0,0,none,0.0,practice_test,1966.0,expert,0,0,0.0,0,0,0.0,0,0,0.0,0.9959427257570412,0.0,1,24.445551313809943,32,1.0,0.9959427257570412,0,0,expert,1966,0.0,0,0,0.0,0,0,0.0,0,medium,medium,Elite Performer,2
s3_t19,3,4,1700300857,la-25,linear-algebra,la-matrices,medium,1210,medium,0.0,,standard,0,0,none,0.0,practice_test,1966.0,expert,0,0,0.0,0,0,0.0,0,0,0.0,0.9872813524037092,0.0,1,61.351360344221206,32,1.0,0.9872813524037092,0,0,expert,1966,0.0,0,0,0.0,0,0,0.0,0,medium,medium,Elite Performer,4
s3_t19,3,4,1700300858,dbms-q23,dbms,dbms-sql,easy,740,low,0.0,select|joins|group-by|aggregation,standard,0,0,none,0.0,practice_test,1966.0,expert,0,0,0.0,0,0,0.0,0,0,0.0,0.9991397469203422,0.0,1,78.91980083197495,32,1.0,0.9991397469203422,0,0,expert,1966,0.0,0,0,0.0,0,0,0.0,0,easy,easy,Elite Performer,2
s3_t19,3,4,1700300859,ds-q339,probability-statistics,probability,easy,980,medium,0.0,sample-spaces|events|conditional-probability|independence,standard,0,0,none,0.0,practice_test,1966.0,expert,0,0,0.0,0,0,0.0,0,0,0.0,0.9965840309759484,0.0,1,64.71473850575269,32,1.0,0.9965840309759484,0,0,expert,1966,0.0,0,0,0.0,0,0,0.0,0,easy,easy,Elite Performer,2
s5_t3,5,0,1700500070,co-q49,calculus-optimization,co-integration,easy,810,low,0.0,definite-integrals|indefinite-integrals|integration-by-parts|u-substitution|fundamental-theorem,standard,0,0,none,0.0,practice_test,1906.0,expert,0,0,0.0,0,0,0.0,0,0,0.0,0.9981836044379536,0.0,1,49.9210040348549,32,1.0,0.9981836044379536,0,0,expert,1906,0.0,0,0,0.0,0,0,0.0,0,easy,easy,Elite Performer,2
s5_t3,5,0,1700500071,ds-q239,machine-learning,machine-learning,medium,1140,medium,0.0,supervised|unsupervised|reinforcement|evaluation,standard,0,0,none,0.0,practice_test,1906.0,expert,0,0,0.0,0,0,0.0,0,0,0.0,0.9879842735761788,0.0,1,54.32611122855696,32,1.0,0.9879842735761788,0,0,expert,1906,0.0,0,0,0.0,0,0,0.0,0,medium,medium,Elite Performer,4
s5_t3,5,0,1700500072,ds-q133,artificial-intelligence,quantitative-aptitude,medium,1220,medium,0.0,numbers|algebra|geometry|probability,standard,0,0,none,0.0,practice_test,1906.0,expert,0,0,0.0,0,0,0.0,0,0,0.0,0.9810892600911034,0.0,1,70.82384339580801,32,1.0,0.9810892600911034,1,0,expert,1907,0.0,0,0,0.0,0,0,0.0,1,medium,medium,Elite Performer,4
s5_t3,5,0,1700500073,dsa-q36,programming-dsa,dsa-arrays,hard,1500,high,0.0,array-operations|indexing|searching|sorting,standard,0,0,none,0.0,practice_test,1907.0,expert,0,0,0.0,0,0,0.0,0,0,0.0,0.9123666522054632,0.0,1,91.2263658261192,32,1.0,0.9123666522054632,3,0,expert,1910,0.0,0,0,0.0,0,0,0.0,3,hard,hard,Elite Performer,6
s5_t3,5,0,1700500074,ga-q18,general-aptitude,ga-quantitative-aptitude,medium,1190,medium,0.0,arithmetic|algebra|geometry|permutations|combinations,standard,0,0,none,0.0,practice_test,1910.0,expert,0,0,0.0,0,0,0.0,0,0,0.0,0.9843983377581704,0.0,1,75.07239009412449,32,1.0,0.9843983377581704,0,0,expert,1910,0.0,0,0,0.0,0,0,0.0,0,medium,medium,Elite Performer,4
s5_t3,5,0,1700500075,ds-q44,probability-statistics,probability,medium,1400,high,0.0,sample-spaces|events|conditional-probability|independence,standard,0,0,none,0.0,practice_test,1910.0,expert,0,0,0.0,0,0,0.0,0,0,0.0,0.949587857787024,0.0,1,44.79242411428432,32,1.0,0.949587857787024,2,0,expert,1912,0.0,0,0,0.0,0,0,0.0,2,medium,medium,Elite Performer,4
s5_t3,5,0,1700500076,la-q34,linear-algebra,la-matrices,hard,2160,high,0.0,addition|scalar-multiplication|matrix-multiplication|determinants|minors|cofactors|symmetric|orthogonal,standard,0,0,none,0.0,practice_test,1912.0,expert,0,0,0.0,0,0,0.0,0,0,0.0,0.1934724771828921,0.0,1,33.91411486726807,32,1.0,0.1934724771828921,26,0,expert,1938,0.0,0,0,0.0,0,0,0.0,26,hard,hard,Elite Performer,10
s5_t3,5,0,1700500077,ps-q47,probability-statistics,ps-probability,medium,1210,medium,0.0,basic-probability|bayes-theorem|conditional-probability|independence|random-variables,standard,0,0,none,0.0,practice_test,1938.0,expert,0,0,0.0,0,0,0.0,0,0,0.0,0.9850900586106714,0.0,1,48.55285544043896,32,1.0,0.9850900586106714,0,0,expert,1938,0.0,0,0,0.0,0,0,0.0,0,medium,medium,Elite Performer,4
s5_t3,5,0,1700500078,ps-q6,probability-statistics,ps-distributions,easy,980,medium,0.0,probability-distributions|cumulative-distribution|expected-value,standard,0,0,none,0.0,practice_test,1938.0,expert,0,0,0.0,0,0,0.0,0,0,0.0,0.9959889827066356,0.0,1,83.2614596023016,32,1.0,0.9959889827066356,0,0,expert,1938,0.0,0,0,0.0,0,0,0.0,0,easy,easy,Elite Performer,2
s5_t3,5,0,1700500079,ga-q25,general-aptitude,ga-verbal-reasoning,easy,860,low,0.0,reading-comprehension|vocabulary|sentence-correction|para-jumbles,standard,0,0,none,0.0,practice_test,1938.0,expert,0,0,0.0,0,0,0.0,0,0,0.0,0.9979856992332324,0.0,1,87.01851948996539,32,1.0,0.9979856992332324,0,0,expert,1938,0.0,0,0,0.0,0,0,0.0,0,easy,easy,Elite Performer,2
s5_t3,5,0,1700500080,ga-q9,general-aptitude,ga-logical-reasoning,easy,960,medium,0.0,syllogisms|logical-deduction|critical-reasoning,standard,0,0,none,0.0,practice_test,1938.0,expert,0,0,0.0,0,0,0.0,0,0,0.0,0.99642361707633,0.0,1,77.93582049241743,32,1.0,0.99642361707633,0,0,expert,1938,0.0,0,0,0.0,0,0,0.0,0,easy,easy,Elite Performer,2
s5_t3,5,0,1700500081,ds-q377,probability-statistics,probability,easy,970,medium,0.0,sample-spaces|events|conditional-probability|independence,standard,0,0,none,0.0,practice_test,1938.0,expert,0,0,0.0,0,0,0.0,0,0,0.0,0.9962125056885528,0.0,1,53.509110432164746,32,1.0,0.9962125056885528,0,0,expert,1938,0.0,0,0,0.0,0,0,0.0,0,easy,easy,Elite Performer,2
s5_t3,5,0,1700500082,ds-q293,artificial-intelligence,databases,medium,1160,medium,0.0,sql|relational-model|keys|joins,standard,0,0,none,0.0,practice_test,1938.0,expert,0,0,0.0,0,0,0.0,0,0,0.0,0.98877727103089,0.0,1,71.67700559107952,32,1.0,0.98877727103089,0,0,expert,1938,0.0,0,0,0.0,0,0,0.0,0,medium,medium,Elite Performer,4
s5_t3,5,0,1700500083,ds-q422,dbms,dbms,medium,1160,medium,0.0,database-fundamentals|acid-properties|transactions,standard,0,0,none,0.0,practice_test,1938.0,expert,0,0,0.0,0,0,0.0,0,0,0.0,0.98877727103089,0.0,1,80.19822359722184,32,1.0,0.98877727103089,0,0,expert,1938,0.0,0,0,0.0,0,0,0.0,0,medium,medium,Elite Performer,4
s5_t3,5,0,1700500084,ga-q15,general-aptitude,ga-quantitative-aptitude,easy,800,low,0.0,arithmetic|algebra|geometry|permutations|combinations,standard,0,0,none,0.0,practice_test,1938.0,expert,0,0,0.0,0,0,0.0,0,0,0.0,0.9985731448661692,0.0,1,43.267042662721465,32,1.0,0.9985731448661692,0,0,expert,1938,0.0,0,0,0.0,0,0,0.0,0,easy,easy,Elite Performer,2
s5_t3,5,0,1700500085,dsa-q72,programming-dsa,dsa-complexity,medium,1080,medium,0.0,time-complexity|space-complexity|big-o-notation,standard,0,0,none,0.0,practice_test,1938.0,expert,0,0,0.0,0,0,0.0,0,0,0.0,0.992889487365535,0.0,1,83.09710413302565,32,1.0,0.992889487365535,0,0,expert,1938,0.0,0,0,0.0,0,0,0.0,0,medium,medium,Elite Performer,4
s5_t3,5,0,1700500086,ps-q79,probability-statistics,ps-hypothesis,medium,1020,medium,0.0,hypothesis-testing|p-value|type-I-error|type-II-error|t-test|significance-level,standard,0,0,none,0.0,practice_test,1938.0,expert,0,0,0.0,0,0,0.0,0,0,0.0,0.9949556672157636,0.0,1,63.6235152354276,32,1.0,0.9949556672157636,0,0,expert,1938,0.0,0,0,0.0,0,0,0.0,0,medium,medium,Elite Performer,2
s5_t3,5,0,1700500087,ds-q132,artificial-intelligence,quantitative-aptitude,easy,710,low,0.0,numbers|algebra|geometry|probability,standard,0,0,none,0.0,practice_test,1938.0,expert,0,0,0.0,0,0,0.0,0,0,0.0,0.9991495857816872,0.0,1,98.07772253213122,32,1.0,0.9991495857816872,0,0,expert,1938,0.0,0,0,0.0,0,0,0.0,0,easy,easy,Elite Performer,2
s5_t3,5,0,1700500088,ml-q56,machine-learning,ml-supervised,easy,1430,high,0.0,linear-regression|logistic-regression|decision-trees|svm,standard,0,0,none,0.0,practice_test,1938.0,expert,0,0,0.0,0,0,0.0,0,0,0.0,0.9490338639240656,0.0,0,72.48733411323617,32,1.0,0.9490338639240656,-30,0,expert,1908,0.0,0,0,0.0,0,0,0.0,-30,easy,easy,Elite Performer,6
s5_t3,5,0,1700500089,ds-q206,probability-statistics,probability,easy,900,low,0.0,sample-spaces|events|conditional-probability|independence,standard,0,0,none,0.0,practice_test,1908.0,expert,0,0,0.0,0,0,0.0,0,0,0.0,0.9969891409286306,0.0,1,64.37474444148603,32,1.0,0.9969891409286306,0,0,expert,1908,0.0,0,0,0.0,0,0,0.0,0,easy,easy,Elite Performer,2
s5_t3,5,0,1700500090,ga-q17,general-aptitude,ga-quantitative-aptitude,medium,1290,medium,0.0,arithmetic|algebra|geometry|permutations|combinations,standard,0,0,none,0.0,practice_test,1908.0,expert,0,0,0.0,0,0,0.0,0,0,0.0,0.9722801162737278,0.0,0,43.429898446689776,32,1.0,0.9722801162737278,-31,0,expert,1877,0.0,0,0,0.0,0,0,0.0,-31,medium,medium,Elite Performer,4
s5_t3,5,0,1700500091,la-q59,linear-algebra,la-eigenvalues,hard,1840,high,0.0,eigenvalues|eigenvectors|diagonalization|spectral-theorem,standard,0,0,none,0.0,practice_test,1877.0,expert,0,0,0.0,0,0,0.0,0,0,0.0,0.5530468951694625,0.0,1,106.07977871172376,32,1.0,0.5530468951694625,14,0,expert,1891,0.0,0,0,0.0,0,0,0.0,14,hard,hard,Elite Performer,8
s5_t3,5,0,1700500092,ds-q291,machine-learning,machine-learning,medium,1360,high,0.0,supervised|unsupervised|reinforcement|evaluation,standard,0,0,none,0.0,practice_test,1891.0,expert,0,0,0.0,0,0,0.0,0,0,0.0,0.955070120057404,0.0,1,26.84820737185555,32,1.0,0.955070120057404,1,0,expert,1892,0.0,0,0,0.0,0,0,0.0,1,medium,medium,Elite Performer,4
s5_t3,5,0,1700500093,dbms-q45,dbms,dbms-sql,medium,1200,medium,0.0,select|joins|group-by|aggregation,standard,0,0,none,0.0,practice_test,1892.0,expert,0,0,0.0,0,0,0.0,0,0,0.0,0.9817195269701808,0.0,1,85.66834655639761,32,1.0,0.9817195269701808,1,0,expert,1893,0.0,0,0,0.0,0,0,0.0,1,medium,medium,Elite Performer,4
s5_t3,5,0,1700500094,dsa-q29,programming-dsa,dsa-arrays,medium,1370,high,0.0,array-operations|indexing|searching|sorting,standard,0,0,none,0.0,practice_test,1893.0,expert,0,0,0.0,0,0,0.0,0,0,0.0,0.9530520513940942,0.0,1,90.92037952439335,32,1.0,0.9530520513940942,2,0,expert,1895,0.0,0,0,0.0,0,0,0.0,2,medium,medium,Elite Performer,4
s5_t3,5,0,1700500095,la-q26,linear-algebra,la-vector-spaces,medium,1230,medium,0.0,vector-addition|scalar-multiplication|sub-spaces|linear-combinations|spanning-sets|linear-independence|basis|dimension,standard,0,0,none,0.0,practice_test,1895.0,expert,0,0,0.0,0,0,0.0,0,0,0.0,0.9787110380196032,0.0,1,23.54826147606958,32,1.0,0.9787110380196032,1,0,expert,1896,0.0,0,0,0.0,0,0,0.0,1,medium,medium,Elite Performer,4
s5_t3,5,0,1700500096,ga-q3,general-aptitude,ga-quantitative-aptitude,easy,820,low,0.0,arithmetic|algebra|geometry|permutations|combinations,standard,0,0,none,0.0,practice_test,1896.0,expert,0,0,0.0,0,0,0.0,0,0,0.0,0.9979624222551272,0.0,0,50.09690905931273,32,1.0,0.9979624222551272,-32,0,expert,1864,0.0,0,0,0.0,0,0,0.0,-32,easy,easy,Elite Performer,2
s5_t3,5,0,1700500097,la-q9,linear-algebra,la-eigenvalues,medium,1250,medium,0.0,eigenvalues|eigenvectors|diagonalization|spectral-theorem,standard,0,0,none,0.0,practice_test,1864.0,expert,0,0,0.0,0,0,0.0,0,0,0.0,0.9716527404673236,0.0,1,54.17451791739768,32,1.0,0.9716527404673236,1,0,expert,1865,0.0,0,0,0.0,0,0,0.0,1,medium,medium,Elite Performer,4
s5_t3,5,0,1700500098,ga-q1,general-aptitude,ga-verbal-reasoning,easy,800,low,0.0,reading-comprehension|vocabulary|sentence-correction|para-jumbles,standard,0,0,none,0.0,practice_test,1865.0,expert,0,0,0.0,0,0,0.0,0,0,0.0,0.9978295172089034,0.0,1,32.63699617965048,32,1.0,0.9978295172089034,0,0,expert,1865,0.0,0,0,0.0,0,0,0.0,0,easy,easy,Elite Performer,2
s5_t3,5,0,1700500099,dbms-q34,dbms,dbms-sql,easy,990,medium,0.0,select|joins|group-by|aggregation,standard,0,0,none,0.0,practice_test,1865.0,expert,0,0,0.0,0,0,0.0,0,0,0.0,0.9935480812594234,0.0,1,72.50318345481429,32,1.0,0.9935480812594234,0,0,expert,1865,0.0,0,0,0.0,0,0,0.0,0,easy,easy,Elite Performer,2
s5_t3,5,0,1700500100,ds-q192,machine-learning,machine-learning,hard,1500,high,0.0,supervised|unsupervised|reinforcement|evaluation,standard,0,0,none,0.0,practice_test,1865.0,expert,0,0,0.0,0,0,0.0,0,0,0.0,0.8910109110457655,0.0,1,70.59079198306561,32,1.0,0.8910109110457655,3,0,expert,1868,0.0,0,0,0.0,0,0,0.0,3,hard,hard,Elite Performer,6
s5_t3,5,0,1700500101,co-q71,calculus-optimization,co-optimization,medium,1060,medium,0.0,critical-points|extrema|optimization|lagrange-multipliers|convexity|gradient-descent,standard,0,0,none,0.0,practice_test,1868.0,expert,0,0,0.0,0,0,0.0,0,0,0.0,0.9905404124990876,0.0,1,29.625887031496013,32,1.0,0.9905404124990876,0,0,expert,1868,0.0,0,0,0.0,0,0,0.0,0,medium,medium,Elite Performer,4
s5_t3,5,0,1700500102,ga-q11,general-aptitude,ga-verbal-reasoning,easy,830,low,0.0,reading-comprehension|vocabulary|sentence-correction|para-jumbles,standard,0,0,none,0.0,practice_test,1868.0,expert,0,0,0.0,0,0,0.0,0,0,0.0,0.9974654674724248,0.0,1,93.51783376584596,32,1.0,0.9974654674724248,0,0,expert,1868,0.0,0,0,0.0,0,0,0.0,0,easy,easy,Elite Performer,2
s5_t3,5,0,1700500103,ml-q114,machine-learning,ml-unsupervised,easy,920,medium,0.0,clustering|k-means|hierarchical-clustering|dimensionality-reduction|pca,standard,0,0,none,0.0,practice_test,1868.0,expert,0,0,0.0,0,0,0.0,0,0,0.0,0.9957523245255832,0.0,1,11.102248238899122,32,1.0,0.9957523245255832,0,0,expert,1868,0.0,0,0,0.0,0,0,0.0,0,easy,easy,Elite Performer,2
s5_t3,5,0,1700500104,ds-q278,artificial-intelligence,data-structures,easy,880,low,0.0,arrays|linked-lists|stacks|queues|trees,standard,0,0,none,0.0,practice_test,1868.0,expert,0,0,0.0,0,0,0.0,0,0,0.0,0.9966230012016888,0.0,1,54.62087506716746,32,1.0,0.9966230012016888,0,0,expert,1868,0.0,0,0,0.0,0,0,0.0,0,easy,easy,Elite Performer,2
s5_t3,5,0,1700500105,dsa-q3,programming-dsa,dsa-arrays,easy,880,low,0.0,array-operations|indexing|searching|sorting,standard,0,0,none,0.0,practice_test,1868.0,expert,0,0,0.0,0,0,0.0,0,0,0.0,0.9966230012016888,0.0,1,77.64379517981178,32,1.0,0.9966230012016888,0,0,expert,1868,0.0,0,0,0.0,0,0,0.0,0,easy,easy,Elite Performer,2
s5_t3,5,0,1700500106,co-q15,calculus-optimization,co-integration,medium,1160,medium,0.0,definite-integrals|indefinite-integrals|integration-by-parts,standard,0,0,none,0.0,practice_test,1868.0,expert,0,0,0.0,0,0,0.0,0,0,0.0,0.9833011506249288,0.0,1,54.67105801246432,32,1.0,0.9833011506249288,1,0,expert,1869,0.0,0,0,0.0,0,0,0.0,1,medium,medium,Elite Performer,4
s5_t3,5,0,1700500107,dsa-q55,programming-dsa,dsa-trees,medium,1170,medium,0.0,binary-trees|bst|tree-traversal|balanced-trees,standard,0,0,none,0.0,practice_test,1869.0,expert,0,0,0.0,0,0,0.0,0,0,0.0,0.9824288133815968,0.0,1,12.810233860921244,32,1.0,0.9824288133815968,1,0,expert,1870,0.0,0,0,0.0,0,0,0.0,1,medium,medium,Elite Performer,4
s5_t3,5,0,1700500108,dsa-q10,programming-dsa,dsa-trees,medium,1200,medium,0.0,binary-trees|bst|tree-traversal|balanced-trees,standard,0,0,none,0.0,practice_test,1870.0,expert,0,0,0.0,0,0,0.0,0,0,0.0,0.9793025479815688,0.0,1,77.97438915665913,32,1.0,0.9793025479815688,1,0,expert,1871,0.0,0,0,0.0,0,0,0.0,1,medium,medium,Elite Performer,4
s5_t3,5,0,1700500109,dsa-q42,programming-dsa,dsa-arrays,medium,1370,high,0.0,array-operations|indexing|searching|sorting,standard,0,0,none,0.0,practice_test,1871.0,expert,0,0,0.0,0,0,0.0,0,0,0.0,0.9470491982010916,0.0,1,18.74469233330593,32,1.0,0.9470491982010916,2,0,expert,1873,0.0,0,0,0.0,0,0,0.0,2,medium,medium,Elite Performer,4
s5_t3,5,0,1700500110,ps-q78,probability-statistics,ps-hypothesis,medium,1210,medium,0.0,hypothesis-testing|p-value|type-I-error|type-II-error|t-test|significance-level,standard,0,0,none,0.0,practice_test,1873.0,expert,0,0,0.0,0,0,0.0,0,0,0.0,0.9784698309582908,0.0,1,45.9784607636701,32,1.0,0.9784698309582908,1,0,expert,1874,0.0,0,0,0.0,0,0,0.0,1,medium,medium,Elite Performer,4
s5_t3,5,0,1700500111,dbms-q3,dbms,dbms-sql,easy,740,low,0.0,select|joins|group-by|aggregation,standard,0,0,none,0.0,practice_test,1874.0,expert,0,0,0.0,0,0,0.0,0,0,0.0,0.9985399576661176,0.0,1,87.88390288419703,32,1.0,0.9985399576661176,0,0,expert,1874,0.0,0,0,0.0,0,0,0.0,0,easy,easy,Elite Performer,2
s5_t3,5,0,1700500112,ps-q76,probability-statistics,ps-distributions,medium,1440,high,0.0,normal-distribution|binomial-distribution|poisson-distribution|cumulative-distribution|expected-value|variance,standard,0,0,none,0.0,practice_test,1874.0,expert,0,0,0.0,0,0,0.0,0,0,0.0,0.9240228964972346,0.0,1,43.69944368524833,32,1.0,0.9240228964972346,2,0,expert,1876,0.0,0,0,0.0,0,0,0.0,2,medium,medium,Elite Performer,6
s5_t3,5,0,1700500113,ds-q82,machine-learning,machine-learning,easy,820,low,0.0,supervised|unsupervised|reinforcement|evaluation,standard,0,0,none,0.0,practice_test,1876.0,expert,0,0,0.0,0,0,0.0,0,0,0.0,0.9977143684266696,0.0,1,86.91405834673135,32,1.0,0.9977143684266696,0,0,expert,1876,0.0,0,0,0.0,0,0,0.0,0,easy,easy,Elite Performer,2
s5_t3,5,0,1700500114,co-q6,calculus-optimization,co-optimization,medium,1350,high,0.0,critical-points|extrema|optimization|lagrange-multipliers,standard,0,0,none,0.0,practice_test,1876.0,expert,0,0,0.0,0,0,0.0,0,0,0.0,0.953818732599141,0.0,1,46.15412797292866,32,1.0,0.953818732599141,1,0,expert,1877,0.0,0,0,0.0,0,0,0.0,1,medium,medium,Elite Performer,4
s5_t3,5,0,1700500115,dsa-q61,programming-dsa,dsa-trees,medium,1190,medium,0.0,binary-trees|bst|tree-traversal|balanced-trees,standard,0,0,none,0.0,practice_test,1877.0,expert,0,0,0.0,0,0,0.0,0,0,0.0,0.9811957652105316,0.0,1,82.83994049540823,32,1.0,0.9811957652105316,1,0,expert,1878,0.0,0,0,0.0,0,0,0.0,1,medium,medium,Elite Performer,4
s5_t3,5,0,1700500116,dsa-q65,programming-dsa,dsa-complexity,medium,1020,medium,0.0,time-complexity|space-complexity|big-o-notation,standard,0,0,none,0.0,practice_test,1878.0,expert,0,0,0.0,0,0,0.0,0,0,0.0,0.992889487365535,0.0,1,53.3679405096967,32,1.0,0.992889487365535,0,0,expert,1878,0.0,0,0,0.0,0,0,0.0,0,medium,medium,Elite Performer,2
s5_t3,5,0,1700500117,la-q41,linear-algebra,la-matrices,hard,1760,high,0.0,addition|scalar-multiplication|matrix-multiplication|determinants|minors|cofactors|symmetric|orthogonal,standard,0,0,none,0.0,practice_test,1878.0,expert,0,0,0.0,0,0,0.0,0,0,0.0,0.6635740980412955,0.0,1,92.17843458841776,32,1.0,0.6635740980412955,11,0,expert,1889,0.0,0,0,0.0,0,0,0.0,11,hard,hard,Elite Performer,6
s5_t3,5,0,1700500118,ga-q16,general-aptitude,ga-verbal-reasoning,medium,1010,medium,0.0,reading-comprehension|vocabulary|sentence-correction|para-jumbles,standard,0,0,none,0.0,practice_test,1889.0,expert,0,0,0.0,0,0,0.0,0,0,0.0,0.9936940187410124,0.0,1,28.68378848017681,32,1.0,0.9936940187410124,0,0,expert,1889,0.0,0,0,0.0,0,0,0.0,0,medium,medium,Elite Performer,2
s5_t3,5,0,1700500119,dsa-q63,programming-dsa,dsa-trees,easy,820,low,0.0,binary-trees|bst|tree-traversal|balanced-trees,standard,0,0,none,0.0,practice_test,1889.0,expert,0,0,0.0,0,0,0.0,0,0,0.0,0.9978788186295424,0.0,1,51.74346171965831,32,1.0,0.9978788186295424,0,0,expert,1889,0.0,0,0,0.0,0,0,0.0,0,easy,easy,Elite Performer,2
s14_t19,14,4,1701400810,ds-q254,machine-learning,machine-learning,hard,1880,high,0.0,supervised|unsupervised|reinforcement|evaluation,standard,0,0,none,0.0,practice_test,1890.0,expert,0,0,0.0,0,0,0.0,0,0,0.0,0.5143871841659987,0.0,1,36.16421491011487,32,1.0,0.5143871841659987,16,0,expert,1906,0.0,0,0,0.0,0,0,0.0,16,hard,hard,Advanced Learner,8
s14_t19,14,4,1701400811,ga-q17,general-aptitude,ga-quantitative-aptitude,medium,1290,medium,0.0,arithmetic|algebra|geometry|permutations|combinations,standard,0,0,none,0.0,practice_test,1906.0,expert,0,0,0.0,0,0,0.0,0,0,0.0,0.9719681328483034,0.0,1,100.81392689440216,32,1.0,0.9719681328483034,1,0,expert,1907,0.0,0,0,0.0,0,0,0.0,1,medium,medium,Advanced Learner,4
s14_t19,14,4,1701400812,ps-q62,probability-statistics,ps-distributions,easy,700,low,0.0,normal-distribution|binomial-distribution|poisson-distribution|cumulative-distribution|expected-value|variance,standard,0,0,none,0.0,practice_test,1907.0,expert,0,0,0.0,0,0,0.0,0,0,0.0,0.9990404158677556,0.0,1,34.207175469545135,32,1.0,0.9990404158677556,0,0,expert,1907,0.0,0,0,0.0,0,0,0.0,0,easy,easy,Advanced Learner,2
s14_t19,14,4,1701400813,ds-q255,probability-statistics,probability,medium,1050,medium,0.0,sample-spaces|events|conditional-probability|independence,standard,0,0,none,0.0,practice_test,1907.0,expert,0,0,0.0,0,0,0.0,0,0,0.0,0.9928487314836713,0.0,1,46.64107938987202,32,1.0,0.9928487314836713,0,0,expert,1907,0.0,0,0,0.0,0,0,0.0,0,medium,medium,Advanced Learner,2
s14_t19,14,4,1701400814,ga-q18,general-aptitude,ga-quantitative-aptitude,medium,1190,medium,0.0,arithmetic|algebra|geometry|permutations|combinations,standard,0,0,none,0.0,practice_test,1907.0,expert,0,0,0.0,0,0,0.0,0,0,0.0,0.9841308794583856,0.0,1,93.43993707134064,32,1.0,0.9841308794583856,1,0,expert,1908,0.0,0,0,0.0,0,0,0.0,1,medium,medium,Advanced Learner,4
s14_t19,14,4,1701400815,dbms-q46,dbms,dbms-normalization,easy,710,low,0.0,functional-dependencies|closure-of-attributes|canonical-cover|lossless-join-decomposition|dependency-preservation|first-normal-form|second-normal-form|third-normal-form|boyce-codd-normal-form,standard,0,0,none,0.0,practice_test,1908.0,expert,0,0,0.0,0,0,0.0,0,0,0.0,0.9989894428046362,0.0,1,34.99533444094376,32,1.0,0.9989894428046362,0,0,expert,1908,0.0,0,0,0.0,0,0,0.0,0,easy,easy,Advanced Learner,2
s14_t19,14,4,1701400816,la-q40,linear-algebra,la-matrices,hard,2090,high,0.0,addition|scalar-multiplication|matrix-multiplication|determinants|minors|cofactors|symmetric|orthogonal,standard,0,0,none,0.0,practice_test,1908.0,expert,0,0,0.0,0,0,0.0,0,0,0.0,0.2596715804851696,0.0,0,19.44406485312826,32,1.0,0.2596715804851696,-8,0,expert,1900,0.0,0,0,0.0,0,0,0.0,-8,hard,hard,Advanced Learner,8
s14_t19,14,4,1701400817,ds-q96,dbms,dbms,medium,1370,high,0.0,database-fundamentals|acid-properties|transactions,standard,0,0,none,0.0,practice_test,1900.0,expert,0,0,0.0,0,0,0.0,0,0,0.0,0.9548224553181524,0.0,1,65.20008909762662,32,1.0,0.9548224553181524,1,0,expert,1901,0.0,0,0,0.0,0,0,0.0,1,medium,medium,Advanced Learner,4
s14_t19,14,4,1701400818,ga-q30,general-aptitude,ga-logical-reasoning,medium,1130,medium,0.0,syllogisms|logical-deduction|critical-reasoning,standard,0,0,none,0.0,practice_test,1901.0,expert,0,0,0.0,0,0,0.0,0,0,0.0,0.9883212029203842,0.0,1,108.36624557248491,32,1.0,0.9883212029203842,0,0,expert,1901,0.0,0,0,0.0,0,0,0.0,0,medium,medium,Advanced Learner,4
s14_t19,14,4,1701400819,ps-q64,probability-statistics,ps-distributions,easy,1150,medium,0.0,normal-distribution|binomial-distribution|poisson-distribution|cumulative-distribution|expected-value|variance,standard,0,0,none,0.0,practice_test,1901.0,expert,0,0,0.0,0,0,0.0,0,0,0.0,0.9869148209092587,0.0,1,37.08607631907435,32,1.0,0.9869148209092587,0,0,expert,1901,0.0,0,0,0.0,0,0,0.0,0,easy,easy,Advanced Learner,4
s14_t19,14,4,1701400820,ga-q21,general-aptitude,ga-verbal-reasoning,easy,750,low,0.0,reading-comprehension|vocabulary|sentence-correction|para-jumbles,standard,0,0,none,0.0,practice_test,1901.0,expert,0,0,0.0,0,0,0.0,0,0,0.0,0.9986758884781666,0.0,1,32.15058631934717,32,1.0,0.9986758884781666,0,0,expert,1901,0.0,0,0,0.0,0,0,0.0,0,easy,easy,Advanced Learner,2
s14_t19,14,4,1701400821,ds-q48,artificial-intelligence,ai,medium,1250,medium,0.0,search|logic|reasoning,standard,0,0,none,0.0,practice_test,1901.0,expert,0,0,0.0,0,0,0.0,0,0,0.0,0.9769654773084296,0.0,1,111.95274088520104,32,1.0,0.9769654773084296,1,0,expert,1902,0.0,0,0,0.0,0,0,0.0,1,medium,medium,Advanced Learner,4
s14_t19,14,4,1701400822,ga-q22,general-aptitude,ga-quantitative-aptitude,easy,930,medium,0.0,arithmetic|algebra|geometry|permutations|combinations,standard,0,0,none,0.0,practice_test,1902.0,expert,0,0,0.0,0,0,0.0,0,0,0.0,0.9962984004553768,0.0,1,34.82742958718994,32,1.0,0.9962984004553768,0,0,expert,1902,0.0,0,0,0.0,0,0,0.0,0,easy,easy,Advanced Learner,2
s14_t19,14,4,1701400823,co-q41,calculus-optimization,co-integration,easy,950,medium,0.0,definite-integrals|indefinite-integrals|integration-by-parts|u-substitution|fundamental-theorem,standard,0,0,none,0.0,practice_test,1902.0,expert,0,0,0.0,0,0,0.0,0,0,0.0,0.9958486120307296,0.0,1,29.83525678646359,32,1.0,0.9958486120307296,0,0,expert,1902,0.0,0,0,0.0,0,0,0.0,0,easy,easy,Advanced Learner,2
s14_t19,14,4,1701400824,ps-q47,probability-statistics,ps-probability,medium,1210,medium,0.0,basic-probability|bayes-theorem|conditional-probability|independence|random-variables,standard,0,0,none,0.0,practice_test,1902.0,expert,0,0,0.0,0,0,0.0,0,0,0.0,0.9817195269701808,0.0,1,47.17667320223637,32,1.0,0.9817195269701808,1,0,expert,1903,0.0,0,0,0.0,0,0,0.0,1,medium,medium,Advanced Learner,4
s14_t19,14,4,1701400825,dsa-q10,programming-dsa,dsa-trees,medium,1200,medium,0.0,binary-trees|bst|tree-traversal|balanced-trees,standard,0,0,none,0.0,practice_test,1903.0,expert,0,0,0.0,0,0,0.0,0,0,0.0,0.9828219117166812,0.0,1,87.51624257806273,32,1.0,0.9828219117166812,1,0,expert,1904,0.0,0,0,0.0,0,0,0.0,1,medium,medium,Advanced Learner,4
s14_t19,14,4,1701400826,dsa-q1,programming-dsa,dsa-complexity,easy,710,low,0.0,time-complexity|space-complexity|big-o-notation,standard,0,0,none,0.0,practice_test,1904.0,expert,0,0,0.0,0,0,0.0,0,0,0.0,0.998965928244598,0.0,1,62.04057185562897,32,1.0,0.998965928244598,0,0,expert,1904,0.0,0,0,0.0,0,0,0.0,0,easy,easy,Advanced Learner,2
s14_t19,14,4,1701400827,ga-q5,general-aptitude,ga-logical-reasoning,easy,700,low,0.0,syllogisms|logical-deduction|critical-reasoning,standard,0,0,none,0.0,practice_test,1904.0,expert,0,0,0.0,0,0,0.0,0,0,0.0,0.999023716839287,0.0,1,65.05763483162411,32,1.0,0.999023716839287,0,0,expert,1904,0.0,0,0,0.0,0,0,0.0,0,easy,easy,Advanced Learner,2
s14_t19,14,4,1701400828,dsa-q23,programming-dsa,dsa-complexity,easy,710,low,0.0,time-complexity|space-complexity|big-o-notation,standard,0,0,none,0.0,practice_test,1904.0,expert,0,0,0.0,0,0,0.0,0,0,0.0,0.998965928244598,0.0,1,108.3882035570965,32,1.0,0.998965928244598,0,0,expert,1904,0.0,0,0,0.0,0,0,0.0,0,easy,easy,Advanced Learner,2
s14_t19,14,4,1701400829,co-q6,calculus-optimization,co-optimization,medium,1350,high,0.0,critical-points|extrema|optimization|lagrange-multipliers,standard,0,0,none,0.0,practice_test,1904.0,expert,0,0,0.0,0,0,0.0,0,0,0.0,0.9604212774283488,0.0,1,57.62659632661233,32,1.0,0.9604212774283488,1,0,expert,1905,0.0,0,0,0.0,0,0,0.0,1,medium,medium,Advanced Learner,4
s14_t19,14,4,1701400830,ds-q127,artificial-intelligence,graph-algorithms,medium,1190,medium,0.0,shortest-path|minimum-spanning-tree|traversal,standard,0,0,none,0.0,practice_test,1905.0,expert,0,0,0.0,0,0,0.0,0,0,0.0,0.9839500729693956,0.0,1,110.55497009942732,32,1.0,0.9839500729693956,1,0,expert,1906,0.0,0,0,0.0,0,0,0.0,1,medium,medium,Advanced Learner,4
s14_t19,14,4,1701400831,la-23,linear-algebra,la-matrices,hard,1510,high,0.0,,standard,0,0,none,0.0,practice_test,1906.0,expert,0,0,0.0,0,0,0.0,0,0,0.0,0.9071699361527148,0.0,1,107.60462238772249,32,1.0,0.9071699361527148,3,0,expert,1909,0.0,0,0,0.0,0,0,0.0,3,hard,hard,Advanced Learner,6
s14_t19,14,4,1701400832,dsa-q65,programming-dsa,dsa-complexity,medium,1020,medium,0.0,time-complexity|space-complexity|big-o-notation,standard,0,0,none,0.0,practice_test,1909.0,expert,0,0,0.0,0,0,0.0,0,0,0.0,0.9940446690574608,0.0,1,90.67889359873098,32,1.0,0.9940446690574608,0,0,expert,1909,0.0,0,0,0.0,0,0,0.0,0,medium,medium,Advanced Learner,2
s14_t19,14,4,1701400833,ga-q25,general-aptitude,ga-verbal-reasoning,easy,860,low,0.0,reading-comprehension|vocabulary|sentence-correction|para-jumbles,standard,0,0,none,0.0,practice_test,1909.0,expert,0,0,0.0,0,0,0.0,0,0,0.0,0.9976206111986204,0.0,1,77.64484026976591,32,1.0,0.9976206111986204,0,0,expert,1909,0.0,0,0,0.0,0,0,0.0,0,easy,easy,Advanced Learner,2
s14_t19,14,4,1701400834,ga-q12,general-aptitude,ga-verbal-reasoning,easy,820,low,0.0,reading-comprehension|vocabulary|sentence-correction|para-jumbles,standard,0,0,none,0.0,practice_test,1909.0,expert,0,0,0.0,0,0,0.0,0,0,0.0,0.9981090589179876,0.0,1,10.404044861345962,32,1.0,0.9981090589179876,0,0,expert,1909,0.0,0,0,0.0,0,0,0.0,0,easy,easy,Advanced Learner,2
s14_t19,14,4,1701400835,dbms-q57,dbms,dbms-normalization,easy,1250,medium,0.0,functional-dependencies|closure-of-attributes|canonical-cover|lossless-join-decomposition|dependency-preservation|first-normal-form|second-normal-form|third-normal-form|boyce-codd-normal-form,standard,0,0,none,0.0,practice_test,1909.0,expert,0,0,0.0,0,0,0.0,0,0,0.0,0.977979372287188,0.0,1,79.69423626387236,32,1.0,0.977979372287188,1,0,expert,1910,0.0,0,0,0.0,0,0,0.0,1,easy,easy,Advanced Learner,4
s14_t19,14,4,1701400836,ml-q125,machine-learning,ml-evaluation,easy,700,low,0.0,accuracy|precision|recall|f1-score|cross-validation,standard,0,0,none,0.0,practice_test,1910.0,expert,0,0,0.0,0,0,0.0,0,0,0.0,0.9990568295340508,0.0,1,99.49691467006691,32,1.0,0.9990568295340508,0,0,expert,1910,0.0,0,0,0.0,0,0,0.0,0,easy,easy,Advanced Learner,2
s14_t19,14,4,1701400837,ds-q351,probability-statistics,probability,easy,1200,medium,0.0,sample-spaces|events|conditional-probability|independence,standard,0,0,none,0.0,practice_test,1910.0,expert,0,0,0.0,0,0,0.0,0,0,0.0,0.9834891447206308,0.0,1,51.20995152576714,32,1.0,0.9834891447206308,1,0,expert,1911,0.0,0,0,0.0,0,0,0.0,1,easy,easy,Advanced Learner,4
s14_t19,14,4,1701400838,ga-q16,general-aptitude,ga-verbal-reasoning,medium,1010,medium,0.0,reading-comprehension|vocabulary|sentence-correction|para-jumbles,standard,0,0,none,0.0,practice_test,1911.0,expert,0,0,0.0,0,0,0.0,0,0,0.0,0.9944399517064432,0.0,1,29.95842533103831,32,1.0,0.9944399517064432,0,0,expert,1911,0.0,0,0,0.0,0,0,0.0,0,medium,medium,Advanced Learner,2
s14_t19,14,4,1701400839,dsa-q21,programming-dsa,dsa-arrays,easy,720,low,0.0,array-operations|indexing|searching|sorting,standard,0,0,none,0.0,practice_test,1911.0,expert,0,0,0.0,0,0,0.0,0,0,0.0,0.9989479343207608,0.0,1,41.022561361139765,32,1.0,0.9989479343207608,0,0,expert,1911,0.0,0,0,0.0,0,0,0.0,0,easy,easy,Advanced Learner,2
s14_t19,14,4,1701400840,dsa-q17,programming-dsa,dsa-arrays,medium,1300,medium,0.0,array-operations|indexing|searching|sorting,standard,0,0,none,0.0,practice_test,1911.0,expert,0,0,0.0,0,0,0.0,0,0,0.0,0.9711731836042778,0.0,1,45.89419966670879,32,1.0,0.9711731836042778,1,0,expert,1912,0.0,0,0,0.0,0,0,0.0,1,medium,medium,Advanced Learner,4
s14_t19,14,4,1701400841,dsa-q39,programming-dsa,dsa-arrays,easy,890,low,0.0,array-operations|indexing|searching|sorting,standard,0,0,none,0.0,practice_test,1912.0,expert,0,0,0.0,0,0,0.0,0,0,0.0,0.99722161973544,0.0,1,56.78516812855205,32,1.0,0.99722161973544,0,0,expert,1912,0.0,0,0,0.0,0,0,0.0,0,easy,easy,Advanced Learner,2
s14_t19,14,4,1701400842,dbms-q63,dbms,dbms-normalization,medium,1350,high,0.0,functional-dependencies|closure-of-attributes|canonical-cover|lossless-join-decomposition|dependency-preservation|first-normal-form|second-normal-form|third-normal-form|boyce-codd-normal-form,standard,0,0,none,0.0,practice_test,1912.0,expert,0,0,0.0,0,0,0.0,0,0,0.0,0.9621351633851132,0.0,0,95.59557594309992,32,1.0,0.9621351633851132,-31,0,expert,1881,0.0,0,0,0.0,0,0,0.0,-31,medium,medium,Advanced Learner,4
s14_t19,14,4,1701400843,ml-q26,machine-learning,ml-supervised,easy,770,low,0.0,linear-regression|logistic-regression|decision-trees|svm,standard,0,0,none,0.0,practice_test,1881.0,expert,0,0,0.0,0,0,0.0,0,0,0.0,0.9983336136712032,0.0,1,9.671456441739515,32,1.0,0.9983336136712032,0,0,expert,1881,0.0,0,0,0.0,0,0,0.0,0,easy,easy,Advanced Learner,2
s14_t19,14,4,1701400844,ps-q55,probability-statistics,ps-probability,medium,1220,medium,0.0,basic-probability|bayes-theorem|conditional-probability|independence|random-variables,standard,0,0,none,0.0,practice_test,1881.0,expert,0,0,0.0,0,0,0.0,0,0,0.0,0.9782259517865328,0.0,1,51.16385829108538,32,1.0,0.9782259517865328,1,0,expert,1882,0.0,0,0,0.0,0,0,0.0,1,medium,medium,Advanced Learner,4
s14_t19,14,4,1701400845,dsa-q68,programming-dsa,dsa-complexity,easy,980,medium,0.0,time-complexity|space-complexity|big-o-notation,standard,0,0,none,0.0,practice_test,1882.0,expert,0,0,0.0,0,0,0.0,0,0,0.0,0.9944716895404954,0.0,0,32.39737922039267,32,1.0,0.9944716895404954,-32,0,expert,1850,0.0,0,0,0.0,0,0,0.0,-32,easy,easy,Advanced Learner,2
s14_t19,14,4,1701400846,la-40,linear-algebra,la-eigenvalues,medium,1210,medium,0.0,,standard,0,0,none,0.0,practice_test,1850.0,expert,0,0,0.0,0,0,0.0,0,0,0.0,0.975496632449664,0.0,1,110.34683015722725,32,1.0,0.975496632449664,1,0,expert,1851,0.0,0,0,0.0,0,0,0.0,1,medium,medium,Advanced Learner,4
s14_t19,14,4,1701400847,ds-q29,artificial-intelligence,linear-algebra,easy,720,low,0.0,matrices|vectors|eigenvalues|linear-systems|transformations,standard,0,0,none,0.0,practice_test,1851.0,expert,0,0,0.0,0,0,0.0,0,0,0.0,0.998514562433216,0.0,1,16.771491717126388,32,1.0,0.998514562433216,0,0,expert,1851,0.0,0,0,0.0,0,0,0.0,0,easy,easy,Advanced Learner,2
s14_t19,14,4,1701400848,la-32,linear-algebra,la-eigenvalues,hard,1360,high,0.0,,standard,0,0,none,0.0,practice_test,1851.0,expert,0,0,0.0,0,0,0.0,0,0,0.0,0.9440870944880482,0.0,1,44.224216396160266,32,1.0,0.9440870944880482,2,0,expert,1853,0.0,0,0,0.0,0,0,0.0,2,hard,hard,Advanced Learner,4
s14_t19,14,4,1701400849,ds-q236,machine-learning,machine-learning,hard,1870,high,0.0,supervised|unsupervised|reinforcement|evaluation,standard,0,0,none,0.0,practice_test,1853.0,expert,0,0,0.0,0,0,0.0,0,0,0.0,0.4755545388793386,0.0,1,50.81302861333772,32,1.0,0.4755545388793386,17,0,expert,1870,0.0,0,0,0.0,0,0,0.0,17,hard,hard,Advanced Learner,8
s14_t19,14,4,1701400850,dsa-q51,programming-dsa,dsa-trees,easy,730,low,0.0,binary-trees|bst|tree-traversal|balanced-trees,standard,0,0,none,0.0,practice_test,1870.0,expert,0,0,0.0,0,0,0.0,0,0,0.0,0.9985894549032848,0.0,1,19.6188017006841,32,1.0,0.9985894549032848,0,0,expert,1870,0.0,0,0,0.0,0,0,0.0,0,easy,easy,Advanced Learner,2
s14_t19,14,4,1701400851,dsa-q33,programming-dsa,dsa-arrays,medium,1010,medium,0.0,array-operations|indexing|searching|sorting,standard,0,0,none,0.0,practice_test,1870.0,expert,0,0,0.0,0,0,0.0,0,0,0.0,0.9929703085603608,0.0,1,82.47981266373554,32,1.0,0.9929703085603608,0,0,expert,1870,0.0,0,0,0.0,0,0,0.0,0,medium,medium,Advanced Learner,2
s14_t19,14,4,1701400852,ps-q36,probability-statistics,ps-distributions,medium,1350,high,0.0,normal-distribution|binomial-distribution|poisson-distribution|cumulative-distribution|expected-value|variance,standard,0,0,none,0.0,practice_test,1870.0,expert,0,0,0.0,0,0,0.0,0,0,0.0,0.9522732789657962,0.0,1,58.87496670522253,32,1.0,0.9522732789657962,2,0,expert,1872,0.0,0,0,0.0,0,0,0.0,2,medium,medium,Advanced Learner,4
s14_t19,14,4,1701400853,ml-q58,machine-learning,ml-supervised,medium,1230,medium,0.0,linear-regression|logistic-regression|decision-trees|svm,standard,0,0,none,0.0,practice_test,1872.0,expert,0,0,0.0,0,0,0.0,0,0,0.0,0.9757703240518194,0.0,1,69.74807891599481,32,1.0,0.9757703240518194,1,0,expert,1873,0.0,0,0,0.0,0,0,0.0,1,medium,medium,Advanced Learner,4
s14_t19,14,4,1701400854,la-26,linear-algebra,la-matrices,hard,1360,high,0.0,,standard,0,0,none,0.0,practice_test,1873.0,expert,0,0,0.0,0,0,0.0,0,0,0.0,0.9504081671359688,0.0,1,64.58563023910587,32,1.0,0.9504081671359688,2,0,expert,1875,0.0,0,0,0.0,0,0,0.0,2,hard,hard,Advanced Learner,4
s14_t19,14,4,1701400855,ds-q225,artificial-intelligence,programming,easy,740,low,0.0,c-programming|functions|pointers|memory,standard,0,0,none,0.0,practice_test,1875.0,expert,0,0,0.0,0,0,0.0,0,0,0.0,0.998548326035335,0.0,1,46.91800909085576,32,1.0,0.998548326035335,0,0,expert,1875,0.0,0,0,0.0,0,0,0.0,0,easy,easy,Advanced Learner,2
s14_t19,14,4,1701400856,co-q77,calculus-optimization,co-optimization,medium,1120,medium,0.0,critical-points|extrema|optimization|lagrange-multipliers|convexity|gradient-descent,standard,0,0,none,0.0,practice_test,1875.0,expert,0,0,0.0,0,0,0.0,0,0,0.0,0.9872088660459342,0.0,1,25.3645046501087,32,1.0,0.9872088660459342,0,0,expert,1875,0.0,0,0,0.0,0,0,0.0,0,medium,medium,Advanced Learner,4
s14_t19,14,4,1701400857,ds-q403,probability-statistics,probability,easy,920,medium,0.0,sample-spaces|events|conditional-probability|independence,standard,0,0,none,0.0,practice_test,1875.0,expert,0,0,0.0,0,0,0.0,0,0,0.0,0.9959193984367428,0.0,1,48.316390833913495,32,1.0,0.9959193984367428,0,0,expert,1875,0.0,0,0,0.0,0,0,0.0,0,easy,easy,Advanced Learner,2
s14_t19,14,4,1701400858,co-q68,calculus-optimization,co-optimization,hard,2440,high,0.0,critical-points|extrema|optimization|lagrange-multipliers|convexity|gradient-descent,standard,0,0,none,0.0,practice_test,1875.0,expert,0,0,0.0,0,0,0.0,0,0,0.0,0.0372406906564285,0.0,0,46.29884825279986,32,1.0,0.0372406906564285,-1,0,expert,1874,0.0,0,0,0.0,0,0,0.0,-1,hard,hard,Advanced Learner,10
s14_t19,14,4,1701400859,ml-q93,machine-learning,ml-supervised,hard,2190,high,0.0,linear-regression|logistic-regression|decision-trees|svm|naive-bayes|ensemble-methods,standard,0,0,none,0.0,practice_test,1874.0,expert,0,0,0.0,0,0,0.0,0,0,0.0,0.1395488382422879,0.0,0,45.85471424349019,32,1.0,0.1395488382422879,-4,0,expert,1870,0.0,0,0,0.0,0,0,0.0,-4,hard,hard,Advanced Learner,10
s21_t2,21,0,1702100030,ds-q396,machine-learning,machine-learning,easy,790,low,0.0,supervised|unsupervised|reinforcement|evaluation,standard,0,0,none,0.0,practice_test,1727.0,advanced,0,0,0.0,0,0,0.0,0,0,0.0,0.9954759149899092,0.0,0,50.58977230245693,32,1.0,0.9954759149899092,-32,0,advanced,1695,0.0,0,0,0.0,0,0,0.0,-32,easy,easy,Advanced Learner,2
s21_t2,21,0,1702100031,ds-q65,artificial-intelligence,verbal-reasoning,easy,870,low,0.0,comprehension|sentence-correction|para-jumbles,standard,0,0,none,0.0,practice_test,1695.0,advanced,0,0,0.0,0,0,0.0,0,0,0.0,0.9914147023808356,0.0,1,93.2645399344371,32,1.0,0.9914147023808356,0,0,advanced,1695,0.0,0,0,0.0,0,0,0.0,0,easy,easy,Advanced Learner,2
s21_t2,21,0,1702100032,ds-q362,probability-statistics,probability,medium,1110,medium,0.0,sample-spaces|events|conditional-probability|independence,standard,0,0,none,0.0,practice_test,1695.0,advanced,0,0,0.0,0,0,0.0,0,0,0.0,0.9666742338227894,0.0,1,38.060341946286606,32,1.0,0.9666742338227894,1,0,advanced,1696,0.0,0,0,0.0,0,0,0.0,1,medium,medium,Advanced Learner,4
s21_t2,21,0,1702100033,ds-q397,machine-learning,machine-learning,easy,840,low,0.0,supervised|unsupervised|reinforcement|evaluation,standard,0,0,none,0.0,practice_test,1696.0,advanced,0,0,0.0,0,0,0.0,0,0,0.0,0.9928077436902984,0.0,1,82.63680926567645,32,1.0,0.9928077436902984,0,0,advanced,1696,0.0,0,0,0.0,0,0,0.0,0,easy,easy,Advanced Learner,2
s21_t2,21,0,1702100034,ps-q57,probability-statistics,ps-probability,easy,890,low,0.0,basic-probability|bayes-theorem|conditional-probability|independence|random-variables,standard,0,0,none,0.0,practice_test,1696.0,advanced,0,0,0.0,0,0,0.0,0,0,0.0,0.9904319236953452,0.0,1,69.73199813218798,32,1.0,0.9904319236953452,0,0,advanced,1696,0.0,0,0,0.0,0,0,0.0,0,easy,easy,Advanced Learner,2
s21_t2,21,0,1702100035,ai-q51,artificial-intelligence,ai-logic,easy,1250,medium,0.0,propositional-logic|syntax-semantics|truth-tables|validity-satisfiability|inference-rules|soundness-completeness|predicate-logic|first-order-logic|quantifiers|unification|resolution,standard,0,0,none,0.0,practice_test,1696.0,advanced,0,0,0.0,0,0,0.0,0,0,0.0,0.9287326342558504,0.0,1,73.20449809858962,32,1.0,0.9287326342558504,2,0,advanced,1698,0.0,0,0,0.0,0,0,0.0,2,easy,easy,Advanced Learner,4
s21_t2,21,0,1702100036,ps-q73,probability-statistics,ps-distributions,medium,1200,medium,0.0,normal-distribution|binomial-distribution|poisson-distribution|cumulative-distribution|expected-value|variance,standard,0,0,none,0.0,practice_test,1698.0,advanced,0,0,0.0,0,0,0.0,0,0,0.0,0.946176473968739,0.0,1,66.06161078114299,32,1.0,0.946176473968739,2,0,advanced,1700,0.0,0,0,0.0,0,0,0.0,2,medium,medium,Advanced Learner,4
s21_t2,21,0,1702100037,dsa-q66,programming-dsa,dsa-complexity,medium,1150,medium,0.0,time-complexity|space-complexity|big-o-notation,standard,0,0,none,0.0,practice_test,1700.0,advanced,0,0,0.0,0,0,0.0,0,0,0.0,0.9595366739676358,0.0,1,14.38811449073723,32,1.0,0.9595366739676358,1,0,advanced,1701,0.0,0,0,0.0,0,0,0.0,1,medium,medium,Advanced Learner,4
s21_t2,21,0,1702100038,ds-q33,dbms,dbms,medium,1060,medium,0.0,database-fundamentals|acid-properties|transactions,standard,0,0,none,0.0,practice_test,1701.0,advanced,0,0,0.0,0,0,0.0,0,0,0.0,0.9756338529292063,0.0,1,38.00143881089599,32,1.0,0.9756338529292063,1,0,advanced,1702,0.0,0,0,0.0,0,0,0.0,1,medium,medium,Advanced Learner,4
s21_t2,21,0,1702100039,ga-q3,general-aptitude,ga-quantitative-aptitude,easy,820,low,0.0,arithmetic|algebra|geometry|permutations|combinations,standard,0,0,none,0.0,practice_test,1702.0,advanced,0,0,0.0,0,0,0.0,0,0,0.0,0.993801315002845,0.0,0,66.61991443740129,32,1.0,0.993801315002845,-32,0,advanced,1670,0.0,0,0,0.0,0,0,0.0,-32,easy,easy,Advanced Learner,2
s21_t2,21,0,1702100040,dsa-q8,programming-dsa,dsa-complexity,medium,1200,medium,0.0,time-complexity|space-complexity|big-o-notation,standard,0,0,none,0.0,practice_test,1670.0,advanced,0,0,0.0,0,0,0.0,0,0,0.0,0.9373526085461132,0.0,1,86.63987647033085,32,1.0,0.9373526085461132,2,0,advanced,1672,0.0,0,0,0.0,0,0,0.0,2,medium,medium,Advanced Learner,4
s21_t2,21,0,1702100041,la-30,linear-algebra,la-matrices,medium,1210,medium,0.0,,standard,0,0,none,0.0,practice_test,1672.0,advanced,0,0,0.0,0,0,0.0,0,0,0.0,0.934593240137214,0.0,1,27.80756788015636,32,1.0,0.934593240137214,2,0,advanced,1674,0.0,0,0,0.0,0,0,0.0,2,medium,medium,Advanced Learner,4
s21_t2,21,0,1702100042,co-q39,calculus-optimization,co-differentiation,medium,1010,medium,0.0,partial-derivatives|chain-rule|product-rule|critical-points|gradients|implicit-differentiation,standard,0,0,none,0.0,practice_test,1674.0,advanced,0,0,0.0,0,0,0.0,0,0,0.0,0.9785907667495398,0.0,1,83.05168225468825,32,1.0,0.9785907667495398,1,0,advanced,1675,0.0,0,0,0.0,0,0,0.0,1,medium,medium,Advanced Learner,2
s21_t2,21,0,1702100043,dsa-q39,programming-dsa,dsa-arrays,easy,890,low,0.0,array-operations|indexing|searching|sorting,standard,0,0,none,0.0,practice_test,1675.0,advanced,0,0,0.0,0,0,0.0,0,0,0.0,0.9892157235852383,0.0,1,109.08615628650404,32,1.0,0.9892157235852383,0,0,advanced,1675,0.0,0,0,0.0,0,0,0.0,0,easy,easy,Advanced Learner,2
s21_t2,21,0,1702100044,ds-q50,artificial-intelligence,data-structures,medium,1170,medium,0.0,arrays|linked-lists|stacks|queues|trees,standard,0,0,none,0.0,practice_test,1675.0,advanced,0,0,0.0,0,0,0.0,0,0,0.0,0.9481920611104496,0.0,1,54.596809990541885,32,1.0,0.9481920611104496,2,0,advanced,1677,0.0,0,0,0.0,0,0,0.0,2,medium,medium,Advanced Learner,4
s21_t2,21,0,1702100045,dsa-q19,programming-dsa,dsa-complexity,medium,1210,medium,0.0,time-complexity|space-complexity|big-o-notation,standard,0,0,none,0.0,practice_test,1677.0,advanced,0,0,0.0,0,0,0.0,0,0,0.0,0.936330811469416,0.0,1,26.176373791809905,32,1.0,0.936330811469416,2,0,advanced,1679,0.0,0,0,0.0,0,0,0.0,2,medium,medium,Advanced Learner,4
s21_t2,21,0,1702100046,la-q52,linear-algebra,la-eigenvalues,medium,1060,medium,0.0,eigenvalues|eigenvectors|diagonalization|spectral-theorem,standard,0,0,none,0.0,practice_test,1679.0,advanced,0,0,0.0,0,0,0.0,0,0,0.0,0.9724348404615376,0.0,1,85.10361784162946,32,1.0,0.9724348404615376,1,0,advanced,1680,0.0,0,0,0.0,0,0,0.0,1,medium,medium,Advanced Learner,4
s21_t2,21,0,1702100047,la-q48,linear-algebra,la-matrices,medium,1340,high,0.0,addition|scalar-multiplication|matrix-multiplication|determinants|minors|cofactors|symmetric|orthogonal,standard,0,0,none,0.0,practice_test,1680.0,advanced,0,0,0.0,0,0,0.0,0,0,0.0,0.8762293189310646,0.0,1,67.15592111697687,32,1.0,0.8762293189310646,4,0,advanced,1684,0.0,0,0,0.0,0,0,0.0,4,medium,medium,Advanced Learner,4
s21_t2,21,0,1702100048,ds-q215,probability-statistics,probability,easy,870,low,0.0,sample-spaces|events|conditional-probability|independence,standard,0,0,none,0.0,practice_test,1684.0,advanced,0,0,0.0,0,0,0.0,0,0,0.0,0.990858621474774,0.0,1,75.86109046805335,32,1.0,0.990858621474774,0,0,advanced,1684,0.0,0,0,0.0,0,0,0.0,0,easy,easy,Advanced Learner,2
s21_t2,21,0,1702100049,ds-q88,probability-statistics,probability,easy,750,low,0.0,sample-spaces|events|conditional-probability|independence,standard,0,0,none,0.0,practice_test,1684.0,advanced,0,0,0.0,0,0,0.0,0,0,0.0,0.9953974710065774,0.0,1,65.8536748042774,32,1.0,0.9953974710065774,0,0,advanced,1684,0.0,0,0,0.0,0,0,0.0,0,easy,easy,Advanced Learner,2
s21_t2,21,0,1702100050,dbms-q14,dbms,dbms-sql,medium,1430,high,0.0,select|joins|group-by|aggregation,standard,0,0,none,0.0,practice_test,1684.0,advanced,0,0,0.0,0,0,0.0,0,0,0.0,0.8118599983337865,0.0,1,68.00484732786862,32,1.0,0.8118599983337865,6,0,advanced,1690,0.0,0,0,0.0,0,0,0.0,6,medium,medium,Advanced Learner,6
s21_t2,21,0,1702100051,ga-q7,general-aptitude,ga-quantitative-aptitude,easy,820,low,0.0,arithmetic|algebra|geometry|permutations|combinations,standard,0,0,none,0.0,practice_test,1690.0,advanced,0,0,0.0,0,0,0.0,0,0,0.0,0.9933609326272824,0.0,1,32.08040383736392,32,1.0,0.9933609326272824,0,0,advanced,1690,0.0,0,0,0.0,0,0,0.0,0,easy,easy,Advanced Learner,2
s21_t2,21,0,1702100052,la-q53,linear-algebra,la-eigenvalues,medium,1270,medium,0.0,eigenvalues|eigenvectors|diagonalization|spectral-theorem,standard,0,0,none,0.0,practice_test,1690.0,advanced,0,0,0.0,0,0,0.0,0,0,0.0,0.918168175244848,0.0,1,96.2218027302714,32,1.0,0.918168175244848,3,0,advanced,1693,0.0,0,0,0.0,0,0,0.0,3,medium,medium,Advanced Learner,4
s21_t2,21,0,1702100053,ga-q9,general-aptitude,ga-logical-reasoning,easy,960,medium,0.0,syllogisms|logical-deduction|critical-reasoning,standard,0,0,none,0.0,practice_test,1693.0,advanced,0,0,0.0,0,0,0.0,0,0,0.0,0.985506953260262,0.0,1,57.13990483258375,32,1.0,0.985506953260262,0,0,advanced,1693,0.0,0,0,0.0,0,0,0.0,0,easy,easy,Advanced Learner,2
s21_t2,21,0,1702100054,ps-q80,probability-statistics,ps-hypothesis,medium,1050,medium,0.0,hypothesis-testing|p-value|type-I-error|type-II-error|t-test|significance-level,standard,0,0,none,0.0,practice_test,1693.0,advanced,0,0,0.0,0,0,0.0,0,0,0.0,0.975906049696468,0.0,1,64.99897252542371,32,1.0,0.975906049696468,1,0,advanced,1694,0.0,0,0,0.0,0,0,0.0,1,medium,medium,Advanced Learner,2
s21_t2,21,0,1702100055,la-q26,linear-algebra,la-vector-spaces,medium,1230,medium,0.0,vector-addition|scalar-multiplication|sub-spaces|linear-combinations|spanning-sets|linear-independence|basis|dimension,standard,0,0,none,0.0,practice_test,1694.0,advanced,0,0,0.0,0,0,0.0,0,0,0.0,0.9352934990460784,0.0,1,86.8048266023381,32,1.0,0.9352934990460784,2,0,advanced,1696,0.0,0,0,0.0,0,0,0.0,2,medium,medium,Advanced Learner,4
s21_t2,21,0,1702100056,ds-q369,machine-learning,machine-learning,medium,1140,medium,0.0,supervised|unsupervised|reinforcement|evaluation,standard,0,0,none,0.0,practice_test,1696.0,advanced,0,0,0.0,0,0,0.0,0,0,0.0,0.9608565972483072,0.0,1,9.589283459871597,32,1.0,0.9608565972483072,1,0,advanced,1697,0.0,0,0,0.0,0,0,0.0,1,medium,medium,Advanced Learner,4
s21_t2,21,0,1702100057,ml-q43,machine-learning,ml-supervised,medium,1420,high,0.0,linear-regression|logistic-regression|decision-trees|svm,standard,0,0,none,0.0,practice_test,1697.0,advanced,0,0,0.0,0,0,0.0,0,0,0.0,0.8312539156520465,0.0,1,65.76239703920027,32,1.0,0.8312539156520465,5,0,advanced,1702,0.0,0,0,0.0,0,0,0.0,5,medium,medium,Advanced Learner,6
s21_t2,21,0,1702100058,co-q48,calculus-optimization,co-integration,easy,860,low,0.0,definite-integrals|indefinite-integrals|integration-by-parts|u-substitution|fundamental-theorem,standard,0,0,none,0.0,practice_test,1702.0,advanced,0,0,0.0,0,0,0.0,0,0,0.0,0.9922088227539904,0.0,0,48.87300095387274,32,1.0,0.9922088227539904,-32,0,advanced,1670,0.0,0,0,0.0,0,0,0.0,-32,easy,easy,Advanced Learner,2
s21_t2,21,0,1702100059,dsa-q43,programming-dsa,dsa-arrays,easy,1250,medium,0.0,array-operations|indexing|searching|sorting,standard,0,0,none,0.0,practice_test,1670.0,advanced,0,0,0.0,0,0,0.0,0,0,0.0,0.918168175244848,0.0,1,40.21237885298634,32,1.0,0.918168175244848,3,0,advanced,1673,0.0,0,0,0.0,0,0,0.0,3,easy,easy,Advanced Learner,4
s21_t2,21,0,1702100060,co-q6,calculus-optimization,co-optimization,medium,1350,high,0.0,critical-points|extrema|optimization|lagrange-multipliers,standard,0,0,none,0.0,practice_test,1673.0,advanced,0,0,0.0,0,0,0.0,0,0,0.0,0.8652197052285583,0.0,1,74.77696773466526,32,1.0,0.8652197052285583,4,0,advanced,1677,0.0,0,0,0.0,0,0,0.0,4,medium,medium,Advanced Learner,4
s21_t2,21,0,1702100061,ga-q2,general-aptitude,ga-quantitative-aptitude,easy,860,low,0.0,arithmetic|algebra|geometry|permutations|combinations,standard,0,0,none,0.0,practice_test,1677.0,advanced,0,0,0.0,0,0,0.0,0,0,0.0,0.9910137257293588,0.0,1,20.435202323961786,32,1.0,0.9910137257293588,0,0,advanced,1677,0.0,0,0,0.0,0,0,0.0,0,easy,easy,Advanced Learner,2
s21_t2,21,0,1702100062,dsa-q20,programming-dsa,dsa-complexity,hard,2460,high,0.0,time-complexity|space-complexity|big-o-notation,standard,0,0,none,0.0,practice_test,1677.0,advanced,0,0,0.0,0,0,0.0,0,0,0.0,0.0109077903286204,0.0,1,34.59382621899775,32,1.0,0.0109077903286204,32,0,advanced,1709,0.0,0,0,0.0,0,0,0.0,32,hard,hard,Advanced Learner,10
s21_t2,21,0,1702100063,ga-q20,general-aptitude,ga-quantitative-aptitude,medium,1170,medium,0.0,arithmetic|algebra|geometry|permutations|combinations,standard,0,0,none,0.0,practice_test,1709.0,advanced,0,0,0.0,0,0,0.0,0,0,0.0,0.9570053549512674,0.0,1,84.47119933082087,32,1.0,0.9570053549512674,1,0,advanced,1710,0.0,0,0,0.0,0,0,0.0,1,medium,medium,Advanced Learner,4
s21_t2,21,0,1702100064,dsa-q67,programming-dsa,dsa-complexity,easy,740,low,0.0,time-complexity|space-complexity|big-o-notation,standard,0,0,none,0.0,practice_test,1710.0,advanced,0,0,0.0,0,0,0.0,0,0,0.0,0.9962556984428966,0.0,1,72.42488019630224,32,1.0,0.9962556984428966,0,0,advanced,1710,0.0,0,0,0.0,0,0,0.0,0,easy,easy,Advanced Learner,2
s21_t2,21,0,1702100065,dbms-q27,dbms,dbms-sql,easy,830,low,0.0,select|joins|group-by|aggregation,standard,0,0,none,0.0,practice_test,1710.0,advanced,0,0,0.0,0,0,0.0,0,0,0.0,0.993729987658566,0.0,1,55.02344962056591,32,1.0,0.993729987658566,0,0,advanced,1710,0.0,0,0,0.0,0,0,0.0,0,easy,easy,Advanced Learner,2
s21_t2,21,0,1702100066,ga-q27,general-aptitude,ga-quantitative-aptitude,easy,730,low,0.0,arithmetic|algebra|geometry|permutations|combinations,standard,0,0,none,0.0,practice_test,1710.0,advanced,0,0,0.0,0,0,0.0,0,0,0.0,0.996464410851352,0.0,1,101.23065126667616,32,1.0,0.996464410851352,0,0,advanced,1710,0.0,0,0,0.0,0,0,0.0,0,easy,easy,Advanced Learner,2
s21_t2,21,0,1702100067,dsa-q27,programming-dsa,dsa-arrays,easy,990,medium,0.0,array-operations|indexing|searching|sorting,standard,0,0,none,0.0,practice_test,1710.0,advanced,0,0,0.0,0,0,0.0,0,0,0.0,0.9843983377581704,0.0,1,50.77891759668843,32,1.0,0.9843983377581704,0,0,advanced,1710,0.0,0,0,0.0,0,0,0.0,0,easy,easy,Advanced Learner,2
s21_t2,21,0,1702100068,ml-q81,machine-learning,ml-supervised,easy,810,low,0.0,linear-regression|logistic-regression|decision-trees|svm|naive-bayes|ensemble-methods,standard,0,0,none,0.0,practice_test,1710.0,advanced,0,0,0.0,0,0,0.0,0,0,0.0,0.9944080326911652,0.0,1,24.59502925168448,32,1.0,0.9944080326911652,0,0,advanced,1710,0.0,0,0,0.0,0,0,0.0,0,easy,easy,Advanced Learner,2
s21_t2,21,0,1702100069,ga-q25,general-aptitude,ga-verbal-reasoning,easy,860,low,0.0,reading-comprehension|vocabulary|sentence-correction|para-jumbles,standard,0,0,none,0.0,practice_test,1710.0,advanced,0,0,0.0,0,0,0.0,0,0,0.0,0.9925568734814316,0.0,1,95.39401443464494,32,1.0,0.9925568734814316,0,0,advanced,1710,0.0,0,0,0.0,0,0,0.0,0,easy,easy,Advanced Learner,2
s24_t8,24,1,1702400305,co-q11,calculus-optimization,co-optimization,medium,1160,medium,0.0,critical-points|extrema|optimization|lagrange-multipliers,standard,0,0,none,0.0,practice_test,1858.0,expert,0,0,0.0,0,0,0.0,0,0,0.0,0.9823291663359556,0.0,1,113.98829335434068,32,1.0,0.9823291663359556,1,0,expert,1859,0.0,0,0,0.0,0,0,0.0,1,medium,medium,Advanced Learner,4
s24_t8,24,1,1702400306,ds-q44,probability-statistics,probability,medium,1400,high,0.0,sample-spaces|events|conditional-probability|independence,standard,0,0,none,0.0,practice_test,1859.0,expert,0,0,0.0,0,0,0.0,0,0,0.0,0.9335296284754416,0.0,1,76.57009948728214,32,1.0,0.9335296284754416,2,0,expert,1861,0.0,0,0,0.0,0,0,0.0,2,medium,medium,Advanced Learner,4
s24_t8,24,1,1702400307,dsa-q44,programming-dsa,dsa-trees,easy,910,medium,0.0,binary-trees|bst|tree-traversal|balanced-trees,standard,0,0,none,0.0,practice_test,1861.0,expert,0,0,0.0,0,0,0.0,0,0,0.0,0.9958247458715151,0.0,1,76.10119842014048,32,1.0,0.9958247458715151,0,0,expert,1861,0.0,0,0,0.0,0,0,0.0,0,easy,easy,Advanced Learner,2
s24_t8,24,1,1702400308,la-18,linear-algebra,la-matrices,medium,1210,medium,0.0,,standard,0,0,none,0.0,practice_test,1861.0,expert,0,0,0.0,0,0,0.0,0,0,0.0,0.9769654773084296,0.0,1,100.44165252358164,32,1.0,0.9769654773084296,1,0,expert,1862,0.0,0,0,0.0,0,0,0.0,1,medium,medium,Advanced Learner,4
s24_t8,24,1,1702400309,ds-q412,machine-learning,machine-learning,medium,1200,medium,0.0,supervised|unsupervised|reinforcement|evaluation,standard,0,0,none,0.0,practice_test,1862.0,expert,0,0,0.0,0,0,0.0,0,0,0.0,0.9783482271435652,0.0,1,20.66481927504784,32,1.0,0.9783482271435652,1,0,expert,1863,0.0,0,0,0.0,0,0,0.0,1,medium,medium,Advanced Learner,4
s24_t8,24,1,1702400310,ds-q71,probability-statistics,probability,medium,1220,medium,0.0,sample-spaces|events|conditional-probability|independence,standard,0,0,none,0.0,practice_test,1863.0,expert,0,0,0.0,0,0,0.0,0,0,0.0,0.975906049696468,0.0,1,97.81864398249768,32,1.0,0.975906049696468,1,0,expert,1864,0.0,0,0,0.0,0,0,0.0,1,medium,medium,Advanced Learner,4
s24_t8,24,1,1702400311,dsa-q63,programming-dsa,dsa-trees,easy,820,low,0.0,binary-trees|bst|tree-traversal|balanced-trees,standard,0,0,none,0.0,practice_test,1864.0,expert,0,0,0.0,0,0,0.0,0,0,0.0,0.9975513019253108,0.0,1,86.47345173851906,32,1.0,0.9975513019253108,0,0,expert,1864,0.0,0,0,0.0,0,0,0.0,0,easy,easy,Advanced Learner,2
s24_t8,24,1,1702400312,ds-q305,machine-learning,machine-learning,medium,1150,medium,0.0,supervised|unsupervised|reinforcement|evaluation,standard,0,0,none,0.0,practice_test,1864.0,expert,0,0,0.0,0,0,0.0,0,0,0.0,0.9838589113182012,0.0,1,53.29123424627193,32,1.0,0.9838589113182012,1,0,expert,1865,0.0,0,0,0.0,0,0,0.0,1,medium,medium,Advanced Learner,4
s24_t8,24,1,1702400313,ai-q54,artificial-intelligence,ai-logic,hard,1560,high,0.0,propositional-logic|syntax-semantics|truth-tables|validity-satisfiability|inference-rules|soundness-completeness|predicate-logic|first-order-logic|quantifiers|unification|resolution,standard,0,0,none,0.0,practice_test,1865.0,expert,0,0,0.0,0,0,0.0,0,0,0.0,0.8526729520561114,0.0,1,30.866405703405064,32,1.0,0.8526729520561114,5,0,expert,1870,0.0,0,0,0.0,0,0,0.0,5,hard,hard,Advanced Learner,6
s24_t8,24,1,1702400314,la-q58,linear-algebra,la-eigenvalues,medium,1130,medium,0.0,eigenvalues|eigenvectors|diagonalization|spectral-theorem,standard,0,0,none,0.0,practice_test,1870.0,expert,0,0,0.0,0,0,0.0,0,0,0.0,0.9860713716585464,0.0,1,70.80849227155197,32,1.0,0.9860713716585464,0,0,expert,1870,0.0,0,0,0.0,0,0,0.0,0,medium,medium,Advanced Learner,4
s24_t8,24,1,1702400315,ml-q29,machine-learning,ml-supervised,medium,1040,medium,0.0,linear-regression|logistic-regression|decision-trees|svm,standard,0,0,none,0.0,practice_test,1870.0,expert,0,0,0.0,0,0,0.0,0,0,0.0,0.9916562524698976,0.0,1,82.89777429282454,32,1.0,0.9916562524698976,0,0,expert,1870,0.0,0,0,0.0,0,0,0.0,0,medium,medium,Advanced Learner,2
s24_t8,24,1,1702400316,co-q29,calculus-optimization,co-differentiation,medium,1460,high,0.0,partial-derivatives|chain-rule|product-rule|critical-points|gradients|implicit-differentiation,standard,0,0,none,0.0,practice_test,1870.0,expert,0,0,0.0,0,0,0.0,0,0,0.0,0.9137376073691662,0.0,1,104.64551843310367,32,1.0,0.9137376073691662,3,0,expert,1873,0.0,0,0,0.0,0,0,0.0,3,medium,medium,Advanced Learner,6
s24_t8,24,1,1702400317,ps-q12,probability-statistics,ps-hypothesis,medium,1000,medium,0.0,hypothesis-testing|p-value|type-I-error|type-II-error,standard,0,0,none,0.0,practice_test,1873.0,expert,0,0,0.0,0,0,0.0,0,0,0.0,0.9934738591274916,0.0,1,24.630683144109472,32,1.0,0.9934738591274916,0,0,expert,1873,0.0,0,0,0.0,0,0,0.0,0,medium,medium,Advanced Learner,2
s24_t8,24,1,1702400318,ds-q322,machine-learning,machine-learning,hard,1700,high,0.0,supervised|unsupervised|reinforcement|evaluation,standard,0,0,none,0.0,practice_test,1873.0,expert,0,0,0.0,0,0,0.0,0,0,0.0,0.730245413297424,0.0,1,86.68667967901274,32,1.0,0.730245413297424,9,0,expert,1882,0.0,0,0,0.0,0,0,0.0,9,hard,hard,Advanced Learner,6
s24_t8,24,1,1702400319,dsa-q60,programming-dsa,dsa-trees,medium,1050,medium,0.0,binary-trees|bst|tree-traversal|balanced-trees,standard,0,0,none,0.0,practice_test,1882.0,expert,0,0,0.0,0,0,0.0,0,0,0.0,0.9917509746929464,0.0,1,5.0,32,1.0,0.9917509746929464,0,0,expert,1882,0.0,0,0,0.0,0,0,0.0,0,medium,medium,Advanced Learner,2
s24_t8,24,1,1702400320,ds-q98,dbms,dbms,medium,1210,medium,0.0,database-fundamentals|acid-properties|transactions,standard,0,0,none,0.0,practice_test,1882.0,expert,0,0,0.0,0,0,0.0,0,0,0.0,0.9795346210617804,0.0,1,68.55274736863473,32,1.0,0.9795346210617804,1,0,expert,1883,0.0,0,0,0.0,0,0,0.0,1,medium,medium,Advanced Learner,4
s24_t8,24,1,1702400321,dsa-q47,programming-dsa,dsa-trees,medium,1280,medium,0.0,binary-trees|bst|tree-traversal|balanced-trees,standard,0,0,none,0.0,practice_test,1883.0,expert,0,0,0.0,0,0,0.0,0,0,0.0,0.969855570799269,0.0,1,83.70436794059928,32,1.0,0.969855570799269,1,0,expert,1884,0.0,0,0,0.0,0,0,0.0,1,medium,medium,Advanced Learner,4
s24_t8,24,1,1702400322,ml-q21,general-aptitude,unknown,medium,1310,high,0.0,,standard,0,0,none,0.0,practice_test,1884.0,expert,0,0,0.0,0,0,0.0,0,0,0.0,0.9645729430479154,0.0,1,59.27316188747122,32,1.0,0.9645729430479154,1,0,expert,1885,0.0,0,0,0.0,0,0,0.0,1,medium,medium,Advanced Learner,4
s24_t8,24,1,1702400323,ds-q316,machine-learning,machine-learning,medium,1360,high,0.0,supervised|unsupervised|reinforcement|evaluation,standard,0,0,none,0.0,practice_test,1885.0,expert,0,0,0.0,0,0,0.0,0,0,0.0,0.953564505277882,0.0,1,78.6116343723446,32,1.0,0.953564505277882,1,0,expert,1886,0.0,0,0,0.0,0,0,0.0,1,medium,medium,Advanced Learner,4
s24_t8,24,1,1702400324,ds-q118,dbms,dbms,medium,1460,high,0.0,database-fundamentals|acid-properties|transactions,standard,0,0,none,0.0,practice_test,1886.0,expert,0,0,0.0,0,0,0.0,0,0,0.0,0.9207260613687934,0.0,1,39.18010606515655,32,1.0,0.9207260613687934,3,0,expert,1889,0.0,0,0,0.0,0,0,0.0,3,medium,medium,Advanced Learner,6
s24_t8,24,1,1702400325,dsa-q81,programming-dsa,dsa-complexity,medium,1310,high,0.0,time-complexity|space-complexity|big-o-notation,standard,0,0,none,0.0,practice_test,1889.0,expert,0,0,0.0,0,0,0.0,0,0,0.0,0.9655434476270603,0.0,1,27.633543296133272,32,1.0,0.9655434476270603,1,0,expert,1890,0.0,0,0,0.0,0,0,0.0,1,medium,medium,Advanced Learner,4
s24_t8,24,1,1702400326,ga-q16,general-aptitude,ga-verbal-reasoning,medium,1010,medium,0.0,reading-comprehension|vocabulary|sentence-correction|para-jumbles,standard,0,0,none,0.0,practice_test,1890.0,expert,0,0,0.0,0,0,0.0,0,0,0.0,0.993729987658566,0.0,0,34.7403514675428,32,1.0,0.993729987658566,-32,0,expert,1858,0.0,0,0,0.0,0,0,0.0,-32,medium,medium,Advanced Learner,2
s24_t8,24,1,1702400327,dsa-q19,programming-dsa,dsa-complexity,medium,1210,medium,0.0,time-complexity|space-complexity|big-o-notation,standard,0,0,none,0.0,practice_test,1858.0,expert,0,0,0.0,0,0,0.0,0,0,0.0,0.9765736302784176,0.0,0,109.49632897032092,32,1.0,0.9765736302784176,-31,0,expert,1827,0.0,0,0,0.0,0,0,0.0,-31,medium,medium,Advanced Learner,4
s24_t8,24,1,1702400328,dbms-q56,dbms,dbms-normalization,medium,1350,high,0.0,functional-dependencies|closure-of-attributes|canonical-cover|lossless-join-decomposition|dependency-preservation|first-normal-form|second-normal-form|third-normal-form|boyce-codd-normal-form,standard,0,0,none,0.0,practice_test,1827.0,expert,0,0,0.0,0,0,0.0,0,0,0.0,0.939677565785312,0.0,0,41.37961770402168,32,1.0,0.939677565785312,-30,0,advanced,1797,0.0,0,0,0.0,0,0,0.0,-30,medium,medium,Advanced Learner,4
s24_t8,24,1,1702400329,dsa-q23,programming-dsa,dsa-complexity,easy,710,low,0.0,time-complexity|space-complexity|big-o-notation,standard,0,0,none,0.0,practice_test,1797.0,advanced,0,0,0.0,0,0,0.0,0,0,0.0,0.9980872047349112,0.0,1,23.61501778265511,32,1.0,0.9980872047349112,0,0,advanced,1797,0.0,0,0,0.0,0,0,0.0,0,easy,easy,Advanced Learner,2
s24_t8,24,1,1702400330,ga-q13,general-aptitude,ga-quantitative-aptitude,easy,880,low,0.0,arithmetic|algebra|geometry|permutations|combinations,standard,0,0,none,0.0,practice_test,1797.0,advanced,0,0,0.0,0,0,0.0,0,0,0.0,0.9949266937058244,0.0,1,63.26091646574956,32,1.0,0.9949266937058244,0,0,advanced,1797,0.0,0,0,0.0,0,0,0.0,0,easy,easy,Advanced Learner,2
s24_t8,24,1,1702400331,ml-q130,machine-learning,ml-evaluation,medium,1230,medium,0.0,accuracy|precision|recall|f1-score|cross-validation,standard,0,0,none,0.0,practice_test,1797.0,advanced,0,0,0.0,0,0,0.0,0,0,0.0,0.9631698996766196,0.0,1,75.09053366333254,32,1.0,0.9631698996766196,1,0,advanced,1798,0.0,0,0,0.0,0,0,0.0,1,medium,medium,Advanced Learner,4
s24_t8,24,1,1702400332,la-q32,linear-algebra,la-matrices,medium,1400,high,0.0,addition|scalar-multiplication|matrix-multiplication|determinants|minors|cofactors|symmetric|orthogonal,standard,0,0,none,0.0,practice_test,1798.0,advanced,0,0,0.0,0,0,0.0,0,0,0.0,0.908134935731807,0.0,1,32.55408870202804,32,1.0,0.908134935731807,3,0,expert,1801,0.0,0,0,0.0,0,0,0.0,3,medium,medium,Advanced Learner,4
s24_t8,24,1,1702400333,co-q30,calculus-optimization,co-differentiation,easy,920,medium,0.0,partial-derivatives|chain-rule|product-rule|critical-points|gradients|implicit-differentiation,standard,0,0,none,0.0,practice_test,1801.0,expert,0,0,0.0,0,0,0.0,0,0,0.0,0.9937657526988556,0.0,1,105.63357799128464,32,1.0,0.9937657526988556,0,0,expert,1801,0.0,0,0,0.0,0,0,0.0,0,easy,easy,Advanced Learner,2
s24_t8,24,1,1702400334,ps-q9,probability-statistics,ps-probability,easy,1190,medium,0.0,probability-theory|conditional-probability|independence,standard,0,0,none,0.0,practice_test,1801.0,expert,0,0,0.0,0,0,0.0,0,0,0.0,0.9711731836042778,0.0,1,58.99060464830448,32,1.0,0.9711731836042778,1,0,expert,1802,0.0,0,0,0.0,0,0,0.0,1,easy,easy,Advanced Learner,4
s24_t8,24,1,1702400335,dsa-q65,programming-dsa,dsa-complexity,medium,1020,medium,0.0,time-complexity|space-complexity|big-o-notation,standard,0,0,none,0.0,practice_test,1802.0,expert,0,0,0.0,0,0,0.0,0,0,0.0,0.9890299291108944,0.0,1,98.44983904957049,32,1.0,0.9890299291108944,0,0,expert,1802,0.0,0,0,0.0,0,0,0.0,0,medium,medium,Advanced Learner,2
s24_t8,24,1,1702400336,ds-q356,machine-learning,machine-learning,medium,1160,medium,0.0,supervised|unsupervised|reinforcement|evaluation,standard,0,0,none,0.0,practice_test,1802.0,expert,0,0,0.0,0,0,0.0,0,0,0.0,0.9757703240518194,0.0,1,42.94582296290688,32,1.0,0.9757703240518194,1,0,expert,1803,0.0,0,0,0.0,0,0,0.0,1,medium,medium,Advanced Learner,4
s24_t8,24,1,1702400337,ds-q60,artificial-intelligence,data-structures,easy,710,low,0.0,arrays|linked-lists|stacks|queues|trees,standard,0,0,none,0.0,practice_test,1803.0,expert,0,0,0.0,0,0,0.0,0,0,0.0,0.9981520224493884,0.0,1,50.61396689165448,32,1.0,0.9981520224493884,0,0,expert,1803,0.0,0,0,0.0,0,0,0.0,0,easy,easy,Advanced Learner,2
s24_t8,24,1,1702400338,la-q50,linear-algebra,la-eigenvalues,hard,2050,high,0.0,eigenvalues|eigenvectors|diagonalization|spectral-theorem,standard,0,0,none,0.0,practice_test,1803.0,expert,0,0,0.0,0,0,0.0,0,0,0.0,0.1943723059563497,0.0,1,41.55853065438372,32,1.0,0.1943723059563497,26,0,expert,1829,0.0,0,0,0.0,0,0,0.0,26,hard,hard,Advanced Learner,8
s24_t8,24,1,1702400339,dbms-q16,dbms,dbms-sql,medium,1450,high,0.0,select|joins|group-by|aggregation,standard,0,0,none,0.0,practice_test,1829.0,expert,0,0,0.0,0,0,0.0,0,0,0.0,0.8985940288909822,0.0,1,86.47096838000002,32,1.0,0.8985940288909822,3,0,expert,1832,0.0,0,0,0.0,0,0,0.0,3,medium,medium,Advanced Learner,6
s24_t8,24,1,1702400340,ml-q22,general-aptitude,unknown,easy,1340,high,0.0,,standard,0,0,none,0.0,practice_test,1832.0,expert,0,0,0.0,0,0,0.0,0,0,0.0,0.9443901832417966,0.0,1,67.58779387035175,32,1.0,0.9443901832417966,2,0,expert,1834,0.0,0,0,0.0,0,0,0.0,2,easy,easy,Advanced Learner,4
s24_t8,24,1,1702400341,dsa-q45,programming-dsa,dsa-trees,easy,730,low,0.0,binary-trees|bst|tree-traversal|balanced-trees,standard,0,0,none,0.0,practice_test,1834.0,expert,0,0,0.0,0,0,0.0,0,0,0.0,0.9982652138840008,0.0,1,53.06487304008637,32,1.0,0.9982652138840008,0,0,expert,1834,0.0,0,0,0.0,0,0,0.0,0,easy,easy,Advanced Learner,2
s24_t8,24,1,1702400342,ga-q24,general-aptitude,ga-quantitative-aptitude,easy,800,low,0.0,arithmetic|algebra|geometry|permutations|combinations,standard,0,0,none,0.0,practice_test,1834.0,expert,0,0,0.0,0,0,0.0,0,0,0.0,0.9974065837329428,0.0,1,33.026937461024545,32,1.0,0.9974065837329428,0,0,expert,1834,0.0,0,0,0.0,0,0,0.0,0,easy,easy,Advanced Learner,2
s24_t8,24,1,1702400343,ds-q448,probability-statistics,probability,easy,1200,medium,0.0,sample-spaces|events|conditional-probability|independence,standard,0,0,none,0.0,practice_test,1834.0,expert,0,0,0.0,0,0,0.0,0,0,0.0,0.9746573536119648,0.0,1,98.1053077610974,32,1.0,0.9746573536119648,1,0,expert,1835,0.0,0,0,0.0,0,0,0.0,1,easy,easy,Advanced Learner,4
s24_t8,24,1,1702400344,ds-q410,calculus-optimization,calculus,easy,790,low,0.0,derivatives|integrals|limits|continuity,standard,0,0,none,0.0,practice_test,1835.0,expert,0,0,0.0,0,0,0.0,0,0,0.0,0.9975653230509444,0.0,1,91.34680571938756,32,1.0,0.9975653230509444,0,0,expert,1835,0.0,0,0,0.0,0,0,0.0,0,easy,easy,Advanced Learner,2
s24_t8,24,1,1702400345,ga-q9,general-aptitude,ga-logical-reasoning,easy,960,medium,0.0,syllogisms|logical-deduction|critical-reasoning,standard,0,0,none,0.0,practice_test,1835.0,expert,0,0,0.0,0,0,0.0,0,0,0.0,0.9935480812594234,0.0,1,63.78156408619066,32,1.0,0.9935480812594234,0,0,expert,1835,0.0,0,0,0.0,0,0,0.0,0,easy,easy,Advanced Learner,2
s24_t8,24,1,1702400346,ps-q85,probability-statistics,ps-hypothesis,medium,1220,medium,0.0,hypothesis-testing|p-value|type-I-error|type-II-error|t-test|significance-level,standard,0,0,none,0.0,practice_test,1835.0,expert,0,0,0.0,0,0,0.0,0,0,0.0,0.9718108649534384,0.0,1,52.3757141000755,32,1.0,0.9718108649534384,1,0,expert,1836,0.0,0,0,0.0,0,0,0.0,1,medium,medium,Advanced Learner,4
s24_t8,24,1,1702400347,dsa-q10,programming-dsa,dsa-trees,medium,1200,medium,0.0,binary-trees|bst|tree-traversal|balanced-trees,standard,0,0,none,0.0,practice_test,1836.0,expert,0,0,0.0,0,0,0.0,0,0,0.0,0.974940178760618,0.0,1,101.75063911471344,32,1.0,0.974940178760618,1,0,expert,1837,0.0,0,0,0.0,0,0,0.0,1,medium,medium,Advanced Learner,4
s24_t8,24,1,1702400348,dsa-q15,programming-dsa,dsa-arrays,easy,840,low,0.0,array-operations|indexing|searching|sorting,standard,0,0,none,0.0,practice_test,1837.0,expert,0,0,0.0,0,0,0.0,0,0,0.0,0.9967929556915032,0.0,1,88.613896134988,32,1.0,0.9967929556915032,0,0,expert,1837,0.0,0,0,0.0,0,0,0.0,0,easy,easy,Advanced Learner,2
s24_t8,24,1,1702400349,ml-q135,machine-learning,ml-evaluation,medium,1290,medium,0.0,accuracy|precision|recall|f1-score|cross-validation,standard,0,0,none,0.0,practice_test,1837.0,expert,0,0,0.0,0,0,0.0,0,0,0.0,0.9588608252365122,0.0,1,84.13520287321073,32,1.0,0.9588608252365122,1,0,expert,1838,0.0,0,0,0.0,0,0,0.0,1,medium,medium,Advanced Learner,4
s24_t8,24,1,1702400350,ds-q156,probability-statistics,probability,easy,800,low,0.0,sample-spaces|events|conditional-probability|independence,standard,0,0,none,0.0,practice_test,1838.0,expert,0,0,0.0,0,0,0.0,0,0,0.0,0.9974654674724248,0.0,1,74.7202341437376,32,1.0,0.9974654674724248,0,0,expert,1838,0.0,0,0,0.0,0,0,0.0,0,easy,easy,Advanced Learner,2
s24_t8,24,1,1702400351,la-q21,linear-algebra,la-eigenvalues,hard,1530,high,0.0,eigenvalues|eigenvectors|diagonalization|spectral-theorem,standard,0,0,none,0.0,practice_test,1838.0,expert,0,0,0.0,0,0,0.0,0,0,0.0,0.8548291775317596,0.0,1,10.835906226517375,32,1.0,0.8548291775317596,5,0,expert,1843,0.0,0,0,0.0,0,0,0.0,5,hard,hard,Advanced Learner,6
s24_t8,24,1,1702400352,la-q15,linear-algebra,la-eigenvalues,hard,1700,high,0.0,eigenvalues|eigenvectors|diagonalization|spectral-theorem,standard,0,0,none,0.0,practice_test,1843.0,expert,0,0,0.0,0,0,0.0,0,0,0.0,0.6949097127295025,0.0,1,39.87926119518163,32,1.0,0.6949097127295025,10,0,expert,1853,0.0,0,0,0.0,0,0,0.0,10,hard,hard,Advanced Learner,6
s24_t8,24,1,1702400353,ga-q25,general-aptitude,ga-verbal-reasoning,easy,860,low,0.0,reading-comprehension|vocabulary|sentence-correction|para-jumbles,standard,0,0,none,0.0,practice_test,1853.0,expert,0,0,0.0,0,0,0.0,0,0,0.0,0.9967184991667356,0.0,1,48.59292315155521,32,1.0,0.9967184991667356,0,0,expert,1853,0.0,0,0,0.0,0,0,0.0,0,easy,easy,Advanced Learner,2
s24_t8,24,1,1702400354,la-36,linear-algebra,la-eigenvalues,hard,1510,high,0.0,,standard,0,0,none,0.0,practice_test,1853.0,expert,0,0,0.0,0,0,0.0,0,0,0.0,0.8780900739425958,0.0,1,94.2331518606793,32,1.0,0.8780900739425958,4,0,expert,1857,0.0,0,0,0.0,0,0,0.0,4,hard,hard,Advanced Learner,6
s24_t8,24,1,1702400355,ps-q91,probability-statistics,ps-hypothesis,easy,780,low,0.0,hypothesis-testing|p-value|type-I-error|type-II-error|t-test|significance-level,standard,0,0,none,0.0,practice_test,1857.0,expert,0,0,0.0,0,0,0.0,0,0,0.0,0.9979740941066234,0.0,1,99.67979028741809,32,1.0,0.9979740941066234,0,0,expert,1857,0.0,0,0,0.0,0,0,0.0,0,easy,easy,Advanced Learner,2
s24_t8,24,1,1702400356,ga-q27,general-aptitude,ga-quantitative-aptitude,easy,730,low,0.0,arithmetic|algebra|geometry|permutations|combinations,standard,0,0,none,0.0,practice_test,1857.0,expert,0,0,0.0,0,0,0.0,0,0,0.0,0.9984800147393638,0.0,1,48.35862918512376,32,1.0,0.9984800147393638,0,0,expert,1857,0.0,0,0,0.0,0,0,0.0,0,easy,easy,Advanced Learner,2
s24_t8,24,1,1702400357,ps-q40,probability-statistics,ps-probability,medium,1350,high,0.0,basic-probability|bayes-theorem|conditional-probability|independence|random-variables,standard,0,0,none,0.0,practice_test,1857.0,expert,0,0,0.0,0,0,0.0,0,0,0.0,0.9487547111474992,0.0,0,84.92931583186952,32,1.0,0.9487547111474992,-30,0,expert,1827,0.0,0,0,0.0,0,0,0.0,-30,medium,medium,Advanced Learner,4
s24_t8,24,1,1702400358,ds-q27,artificial-intelligence,probabilistic-graphical-models,medium,1060,medium,0.0,bayesian-networks|markov-models,standard,0,0,none,0.0,practice_test,1827.0,expert,0,0,0.0,0,0,0.0,0,0,0.0,0.988052418939982,0.0,1,45.7417290303207,32,1.0,0.988052418939982,0,0,expert,1827,0.0,0,0,0.0,0,0,0.0,0,medium,medium,Advanced Learner,4
s24_t8,24,1,1702400359,ga-q3,general-aptitude,ga-quantitative-aptitude,easy,820,low,0.0,arithmetic|algebra|geometry|permutations|combinations,standard,0,0,none,0.0,practice_test,1827.0,expert,0,0,0.0,0,0,0.0,0,0,0.0,0.9969718116851252,0.0,1,33.9759615890024,32,1.0,0.9969718116851252,0,0,expert,1827,0.0,0,0,0.0,0,0,0.0,0,easy,easy,Advanced Learner,2
s24_t8,24,1,1702400360,ds-q199,artificial-intelligence,logical-reasoning,medium,1070,medium,0.0,logical-deduction|critical-reasoning,standard,0,0,none,0.0,practice_test,1827.0,expert,0,0,0.0,0,0,0.0,0,0,0.0,0.9873534332491494,0.0,0,21.43628598487402,32,1.0,0.9873534332491494,-32,0,advanced,1795,0.0,0,0,0.0,0,0,0.0,-32,medium,medium,Advanced Learner,4
s24_t8,24,1,1702400361,ps-q6,probability-statistics,ps-distributions,easy,980,medium,0.0,probability-distributions|cumulative-distribution|expected-value,standard,0,0,none,0.0,practice_test,1795.0,advanced,0,0,0.0,0,0,0.0,0,0,0.0,0.9909106153838612,0.0,1,20.05882539980074,32,1.0,0.9909106153838612,0,0,advanced,1795,0.0,0,0,0.0,0,0,0.0,0,easy,easy,Advanced Learner,2
s24_t8,24,1,1702400362,dsa-q8,programming-dsa,dsa-complexity,medium,1200,medium,0.0,time-complexity|space-complexity|big-o-notation,standard,0,0,none,0.0,practice_test,1795.0,advanced,0,0,0.0,0,0,0.0,0,0,0.0,0.9684796873667972,0.0,1,58.01664560686909,32,1.0,0.9684796873667972,1,0,advanced,1796,0.0,0,0,0.0,0,0,0.0,1,medium,medium,Advanced Learner,4
s24_t8,24,1,1702400363,co-q53,calculus-optimization,co-integration,medium,1040,medium,0.0,definite-integrals|indefinite-integrals|integration-by-parts|u-substitution|fundamental-theorem,standard,0,0,none,0.0,practice_test,1796.0,advanced,0,0,0.0,0,0,0.0,0,0,0.0,0.9872813524037092,0.0,1,20.909393335011234,32,1.0,0.9872813524037092,0,0,advanced,1796,0.0,0,0,0.0,0,0,0.0,0,medium,medium,Advanced Learner,2
s24_t8,24,1,1702400364,dbms-q43,dbms,dbms-sql,medium,1380,high,0.0,select|joins|group-by|aggregation,standard,0,0,none,0.0,practice_test,1796.0,advanced,0,0,0.0,0,0,0.0,0,0,0.0,0.9164213770695134,0.0,1,100.03255931154912,32,1.0,0.9164213770695134,3,0,advanced,1799,0.0,0,0,0.0,0,0,0.0,3,medium,medium,Advanced Learner,4
s24_t8,24,1,1702400365,ga-q19,general-aptitude,ga-quantitative-aptitude,medium,1120,medium,0.0,arithmetic|algebra|geometry|permutations|combinations,standard,0,0,none,0.0,practice_test,1799.0,advanced,0,0,0.0,0,0,0.0,0,0,0.0,0.9803269834752724,0.0,1,84.68041900575236,32,1.0,0.9803269834752724,1,0,advanced,1800,0.0,0,0,0.0,0,0,0.0,1,medium,medium,Advanced Learner,4
s24_t8,24,1,1702400366,ga-q21,general-aptitude,ga-verbal-reasoning,easy,750,low,0.0,reading-comprehension|vocabulary|sentence-correction|para-jumbles,standard,0,0,none,0.0,practice_test,1800.0,advanced,0,0,0.0,0,0,0.0,0,0,0.0,0.997634236403924,0.0,1,76.78220559695615,32,1.0,0.997634236403924,0,0,advanced,1800,0.0,0,0,0.0,0,0,0.0,0,easy,easy,Advanced Learner,2
s24_t8,24,1,1702400367,dsa-q4,programming-dsa,dsa-complexity,easy,960,medium,0.0,time-complexity|space-complexity|big-o-notation,standard,0,0,none,0.0,practice_test,1800.0,advanced,0,0,0.0,0,0,0.0,0,0,0.0,0.9921193161496696,0.0,1,99.84938624921676,32,1.0,0.9921193161496696,0,0,advanced,1800,0.0,0,0,0.0,0,0,0.0,0,easy,easy,Advanced Learner,2
s24_t8,24,1,1702400368,dsa-q46,programming-dsa,dsa-trees,medium,1350,high,0.0,binary-trees|bst|tree-traversal|balanced-trees,standard,0,0,none,0.0,practice_test,1800.0,advanced,0,0,0.0,0,0,0.0,0,0,0.0,0.9302417126410938,0.0,1,51.48702087074304,32,1.0,0.9302417126410938,2,0,expert,1802,0.0,0,0,0.0,0,0,0.0,2,medium,medium,Advanced Learner,4
s24_t8,24,1,1702400369,ai-q10,artificial-intelligence,ai-logic,medium,1200,medium,0.0,propositional-logic|truth-tables|validity|inference-rules|predicate-logic|first-order-logic,standard,0,0,none,0.0,practice_test,1802.0,expert,0,0,0.0,0,0,0.0,0,0,0.0,0.9696868203823084,0.0,1,40.41798322585256,32,1.0,0.9696868203823084,1,0,expert,1803,0.0,0,0,0.0,0,0,0.0,1,medium,medium,Advanced Learner,4
s28_t8,28,1,1702800305,dsa-q5,programming-dsa,dsa-complexity,easy,980,medium,0.0,time-complexity|space-complexity|big-o-notation,standard,0,0,none,0.0,practice_test,1721.0,advanced,0,0,0.0,0,0,0.0,0,0,0.0,0.9861502136744882,0.0,1,42.36534937451511,32,1.0,0.9861502136744882,0,0,advanced,1721,0.0,0,0,0.0,0,0,0.0,0,easy,easy,High Achiever,2
s28_t8,28,1,1702800306,dsa-q40,programming-dsa,dsa-arrays,medium,1280,medium,0.0,array-operations|indexing|searching|sorting,standard,0,0,none,0.0,practice_test,1721.0,advanced,0,0,0.0,0,0,0.0,0,0,0.0,0.9268039139277936,0.0,0,15.950018174682818,32,1.0,0.9268039139277936,-30,0,advanced,1691,0.0,0,0,0.0,0,0,0.0,-30,medium,medium,High Achiever,4
s28_t8,28,1,1702800307,dsa-q20,programming-dsa,dsa-complexity,hard,2460,high,0.0,time-complexity|space-complexity|big-o-notation,standard,0,0,none,0.0,practice_test,1691.0,advanced,0,0,0.0,0,0,0.0,0,0,0.0,0.0118124337324056,0.0,1,58.651555095410366,32,1.0,0.0118124337324056,32,0,advanced,1723,0.0,0,0,0.0,0,0,0.0,32,hard,hard,High Achiever,10
s28_t8,28,1,1702800308,dsa-q19,programming-dsa,dsa-complexity,medium,1210,medium,0.0,time-complexity|space-complexity|big-o-notation,standard,0,0,none,0.0,practice_test,1723.0,advanced,0,0,0.0,0,0,0.0,0,0,0.0,0.9504081671359688,0.0,1,60.38386953504241,32,1.0,0.9504081671359688,2,0,advanced,1725,0.0,0,0,0.0,0,0,0.0,2,medium,medium,High Achiever,4
s28_t8,28,1,1702800309,dsa-q81,programming-dsa,dsa-complexity,medium,1310,high,0.0,time-complexity|space-complexity|big-o-notation,standard,0,0,none,0.0,practice_test,1725.0,advanced,0,0,0.0,0,0,0.0,0,0,0.0,0.915979412738272,0.0,1,32.91372292294959,32,1.0,0.915979412738272,3,0,advanced,1728,0.0,0,0,0.0,0,0,0.0,3,medium,medium,High Achiever,4
s28_t8,28,1,1702800310,dsa-q9,programming-dsa,dsa-complexity,medium,1200,medium,0.0,time-complexity|space-complexity|big-o-notation,standard,0,0,none,0.0,practice_test,1728.0,advanced,0,0,0.0,0,0,0.0,0,0,0.0,0.9543232189603376,0.0,1,55.65031850018561,32,1.0,0.9543232189603376,1,0,advanced,1729,0.0,0,0,0.0,0,0,0.0,1,medium,medium,High Achiever,4
s28_t8,28,1,1702800311,ml-q70,machine-learning,ml-supervised,medium,1230,medium,0.0,linear-regression|logistic-regression|decision-trees|svm,standard,0,0,none,0.0,practice_test,1729.0,advanced,0,0,0.0,0,0,0.0,0,0,0.0,0.9464688789594632,0.0,1,127.63011632026456,32,1.0,0.9464688789594632,2,0,advanced,1731,0.0,0,0,0.0,0,0,0.0,2,medium,medium,High Achiever,4
s28_t8,28,1,1702800312,la-q52,linear-algebra,la-eigenvalues,medium,1060,medium,0.0,eigenvalues|eigenvectors|diagonalization|spectral-theorem,standard,0,0,none,0.0,practice_test,1731.0,advanced,0,0,0.0,0,0,0.0,0,0,0.0,0.9794189047534508,0.0,1,30.25647770033805,32,1.0,0.9794189047534508,1,0,advanced,1732,0.0,0,0,0.0,0,0,0.0,1,medium,medium,High Achiever,4
s28_t8,28,1,1702800313,ds-q262,artificial-intelligence,verbal-reasoning,easy,910,medium,0.0,comprehension|sentence-correction|para-jumbles,standard,0,0,none,0.0,practice_test,1732.0,advanced,0,0,0.0,0,0,0.0,0,0,0.0,0.9912664580429064,0.0,1,101.68513003454004,32,1.0,0.9912664580429064,0,0,advanced,1732,0.0,0,0,0.0,0,0,0.0,0,easy,easy,High Achiever,2
s28_t8,28,1,1702800314,ml-q53,machine-learning,ml-supervised,easy,720,low,0.0,linear-regression|logistic-regression|decision-trees|svm,standard,0,0,none,0.0,practice_test,1732.0,advanced,0,0,0.0,0,0,0.0,0,0,0.0,0.99705747478091,0.0,1,78.82552741976157,32,1.0,0.99705747478091,0,0,advanced,1732,0.0,0,0,0.0,0,0,0.0,0,easy,easy,High Achiever,2
s28_t8,28,1,1702800315,ga-q14,general-aptitude,ga-logical-reasoning,easy,850,low,0.0,syllogisms|logical-deduction|critical-reasoning,standard,0,0,none,0.0,practice_test,1732.0,advanced,0,0,0.0,0,0,0.0,0,0,0.0,0.993801315002845,0.0,1,61.16786555170894,32,1.0,0.993801315002845,0,0,advanced,1732,0.0,0,0,0.0,0,0,0.0,0,easy,easy,High Achiever,2
s28_t8,28,1,1702800316,co-q64,calculus-optimization,co-optimization,hard,2170,high,0.0,critical-points|extrema|optimization|lagrange-multipliers|convexity|gradient-descent,standard,0,0,none,0.0,practice_test,1732.0,advanced,0,0,0.0,0,0,0.0,0,0,0.0,0.0743762835483438,0.0,1,108.275074194549,32,1.0,0.0743762835483438,30,0,advanced,1762,0.0,0,0,0.0,0,0,0.0,30,hard,hard,High Achiever,10
s28_t8,28,1,1702800317,ml-q74,machine-learning,ml-unsupervised,hard,2320,high,0.0,clustering|dimensionality-reduction|pca,standard,0,0,none,0.0,practice_test,1762.0,advanced,0,0,0.0,0,0,0.0,0,0,0.0,0.0387126779471775,0.0,0,51.04034046636775,32,1.0,0.0387126779471775,-1,0,advanced,1761,0.0,0,0,0.0,0,0,0.0,-1,hard,hard,High Achiever,10
s28_t8,28,1,1702800318,la-27,linear-algebra,la-matrices,medium,1210,medium,0.0,,standard,0,0,none,0.0,practice_test,1761.0,advanced,0,0,0.0,0,0,0.0,0,0,0.0,0.9597595843686244,0.0,1,72.15392744701339,32,1.0,0.9597595843686244,1,0,advanced,1762,0.0,0,0,0.0,0,0,0.0,1,medium,medium,High Achiever,4
s28_t8,28,1,1702800319,ga-q8,general-aptitude,ga-logical-reasoning,medium,1290,medium,0.0,syllogisms|logical-deduction|critical-reasoning,standard,0,0,none,0.0,practice_test,1762.0,advanced,0,0,0.0,0,0,0.0,0,0,0.0,0.938025284074642,0.0,1,53.40334733840267,32,1.0,0.938025284074642,2,0,advanced,1764,0.0,0,0,0.0,0,0,0.0,2,medium,medium,High Achiever,4
s28_t8,28,1,1702800320,ps-q5,probability-statistics,ps-probability,easy,940,medium,0.0,probability-theory|conditional-probability|independence,standard,0,0,none,0.0,practice_test,1764.0,advanced,0,0,0.0,0,0,0.0,0,0,0.0,0.9913655668692074,0.0,1,97.2107851492768,32,1.0,0.9913655668692074,0,0,advanced,1764,0.0,0,0,0.0,0,0,0.0,0,easy,easy,High Achiever,2
s28_t8,28,1,1702800321,co-q75,calculus-optimization,co-optimization,hard,1750,high,0.0,critical-points|extrema|optimization|lagrange-multipliers|convexity|gradient-descent,standard,0,0,none,0.0,practice_test,1764.0,advanced,0,0,0.0,0,0,0.0,0,0,0.0,0.5201367220358165,0.0,1,115.98418162594363,32,1.0,0.5201367220358165,15,0,advanced,1779,0.0,0,0,0.0,0,0,0.0,15,hard,hard,High Achiever,6
s28_t8,28,1,1702800322,ds-q206,probability-statistics,probability,easy,900,low,0.0,sample-spaces|events|conditional-probability|independence,standard,0,0,none,0.0,practice_test,1779.0,advanced,0,0,0.0,0,0,0.0,0,0,0.0,0.9936940187410124,0.0,1,100.2549223893086,32,1.0,0.9936940187410124,0,0,advanced,1779,0.0,0,0,0.0,0,0,0.0,0,easy,easy,High Achiever,2
s28_t8,28,1,1702800323,ml-q118,machine-learning,ml-unsupervised,hard,1500,high,0.0,clustering|k-means|hierarchical-clustering|dimensionality-reduction|pca,standard,0,0,none,0.0,practice_test,1779.0,advanced,0,0,0.0,0,0,0.0,0,0,0.0,0.8328626902603795,0.0,1,75.25504644902708,32,1.0,0.8328626902603795,5,0,advanced,1784,0.0,0,0,0.0,0,0,0.0,5,hard,hard,High Achiever,6
s28_t8,28,1,1702800324,dsa-q38,programming-dsa,dsa-arrays,easy,710,low,0.0,array-operations|indexing|searching|sorting,standard,0,0,none,0.0,practice_test,1784.0,advanced,0,0,0.0,0,0,0.0,0,0,0.0,0.9979388768470482,0.0,0,67.23427408614351,32,1.0,0.9979388768470482,-32,0,advanced,1752,0.0,0,0,0.0,0,0,0.0,-32,easy,easy,High Achiever,2
s28_t8,28,1,1702800325,ga-q21,general-aptitude,ga-verbal-reasoning,easy,750,low,0.0,reading-comprehension|vocabulary|sentence-correction|para-jumbles,standard,0,0,none,0.0,practice_test,1752.0,advanced,0,0,0.0,0,0,0.0,0,0,0.0,0.996883662551076,0.0,1,109.62269345822806,32,1.0,0.996883662551076,0,0,advanced,1752,0.0,0,0,0.0,0,0,0.0,0,easy,easy,High Achiever,2
s28_t8,28,1,1702800326,ml-q21,general-aptitude,unknown,medium,1310,high,0.0,,standard,0,0,none,0.0,practice_test,1752.0,advanced,0,0,0.0,0,0,0.0,0,0,0.0,0.9271934651024006,0.0,1,117.83198516317614,32,1.0,0.9271934651024006,2,0,advanced,1754,0.0,0,0,0.0,0,0,0.0,2,medium,medium,High Achiever,4
s28_t8,28,1,1702800327,dsa-q75,programming-dsa,dsa-complexity,medium,1040,medium,0.0,time-complexity|space-complexity|big-o-notation,standard,0,0,none,0.0,practice_test,1754.0,advanced,0,0,0.0,0,0,0.0,0,0,0.0,0.9838589113182012,0.0,1,72.13279285166115,32,1.0,0.9838589113182012,1,0,advanced,1755,0.0,0,0,0.0,0,0,0.0,1,medium,medium,High Achiever,2
s28_t8,28,1,1702800328,ps-q6,probability-statistics,ps-distributions,easy,980,medium,0.0,probability-distributions|cumulative-distribution|expected-value,standard,0,0,none,0.0,practice_test,1755.0,advanced,0,0,0.0,0,0,0.0,0,0,0.0,0.9885840099495816,0.0,1,92.58895986964296,32,1.0,0.9885840099495816,0,0,advanced,1755,0.0,0,0,0.0,0,0,0.0,0,easy,easy,High Achiever,2
s28_t8,28,1,1702800329,dbms-q45,dbms,dbms-sql,medium,1200,medium,0.0,select|joins|group-by|aggregation,standard,0,0,none,0.0,practice_test,1755.0,advanced,0,0,0.0,0,0,0.0,0,0,0.0,0.9606395144955484,0.0,1,48.5147949538508,32,1.0,0.9606395144955484,1,0,advanced,1756,0.0,0,0,0.0,0,0,0.0,1,medium,medium,High Achiever,4
s28_t8,28,1,1702800330,ps-q52,probability-statistics,ps-probability,medium,1060,medium,0.0,basic-probability|bayes-theorem|conditional-probability|independence|random-variables,standard,0,0,none,0.0,practice_test,1756.0,advanced,0,0,0.0,0,0,0.0,0,0,0.0,0.9821282046277382,0.0,1,88.0136482927882,32,1.0,0.9821282046277382,1,0,advanced,1757,0.0,0,0,0.0,0,0,0.0,1,medium,medium,High Achiever,4
s28_t8,28,1,1702800331,ga-q20,general-aptitude,ga-quantitative-aptitude,medium,1170,medium,0.0,arithmetic|algebra|geometry|permutations|combinations,standard,0,0,none,0.0,practice_test,1757.0,advanced,0,0,0.0,0,0,0.0,0,0,0.0,0.9670431384326198,0.0,1,31.58087944286225,32,1.0,0.9670431384326198,1,0,advanced,1758,0.0,0,0,0.0,0,0,0.0,1,medium,medium,High Achiever,4
s28_t8,28,1,1702800332,ps-q95,probability-statistics,ps-hypothesis,hard,1980,high,0.0,hypothesis-testing|p-value|type-I-error|type-II-error|t-test|significance-level,standard,0,0,none,0.0,practice_test,1758.0,advanced,0,0,0.0,0,0,0.0,0,0,0.0,0.2179019838686814,0.0,0,29.76194153719104,32,1.0,0.2179019838686814,-7,0,advanced,1751,0.0,0,0,0.0,0,0,0.0,-7,hard,hard,High Achiever,8
s28_t8,28,1,1702800333,ml-q8,machine-learning,ml-supervised,easy,770,low,0.0,linear-regression|logistic-regression|decision-trees|svm,standard,0,0,none,0.0,practice_test,1751.0,advanced,0,0,0.0,0,0,0.0,0,0,0.0,0.9964846335306796,0.0,1,109.637544185771,32,1.0,0.9964846335306796,0,0,advanced,1751,0.0,0,0,0.0,0,0,0.0,0,easy,easy,High Achiever,2
s28_t8,28,1,1702800334,ai-q30,artificial-intelligence,ai-search,hard,2200,high,0.0,breadth-first-search|depth-first-search|a-star|heuristics,standard,0,0,none,0.0,practice_test,1751.0,advanced,0,0,0.0,0,0,0.0,0,0,0.0,0.070132762551575,0.0,0,51.81176794337881,32,1.0,0.070132762551575,-2,0,advanced,1749,0.0,0,0,0.0,0,0,0.0,-2,hard,hard,High Achiever,10
s28_t8,28,1,1702800335,dsa-q76,programming-dsa,dsa-complexity,medium,1270,medium,0.0,time-complexity|space-complexity|big-o-notation,standard,0,0,none,0.0,practice_test,1749.0,advanced,0,0,0.0,0,0,0.0,0,0,0.0,0.9403268663710864,0.0,1,41.12214962919355,32,1.0,0.9403268663710864,2,0,advanced,1751,0.0,0,0,0.0,0,0,0.0,2,medium,medium,High Achiever,4
s28_t8,28,1,1702800336,ga-q4,general-aptitude,ga-quantitative-aptitude,easy,870,low,0.0,arithmetic|algebra|geometry|permutations|combinations,standard,0,0,none,0.0,practice_test,1751.0,advanced,0,0,0.0,0,0,0.0,0,0,0.0,0.9937657526988556,0.0,1,44.04894120841114,32,1.0,0.9937657526988556,0,0,advanced,1751,0.0,0,0,0.0,0,0,0.0,0,easy,easy,High Achiever,2
s28_t8,28,1,1702800337,ps-q70,probability-statistics,ps-distributions,easy,750,low,0.0,normal-distribution|binomial-distribution|poisson-distribution|cumulative-distribution|expected-value|variance,standard,0,0,none,0.0,practice_test,1751.0,advanced,0,0,0.0,0,0,0.0,0,0,0.0,0.9968657281267462,0.0,1,7.624019393775395,32,1.0,0.9968657281267462,0,0,advanced,1751,0.0,0,0,0.0,0,0,0.0,0,easy,easy,High Achiever,2
s28_t8,28,1,1702800338,dbms-q17,dbms,dbms-sql,hard,1660,high,0.0,select|joins|group-by|aggregation,standard,0,0,none,0.0,practice_test,1751.0,advanced,0,0,0.0,0,0,0.0,0,0,0.0,0.6280448056219418,0.0,1,51.00910455748753,32,1.0,0.6280448056219418,12,0,advanced,1763,0.0,0,0,0.0,0,0,0.0,12,hard,hard,High Achiever,6
s28_t8,28,1,1702800339,ds-q386,artificial-intelligence,statistics,medium,1000,medium,0.0,descriptive-statistics|mean|variance|standard-deviation,standard,0,0,none,0.0,practice_test,1763.0,advanced,0,0,0.0,0,0,0.0,0,0,0.0,0.9877775254790658,0.0,1,71.26640750825197,32,1.0,0.9877775254790658,0,0,advanced,1763,0.0,0,0,0.0,0,0,0.0,0,medium,medium,High Achiever,2
s28_t8,28,1,1702800340,dsa-q49,programming-dsa,dsa-trees,easy,1250,medium,0.0,binary-trees|bst|tree-traversal|balanced-trees,standard,0,0,none,0.0,practice_test,1763.0,advanced,0,0,0.0,0,0,0.0,0,0,0.0,0.9504081671359688,0.0,1,69.12398677579046,32,1.0,0.9504081671359688,2,0,advanced,1765,0.0,0,0,0.0,0,0,0.0,2,easy,easy,High Achiever,4
s28_t8,28,1,1702800341,ps-q65,probability-statistics,ps-distributions,easy,950,medium,0.0,normal-distribution|binomial-distribution|poisson-distribution|cumulative-distribution|expected-value|variance,standard,0,0,none,0.0,practice_test,1765.0,advanced,0,0,0.0,0,0,0.0,0,0,0.0,0.9909106153838612,0.0,1,88.64412131916126,32,1.0,0.9909106153838612,0,0,advanced,1765,0.0,0,0,0.0,0,0,0.0,0,easy,easy,High Achiever,2
s28_t8,28,1,1702800342,la-q42,linear-algebra,la-matrices,hard,1670,high,0.0,addition|scalar-multiplication|matrix-multiplication|determinants|minors|cofactors|symmetric|orthogonal,standard,0,0,none,0.0,practice_test,1765.0,advanced,0,0,0.0,0,0,0.0,0,0,0.0,0.6334077000711676,0.0,1,75.0383911372551,32,1.0,0.6334077000711676,12,0,advanced,1777,0.0,0,0,0.0,0,0,0.0,12,hard,hard,High Achiever,6
s28_t8,28,1,1702800343,ds-q106,dbms,dbms,medium,1080,medium,0.0,database-fundamentals|acid-properties|transactions,standard,0,0,none,0.0,practice_test,1777.0,advanced,0,0,0.0,0,0,0.0,0,0,0.0,0.9822289644092016,0.0,1,90.9747176508026,32,1.0,0.9822289644092016,1,0,advanced,1778,0.0,0,0,0.0,0,0,0.0,1,medium,medium,High Achiever,4
s28_t8,28,1,1702800344,ds-q410,calculus-optimization,calculus,easy,790,low,0.0,derivatives|integrals|limits|continuity,standard,0,0,none,0.0,practice_test,1778.0,advanced,0,0,0.0,0,0,0.0,0,0,0.0,0.9966230012016888,0.0,1,51.344585570854925,32,1.0,0.9966230012016888,0,0,advanced,1778,0.0,0,0,0.0,0,0,0.0,0,easy,easy,High Achiever,2
s28_t8,28,1,1702800345,la-q30,linear-algebra,la-matrices,medium,1020,medium,0.0,addition|scalar-multiplication|matrix-multiplication|determinants|minors|cofactors|symmetric|orthogonal,standard,0,0,none,0.0,practice_test,1778.0,advanced,0,0,0.0,0,0,0.0,0,0,0.0,0.98742511079134,0.0,1,95.38463217017306,32,1.0,0.98742511079134,0,0,advanced,1778,0.0,0,0,0.0,0,0,0.0,0,medium,medium,High Achiever,2
s28_t8,28,1,1702800346,la-q2,linear-algebra,linear-systems,medium,1140,medium,0.0,gaussian-elimination|row-reduction|back-substitution,standard,0,0,none,0.0,practice_test,1778.0,advanced,0,0,0.0,0,0,0.0,0,0,0.0,0.9752199278151396,0.0,1,117.4924082924008,32,1.0,0.9752199278151396,1,0,advanced,1779,0.0,0,0,0.0,0,0,0.0,1,medium,medium,High Achiever,4
s28_t8,28,1,1702800347,dbms-q48,dbms,dbms-normalization,medium,1100,medium,0.0,functional-dependencies|closure-of-attributes|canonical-cover|lossless-join-decomposition|dependency-preservation|first-normal-form|second-normal-form|third-normal-form|boyce-codd-normal-form,standard,0,0,none,0.0,practice_test,1779.0,advanced,0,0,0.0,0,0,0.0,0,0,0.0,0.9803269834752724,0.0,1,37.414587112110524,32,1.0,0.9803269834752724,1,0,advanced,1780,0.0,0,0,0.0,0,0,0.0,1,medium,medium,High Achiever,4
s28_t8,28,1,1702800348,ga-q5,general-aptitude,ga-logical-reasoning,easy,700,low,0.0,syllogisms|logical-deduction|critical-reasoning,standard,0,0,none,0.0,practice_test,1780.0,advanced,0,0,0.0,0,0,0.0,0,0,0.0,0.9980087108292718,0.0,1,5.0,32,1.0,0.9980087108292718,0,0,advanced,1780,0.0,0,0,0.0,0,0,0.0,0,easy,easy,High Achiever,2
s28_t8,28,1,1702800349,co-q67,calculus-optimization,co-optimization,medium,1240,medium,0.0,critical-points|extrema|optimization|lagrange-multipliers|convexity|gradient-descent,standard,0,0,none,0.0,practice_test,1780.0,advanced,0,0,0.0,0,0,0.0,0,0,0.0,0.957241588853464,0.0,1,91.18633240287652,32,1.0,0.957241588853464,1,0,advanced,1781,0.0,0,0,0.0,0,0,0.0,1,medium,medium,High Achiever,4
s28_t8,28,1,1702800350,ps-q89,probability-statistics,ps-hypothesis,medium,1140,medium,0.0,hypothesis-testing|p-value|type-I-error|type-II-error|t-test|significance-level,standard,0,0,none,0.0,practice_test,1781.0,advanced,0,0,0.0,0,0,0.0,0,0,0.0,0.9756338529292063,0.0,1,18.32632659322116,32,1.0,0.9756338529292063,1,0,advanced,1782,0.0,0,0,0.0,0,0,0.0,1,medium,medium,High Achiever,4
s28_t8,28,1,1702800351,ps-q64,probability-statistics,ps-distributions,easy,1150,medium,0.0,normal-distribution|binomial-distribution|poisson-distribution|cumulative-distribution|expected-value|variance,standard,0,0,none,0.0,practice_test,1782.0,advanced,0,0,0.0,0,0,0.0,0,0,0.0,0.974371420406862,0.0,1,53.00726790705163,32,1.0,0.974371420406862,1,0,advanced,1783,0.0,0,0,0.0,0,0,0.0,1,easy,easy,High Achiever,4
s28_t8,28,1,1702800352,ga-q26,general-aptitude,ga-verbal-reasoning,easy,830,low,0.0,reading-comprehension|vocabulary|sentence-correction|para-jumbles,standard,0,0,none,0.0,practice_test,1783.0,advanced,0,0,0.0,0,0,0.0,0,0,0.0,0.9958723423341148,0.0,1,28.722387204398792,32,1.0,0.9958723423341148,0,0,advanced,1783,0.0,0,0,0.0,0,0,0.0,0,easy,easy,High Achiever,2
s28_t8,28,1,1702800353,la-q44,linear-algebra,la-matrices,hard,1770,high,0.0,addition|scalar-multiplication|matrix-multiplication|determinants|minors|cofactors|symmetric|orthogonal,standard,0,0,none,0.0,practice_test,1783.0,advanced,0,0,0.0,0,0,0.0,0,0,0.0,0.5186997779295586,0.0,1,37.41781806575867,32,1.0,0.5186997779295586,15,0,advanced,1798,0.0,0,0,0.0,0,0,0.0,15,hard,hard,High Achiever,6
s28_t8,28,1,1702800354,ds-q184,artificial-intelligence,linear-algebra,hard,1940,high,0.0,matrices|vectors|eigenvalues|linear-systems|transformations,standard,0,0,none,0.0,practice_test,1798.0,advanced,0,0,0.0,0,0,0.0,0,0,0.0,0.3063120835780346,0.0,1,53.91873301156407,32,1.0,0.3063120835780346,22,0,expert,1820,0.0,0,0,0.0,0,0,0.0,22,hard,hard,High Achiever,8
s28_t8,28,1,1702800355,ml-q99,machine-learning,ml-supervised,easy,970,medium,0.0,linear-regression|logistic-regression|decision-trees|svm|naive-bayes|ensemble-methods,standard,0,0,none,0.0,practice_test,1820.0,expert,0,0,0.0,0,0,0.0,0,0,0.0,0.9925568734814316,0.0,1,112.33077033459632,32,1.0,0.9925568734814316,0,0,expert,1820,0.0,0,0,0.0,0,0,0.0,0,easy,easy,High Achiever,2
s28_t8,28,1,1702800356,ds-q324,machine-learning,machine-learning,hard,2000,high,0.0,supervised|unsupervised|reinforcement|evaluation,standard,0,0,none,0.0,practice_test,1820.0,expert,0,0,0.0,0,0,0.0,0,0,0.0,0.2618909674595814,0.0,1,60.23327274227448,32,1.0,0.2618909674595814,24,0,expert,1844,0.0,0,0,0.0,0,0,0.0,24,hard,hard,High Achiever,8
s28_t8,28,1,1702800357,la-q13,linear-algebra,la-vector-spaces,easy,1370,high,0.0,vector-addition|scalar-multiplication-axioms|sub-spaces|linear-combinations|spanning-sets|linear-independence|coordinates|change-of-basis|dimension-theorems,standard,0,0,none,0.0,practice_test,1844.0,expert,0,0,0.0,0,0,0.0,0,0,0.0,0.9386912091783988,0.0,1,37.94616129230108,32,1.0,0.9386912091783988,2,0,expert,1846,0.0,0,0,0.0,0,0,0.0,2,easy,easy,High Achiever,4
s28_t8,28,1,1702800358,dsa-q70,programming-dsa,dsa-complexity,hard,2010,high,0.0,time-complexity|space-complexity|big-o-notation,standard,0,0,none,0.0,practice_test,1846.0,expert,0,0,0.0,0,0,0.0,0,0,0.0,0.2800809940528481,0.0,1,104.52057525575184,32,1.0,0.2800809940528481,23,0,expert,1869,0.0,0,0,0.0,0,0,0.0,23,hard,hard,High Achiever,8
s28_t8,28,1,1702800359,dbms-q65,dbms,dbms-normalization,medium,1400,high,0.0,functional-dependencies|closure-of-attributes|canonical-cover|lossless-join-decomposition|dependency-preservation|first-normal-form|second-normal-form|third-normal-form|boyce-codd-normal-form,standard,0,0,none,0.0,practice_test,1869.0,expert,0,0,0.0,0,0,0.0,0,0,0.0,0.9370137212880922,0.0,1,74.87536913274548,32,1.0,0.9370137212880922,2,0,expert,1871,0.0,0,0,0.0,0,0,0.0,2,medium,medium,High Achiever,4
s28_t8,28,1,1702800360,ga-q22,general-aptitude,ga-quantitative-aptitude,easy,930,medium,0.0,arithmetic|algebra|geometry|permutations|combinations,standard,0,0,none,0.0,practice_test,1871.0,expert,0,0,0.0,0,0,0.0,0,0,0.0,0.9955784404018584,0.0,1,64.28622156531583,32,1.0,0.9955784404018584,0,0,expert,1871,0.0,0,0,0.0,0,0,0.0,0,easy,easy,High Achiever,2
s28_t8,28,1,1702800361,ds-q395,artificial-intelligence,data-structures,easy,840,low,0.0,arrays|linked-lists|stacks|queues|trees,standard,0,0,none,0.0,practice_test,1871.0,expert,0,0,0.0,0,0,0.0,0,0,0.0,0.9973615272600956,0.0,1,115.23250777195926,32,1.0,0.9973615272600956,0,0,expert,1871,0.0,0,0,0.0,0,0,0.0,0,easy,easy,High Achiever,2
s28_t8,28,1,1702800362,ds-q268,probability-statistics,probability,easy,950,medium,0.0,sample-spaces|events|conditional-probability|independence,standard,0,0,none,0.0,practice_test,1871.0,expert,0,0,0.0,0,0,0.0,0,0,0.0,0.9950416036477664,0.0,1,80.71447331211503,32,1.0,0.9950416036477664,0,0,expert,1871,0.0,0,0,0.0,0,0,0.0,0,easy,easy,High Achiever,2
s28_t8,28,1,1702800363,ga-q15,general-aptitude,ga-quantitative-aptitude,easy,800,low,0.0,arithmetic|algebra|geometry|permutations|combinations,standard,0,0,none,0.0,practice_test,1871.0,expert,0,0,0.0,0,0,0.0,0,0,0.0,0.9979030486759094,0.0,1,39.87179892787498,32,1.0,0.9979030486759094,0,0,expert,1871,0.0,0,0,0.0,0,0,0.0,0,easy,easy,High Achiever,2
s28_t8,28,1,1702800364,co-q8,calculus-optimization,co-differentiation,easy,1460,high,0.0,derivatives|chain-rule|product-rule|critical-points,standard,0,0,none,0.0,practice_test,1871.0,expert,0,0,0.0,0,0,0.0,0,0,0.0,0.9141902593095826,0.0,1,28.22487072712397,32,1.0,0.9141902593095826,3,0,expert,1874,0.0,0,0,0.0,0,0,0.0,3,easy,easy,High Achiever,6
s28_t8,28,1,1702800365,ga-q29,general-aptitude,ga-logical-reasoning,easy,800,low,0.0,syllogisms|logical-deduction|critical-reasoning,standard,0,0,none,0.0,practice_test,1874.0,expert,0,0,0.0,0,0,0.0,0,0,0.0,0.9979388768470482,0.0,1,97.1251318724167,32,1.0,0.9979388768470482,0,0,expert,1874,0.0,0,0,0.0,0,0,0.0,0,easy,easy,High Achiever,2
s28_t8,28,1,1702800366,dsa-q69,programming-dsa,dsa-complexity,medium,1170,medium,0.0,time-complexity|space-complexity|big-o-notation,standard,0,0,none,0.0,practice_test,1874.0,expert,0,0,0.0,0,0,0.0,0,0,0.0,0.9829188284532066,0.0,1,84.20189364194512,32,1.0,0.9829188284532066,1,0,expert,1875,0.0,0,0,0.0,0,0,0.0,1,medium,medium,High Achiever,4
s28_t8,28,1,1702800367,ml-q81,machine-learning,ml-supervised,easy,810,low,0.0,linear-regression|logistic-regression|decision-trees|svm|naive-bayes|ensemble-methods,standard,0,0,none,0.0,practice_test,1875.0,expert,0,0,0.0,0,0,0.0,0,0,0.0,0.9978295172089034,0.0,1,28.04839241851024,32,1.0,0.9978295172089034,0,0,expert,1875,0.0,0,0,0.0,0,0,0.0,0,easy,easy,High Achiever,2
s28_t8,28,1,1702800368,dsa-q34,programming-dsa,dsa-arrays,medium,1200,medium,0.0,array-operations|indexing|searching|sorting,standard,0,0,none,0.0,practice_test,1875.0,expert,0,0,0.0,0,0,0.0,0,0,0.0,0.9798779608453038,0.0,1,66.38523518755322,32,1.0,0.9798779608453038,1,0,expert,1876,0.0,0,0,0.0,0,0,0.0,1,medium,medium,High Achiever,4
s28_t8,28,1,1702800369,dsa-q79,programming-dsa,dsa-complexity,easy,880,low,0.0,time-complexity|space-complexity|big-o-notation,standard,0,0,none,0.0,practice_test,1876.0,expert,0,0,0.0,0,0,0.0,0,0,0.0,0.9967745009410628,0.0,0,99.93312981606432,32,1.0,0.9967745009410628,-32,0,expert,1844,0.0,0,0,0.0,0,0,0.0,-32,easy,easy,High Achiever,2
s33_t9,33,2,1703300370,ps-q85,probability-statistics,ps-hypothesis,medium,1220,medium,0.0,hypothesis-testing|p-value|type-I-error|type-II-error|t-test|significance-level,standard,0,0,none,0.0,practice_test,1731.0,advanced,0,0,0.0,0,0,0.0,0,0,0.0,0.949862711930845,0.0,1,58.81418012653081,32,1.0,0.949862711930845,2,0,advanced,1733,0.0,0,0,0.0,0,0,0.0,2,medium,medium,High Achiever,4
s33_t9,33,2,1703300371,la-q12,linear-algebra,la-eigenvalues,easy,1200,medium,0.0,eigenvalues|eigenvectors|diagonalization|spectral-theorem,standard,0,0,none,0.0,practice_test,1733.0,advanced,0,0,0.0,0,0,0.0,0,0,0.0,0.95556157309804,0.0,1,54.46425855115132,32,1.0,0.95556157309804,1,0,advanced,1734,0.0,0,0,0.0,0,0,0.0,1,easy,easy,High Achiever,4
s33_t9,33,2,1703300372,ds-q168,artificial-intelligence,deep-learning,medium,1130,medium,0.0,neural-networks|backpropagation|activation-functions,standard,0,0,none,0.0,practice_test,1734.0,advanced,0,0,0.0,0,0,0.0,0,0,0.0,0.970023410840484,0.0,1,51.12076452610448,32,1.0,0.970023410840484,1,0,advanced,1735,0.0,0,0,0.0,0,0,0.0,1,medium,medium,High Achiever,4
s33_t9,33,2,1703300373,ds-q214,machine-learning,machine-learning,easy,960,medium,0.0,supervised|unsupervised|reinforcement|evaluation,standard,0,0,none,0.0,practice_test,1735.0,advanced,0,0,0.0,0,0,0.0,0,0,0.0,0.9885840099495816,0.0,1,70.63462123619725,32,1.0,0.9885840099495816,0,0,advanced,1735,0.0,0,0,0.0,0,0,0.0,0,easy,easy,High Achiever,2
s33_t9,33,2,1703300374,ds-q41,dbms,dbms,medium,1150,medium,0.0,database-fundamentals|acid-properties|transactions,standard,0,0,none,0.0,practice_test,1735.0,advanced,0,0,0.0,0,0,0.0,0,0,0.0,0.9666742338227894,0.0,1,71.32437891967624,32,1.0,0.9666742338227894,1,0,advanced,1736,0.0,0,0,0.0,0,0,0.0,1,medium,medium,High Achiever,4
s33_t9,33,2,1703300375,ds-q44,probability-statistics,probability,medium,1400,high,0.0,sample-spaces|events|conditional-probability|independence,standard,0,0,none,0.0,practice_test,1736.0,advanced,0,0,0.0,0,0,0.0,0,0,0.0,0.8737104209450813,0.0,1,85.36939555021806,32,1.0,0.8737104209450813,4,0,advanced,1740,0.0,0,0,0.0,0,0,0.0,4,medium,medium,High Achiever,4
s33_t9,33,2,1703300376,dsa-q60,programming-dsa,dsa-trees,medium,1050,medium,0.0,binary-trees|bst|tree-traversal|balanced-trees,standard,0,0,none,0.0,practice_test,1740.0,advanced,0,0,0.0,0,0,0.0,0,0,0.0,0.98151176262017,0.0,1,62.08554291205704,32,1.0,0.98151176262017,1,0,advanced,1741,0.0,0,0,0.0,0,0,0.0,1,medium,medium,High Achiever,2
s33_t9,33,2,1703300377,ds-q81,machine-learning,machine-learning,easy,970,medium,0.0,supervised|unsupervised|reinforcement|evaluation,standard,0,0,none,0.0,practice_test,1741.0,advanced,0,0,0.0,0,0,0.0,0,0,0.0,0.9883212029203842,0.0,0,102.66229804619766,32,1.0,0.9883212029203842,-32,0,advanced,1709,0.0,0,0,0.0,0,0,0.0,-32,easy,easy,High Achiever,2
s33_t9,33,2,1703300378,ps-q21,probability-statistics,ps-distributions,easy,860,low,0.0,probability-distributions|cumulative-distribution|expected-value,standard,0,0,none,0.0,practice_test,1709.0,advanced,0,0,0.0,0,0,0.0,0,0,0.0,0.9925142255041326,0.0,1,109.48571749682505,32,1.0,0.9925142255041326,0,0,advanced,1709,0.0,0,0,0.0,0,0,0.0,0,easy,easy,High Achiever,2
s33_t9,33,2,1703300379,ds-q417,artificial-intelligence,normalization,medium,1330,high,0.0,1nf|2nf|3nf|bcnf,standard,0,0,none,0.0,practice_test,1709.0,advanced,0,0,0.0,0,0,0.0,0,0,0.0,0.8985940288909822,0.0,1,28.521415611004382,32,1.0,0.8985940288909822,3,0,advanced,1712,0.0,0,0,0.0,0,0,0.0,3,medium,medium,High Achiever,4
s33_t9,33,2,1703300380,dbms-q47,dbms,dbms-normalization,medium,1170,medium,0.0,functional-dependencies|closure-of-attributes|canonical-cover|lossless-join-decomposition|dependency-preservation|first-normal-form|second-normal-form|third-normal-form|boyce-codd-normal-form,standard,0,0,none,0.0,practice_test,1712.0,advanced,0,0,0.0,0,0,0.0,0,0,0.0,0.9577103416023746,0.0,1,110.41059502082076,32,1.0,0.9577103416023746,1,0,advanced,1713,0.0,0,0,0.0,0,0,0.0,1,medium,medium,High Achiever,4
s33_t9,33,2,1703300381,ml-q43,machine-learning,ml-supervised,medium,1420,high,0.0,linear-regression|logistic-regression|decision-trees|svm,standard,0,0,none,0.0,practice_test,1713.0,advanced,0,0,0.0,0,0,0.0,0,0,0.0,0.8437822479242926,0.0,1,41.9461447804962,32,1.0,0.8437822479242926,5,0,advanced,1718,0.0,0,0,0.0,0,0,0.0,5,medium,medium,High Achiever,6
s33_t9,33,2,1703300382,dsa-q75,programming-dsa,dsa-complexity,medium,1040,medium,0.0,time-complexity|space-complexity|big-o-notation,standard,0,0,none,0.0,practice_test,1718.0,advanced,0,0,0.0,0,0,0.0,0,0,0.0,0.9802156568897962,0.0,1,63.88560216964593,32,1.0,0.9802156568897962,1,0,advanced,1719,0.0,0,0,0.0,0,0,0.0,1,medium,medium,High Achiever,2
s33_t9,33,2,1703300383,dsa-q6,programming-dsa,dsa-arrays,medium,1030,medium,0.0,array-operations|indexing|searching|sorting,standard,0,0,none,0.0,practice_test,1719.0,advanced,0,0,0.0,0,0,0.0,0,0,0.0,0.9814070133603436,0.0,1,96.04900745102208,32,1.0,0.9814070133603436,1,0,advanced,1720,0.0,0,0,0.0,0,0,0.0,1,medium,medium,High Achiever,2
s33_t9,33,2,1703300384,ds-q434,dbms,dbms,medium,1290,medium,0.0,database-fundamentals|acid-properties|transactions,standard,0,0,none,0.0,practice_test,1720.0,advanced,0,0,0.0,0,0,0.0,0,0,0.0,0.9223905105706244,0.0,1,62.3035755691159,32,1.0,0.9223905105706244,2,0,advanced,1722,0.0,0,0,0.0,0,0,0.0,2,medium,medium,High Achiever,4
s33_t9,33,2,1703300385,co-q16,calculus-optimization,co-optimization,hard,2030,high,0.0,critical-points|extrema|optimization|lagrange-multipliers,standard,0,0,none,0.0,practice_test,1722.0,advanced,0,0,0.0,0,0,0.0,0,0,0.0,0.1451708224682404,0.0,1,14.210057210073934,32,1.0,0.1451708224682404,27,0,advanced,1749,0.0,0,0,0.0,0,0,0.0,27,hard,hard,High Achiever,8
s33_t9,33,2,1703300386,ds-q244,machine-learning,machine-learning,hard,1950,high,0.0,supervised|unsupervised|reinforcement|evaluation,standard,0,0,none,0.0,practice_test,1749.0,advanced,0,0,0.0,0,0,0.0,0,0,0.0,0.2392039090108577,0.0,1,54.93812954067449,32,1.0,0.2392039090108577,24,0,advanced,1773,0.0,0,0,0.0,0,0,0.0,24,hard,hard,High Achiever,8
s33_t9,33,2,1703300387,la-q17,linear-algebra,la-eigenvalues,medium,1200,medium,0.0,eigenvalues|eigenvectors|diagonalization|spectral-theorem,standard,0,0,none,0.0,practice_test,1773.0,advanced,0,0,0.0,0,0,0.0,0,0,0.0,0.964375706390448,0.0,1,41.0465494581042,32,1.0,0.964375706390448,1,0,advanced,1774,0.0,0,0,0.0,0,0,0.0,1,medium,medium,High Achiever,4
s33_t9,33,2,1703300388,ds-q439,calculus-optimization,calculus,easy,850,low,0.0,derivatives|integrals|limits|continuity,standard,0,0,none,0.0,practice_test,1774.0,advanced,0,0,0.0,0,0,0.0,0,0,0.0,0.9951260832183856,0.0,1,98.46772964827515,32,1.0,0.9951260832183856,0,0,advanced,1774,0.0,0,0,0.0,0,0,0.0,0,easy,easy,High Achiever,2
s33_t9,33,2,1703300389,la-q23,linear-algebra,la-eigenvalues,hard,2370,high,0.0,eigenvalues|eigenvectors|diagonalization|spectral-theorem,standard,0,0,none,0.0,practice_test,1774.0,advanced,0,0,0.0,0,0,0.0,0,0,0.0,0.0313450594515039,0.0,0,99.54324835804026,32,1.0,0.0313450594515039,-1,0,advanced,1773,0.0,0,0,0.0,0,0,0.0,-1,hard,hard,High Achiever,10
s33_t9,33,2,1703300390,ga-q26,general-aptitude,ga-verbal-reasoning,easy,830,low,0.0,reading-comprehension|vocabulary|sentence-correction|para-jumbles,standard,0,0,none,0.0,practice_test,1773.0,advanced,0,0,0.0,0,0,0.0,0,0,0.0,0.9956288323373768,0.0,1,33.74933752011128,32,1.0,0.9956288323373768,0,0,advanced,1773,0.0,0,0,0.0,0,0,0.0,0,easy,easy,High Achiever,2
s33_t9,33,2,1703300391,dsa-q5,programming-dsa,dsa-complexity,easy,980,medium,0.0,time-complexity|space-complexity|big-o-notation,standard,0,0,none,0.0,practice_test,1773.0,advanced,0,0,0.0,0,0,0.0,0,0,0.0,0.9896960947471464,0.0,1,87.25296574504098,32,1.0,0.9896960947471464,0,0,advanced,1773,0.0,0,0,0.0,0,0,0.0,0,easy,easy,High Achiever,2
s33_t9,33,2,1703300392,dsa-q36,programming-dsa,dsa-arrays,hard,1500,high,0.0,array-operations|indexing|searching|sorting,standard,0,0,none,0.0,practice_test,1773.0,advanced,0,0,0.0,0,0,0.0,0,0,0.0,0.8279993802611698,0.0,1,99.6587874981104,32,1.0,0.8279993802611698,6,0,advanced,1779,0.0,0,0,0.0,0,0,0.0,6,hard,hard,High Achiever,6
s33_t9,33,2,1703300393,ga-q13,general-aptitude,ga-quantitative-aptitude,easy,880,low,0.0,arithmetic|algebra|geometry|permutations|combinations,standard,0,0,none,0.0,practice_test,1779.0,advanced,0,0,0.0,0,0,0.0,0,0,0.0,0.9943759314721524,0.0,1,78.2787115822861,32,1.0,0.9943759314721524,0,0,advanced,1779,0.0,0,0,0.0,0,0,0.0,0,easy,easy,High Achiever,2
s33_t9,33,2,1703300394,ga-q2,general-aptitude,ga-quantitative-aptitude,easy,860,low,0.0,arithmetic|algebra|geometry|permutations|combinations,standard,0,0,none,0.0,practice_test,1779.0,advanced,0,0,0.0,0,0,0.0,0,0,0.0,0.9949844760929352,0.0,1,23.11002417553076,32,1.0,0.9949844760929352,0,0,advanced,1779,0.0,0,0,0.0,0,0,0.0,0,easy,easy,High Achiever,2
s33_t9,33,2,1703300395,dsa-q74,programming-dsa,dsa-complexity,medium,1300,medium,0.0,time-complexity|space-complexity|big-o-notation,standard,0,0,none,0.0,practice_test,1779.0,advanced,0,0,0.0,0,0,0.0,0,0,0.0,0.9403268663710864,0.0,1,102.84622405270323,32,1.0,0.9403268663710864,2,0,advanced,1781,0.0,0,0,0.0,0,0,0.0,2,medium,medium,High Achiever,4
s33_t9,33,2,1703300396,co-q77,calculus-optimization,co-optimization,medium,1120,medium,0.0,critical-points|extrema|optimization|lagrange-multipliers|convexity|gradient-descent,standard,0,0,none,0.0,practice_test,1781.0,advanced,0,0,0.0,0,0,0.0,0,0,0.0,0.9782259517865328,0.0,1,98.14086456068358,32,1.0,0.9782259517865328,1,0,advanced,1782,0.0,0,0,0.0,0,0,0.0,1,medium,medium,High Achiever,4
s33_t9,33,2,1703300397,ps-q80,probability-statistics,ps-hypothesis,medium,1050,medium,0.0,hypothesis-testing|p-value|type-I-error|type-II-error|t-test|significance-level,standard,0,0,none,0.0,practice_test,1782.0,advanced,0,0,0.0,0,0,0.0,0,0,0.0,0.9854245035095256,0.0,1,110.00123097798924,32,1.0,0.9854245035095256,0,0,advanced,1782,0.0,0,0,0.0,0,0,0.0,0,medium,medium,High Achiever,2
s33_t9,33,2,1703300398,ds-q288,artificial-intelligence,algorithms,medium,1330,high,0.0,sorting|searching|dynamic-programming|greedy,standard,0,0,none,0.0,practice_test,1782.0,advanced,0,0,0.0,0,0,0.0,0,0,0.0,0.9309851196318172,0.0,1,51.06367676420097,32,1.0,0.9309851196318172,2,0,advanced,1784,0.0,0,0,0.0,0,0,0.0,2,medium,medium,High Achiever,4
s33_t9,33,2,1703300399,ps-q70,probability-statistics,ps-distributions,easy,750,low,0.0,normal-distribution|binomial-distribution|poisson-distribution|cumulative-distribution|expected-value|variance,standard,0,0,none,0.0,practice_test,1784.0,advanced,0,0,0.0,0,0,0.0,0,0,0.0,0.9974065837329428,0.0,1,47.93266518479432,32,1.0,0.9974065837329428,0,0,advanced,1784,0.0,0,0,0.0,0,0,0.0,0,easy,easy,High Achiever,2
s34_t11,34,2,1703400440,ps-q37,probability-statistics,ps-hypothesis,easy,830,low,0.0,hypothesis-testing|p-value|type-I-error|type-II-error|t-test|significance-level,standard,0,0,none,0.0,practice_test,1763.0,advanced,0,0,0.0,0,0,0.0,0,0,0.0,0.995371023311835,0.0,0,47.57632358330821,32,1.0,0.995371023311835,-32,0,advanced,1731,0.0,0,0,0.0,0,0,0.0,-32,easy,easy,High Achiever,2
s34_t11,34,2,1703400441,dsa-q78,programming-dsa,dsa-complexity,easy,770,low,0.0,time-complexity|space-complexity|big-o-notation,standard,0,0,none,0.0,practice_test,1731.0,advanced,0,0,0.0,0,0,0.0,0,0,0.0,0.9960573850913824,0.0,1,97.45497863051736,32,1.0,0.9960573850913824,0,0,advanced,1731,0.0,0,0,0.0,0,0,0.0,0,easy,easy,High Achiever,2
s34_t11,34,2,1703400442,ds-q156,probability-statistics,probability,easy,800,low,0.0,sample-spaces|events|conditional-probability|independence,standard,0,0,none,0.0,practice_test,1731.0,advanced,0,0,0.0,0,0,0.0,0,0,0.0,0.995317673265511,0.0,1,34.22247673759024,32,1.0,0.995317673265511,0,0,advanced,1731,0.0,0,0,0.0,0,0,0.0,0,easy,easy,High Achiever,2
s34_t11,34,2,1703400443,co-q32,calculus-optimization,co-differentiation,easy,910,medium,0.0,partial-derivatives|chain-rule|product-rule|critical-points|gradients|implicit-differentiation,standard,0,0,none,0.0,practice_test,1731.0,advanced,0,0,0.0,0,0,0.0,0,0,0.0,0.9912164816137026,0.0,0,30.960532058035817,32,1.0,0.9912164816137026,-32,0,advanced,1699,0.0,0,0,0.0,0,0,0.0,-32,easy,easy,High Achiever,2
s34_t11,34,2,1703400444,dsa-q64,programming-dsa,dsa-complexity,easy,860,low,0.0,time-complexity|space-complexity|big-o-notation,standard,0,0,none,0.0,practice_test,1699.0,advanced,0,0,0.0,0,0,0.0,0,0,0.0,0.992074181055862,0.0,1,24.54299608312147,32,1.0,0.992074181055862,0,0,advanced,1699,0.0,0,0,0.0,0,0,0.0,0,easy,easy,High Achiever,2
s34_t11,34,2,1703400445,ga-q19,general-aptitude,ga-quantitative-aptitude,medium,1120,medium,0.0,arithmetic|algebra|geometry|permutations|combinations,standard,0,0,none,0.0,practice_test,1699.0,advanced,0,0,0.0,0,0,0.0,0,0,0.0,0.9655434476270603,0.0,1,45.58084440359032,32,1.0,0.9655434476270603,1,0,advanced,1700,0.0,0,0,0.0,0,0,0.0,1,medium,medium,High Achiever,4
s34_t11,34,2,1703400446,dbms-q56,dbms,dbms-normalization,medium,1350,high,0.0,functional-dependencies|closure-of-attributes|canonical-cover|lossless-join-decomposition|dependency-preservation|first-normal-form|second-normal-form|third-normal-form|boyce-codd-normal-form,standard,0,0,none,0.0,practice_test,1700.0,advanced,0,0,0.0,0,0,0.0,0,0,0.0,0.8823382970469413,0.0,1,5.0,32,1.0,0.8823382970469413,4,0,advanced,1704,0.0,0,0,0.0,0,0,0.0,4,medium,medium,High Achiever,4
s34_t11,34,2,1703400447,dsa-q56,programming-dsa,dsa-trees,hard,2400,high,0.0,binary-trees|bst|tree-traversal|balanced-trees,standard,0,0,none,0.0,practice_test,1704.0,advanced,0,0,0.0,0,0,0.0,0,0,0.0,0.0178717953722617,0.0,1,26.518437355785338,32,1.0,0.0178717953722617,31,0,advanced,1735,0.0,0,0,0.0,0,0,0.0,31,hard,hard,High Achiever,10
s34_t11,34,2,1703400448,la-q29,linear-algebra,la-matrices,hard,2110,high,0.0,addition|scalar-multiplication|matrix-multiplication|determinants|minors|cofactors|symmetric|orthogonal,standard,0,0,none,0.0,practice_test,1735.0,advanced,0,0,0.0,0,0,0.0,0,0,0.0,0.1035234921018141,0.0,1,101.37179786936927,32,1.0,0.1035234921018141,29,0,advanced,1764,0.0,0,0,0.0,0,0,0.0,29,hard,hard,High Achiever,8
s34_t11,34,2,1703400449,ds-q277,artificial-intelligence,algorithms,easy,980,medium,0.0,sorting|searching|dynamic-programming|greedy,standard,0,0,none,0.0,practice_test,1764.0,advanced,0,0,0.0,0,0,0.0,0,0,0.0,0.9891541405229188,0.0,0,48.40782245027495,32,1.0,0.9891541405229188,-32,0,advanced,1732,0.0,0,0,0.0,0,0,0.0,-32,easy,easy,High Achiever,2
s34_t11,34,2,1703400450,ga-q3,general-aptitude,ga-quantitative-aptitude,easy,820,low,0.0,arithmetic|algebra|geometry|permutations|combinations,standard,0,0,none,0.0,practice_test,1732.0,advanced,0,0,0.0,0,0,0.0,0,0,0.0,0.994779323895176,0.0,1,85.37524850308618,32,1.0,0.994779323895176,0,0,advanced,1732,0.0,0,0,0.0,0,0,0.0,0,easy,easy,High Achiever,2
s34_t11,34,2,1703400451,la-q31,linear-algebra,la-matrices,medium,1070,medium,0.0,addition|scalar-multiplication|matrix-multiplication|determinants|minors|cofactors|symmetric|orthogonal,standard,0,0,none,0.0,practice_test,1732.0,advanced,0,0,0.0,0,0,0.0,0,0,0.0,0.9783482271435652,0.0,1,56.86901443337209,32,1.0,0.9783482271435652,1,0,advanced,1733,0.0,0,0,0.0,0,0,0.0,1,medium,medium,High Achiever,4
s34_t11,34,2,1703400452,ml-q26,machine-learning,ml-supervised,easy,770,low,0.0,linear-regression|logistic-regression|decision-trees|svm,standard,0,0,none,0.0,practice_test,1733.0,advanced,0,0,0.0,0,0,0.0,0,0,0.0,0.9961023399267636,0.0,0,63.0912338758833,32,1.0,0.9961023399267636,-32,0,advanced,1701,0.0,0,0,0.0,0,0,0.0,-32,easy,easy,High Achiever,2
s34_t11,34,2,1703400453,co-q45,calculus-optimization,co-integration,easy,990,medium,0.0,definite-integrals|indefinite-integrals|integration-by-parts|u-substitution|fundamental-theorem,standard,0,0,none,0.0,practice_test,1701.0,advanced,0,0,0.0,0,0,0.0,0,0,0.0,0.983582359891288,0.0,1,33.24112381385478,32,1.0,0.983582359891288,1,0,advanced,1702,0.0,0,0,0.0,0,0,0.0,1,easy,easy,High Achiever,2
s34_t11,34,2,1703400454,ds-q427,artificial-intelligence,linear-algebra,easy,1280,medium,0.0,matrices|vectors|eigenvalues|linear-systems|transformations,standard,0,0,none,0.0,practice_test,1702.0,advanced,0,0,0.0,0,0,0.0,0,0,0.0,0.9190290491945512,0.0,1,52.74518799544369,32,1.0,0.9190290491945512,3,0,advanced,1705,0.0,0,0,0.0,0,0,0.0,3,easy,easy,High Achiever,4
s34_t11,34,2,1703400455,ds-q109,probability-statistics,probability,medium,1200,medium,0.0,sample-spaces|events|conditional-probability|independence,standard,0,0,none,0.0,practice_test,1705.0,advanced,0,0,0.0,0,0,0.0,0,0,0.0,0.9481920611104496,0.0,1,63.08775920422416,32,1.0,0.9481920611104496,2,0,advanced,1707,0.0,0,0,0.0,0,0,0.0,2,medium,medium,High Achiever,4
s34_t11,34,2,1703400456,ga-q11,general-aptitude,ga-verbal-reasoning,easy,830,low,0.0,reading-comprehension|vocabulary|sentence-correction|para-jumbles,standard,0,0,none,0.0,practice_test,1707.0,advanced,0,0,0.0,0,0,0.0,0,0,0.0,0.9936214646789714,0.0,1,105.4161711173989,32,1.0,0.9936214646789714,0,0,advanced,1707,0.0,0,0,0.0,0,0,0.0,0,easy,easy,High Achiever,2
s34_t11,34,2,1703400457,dsa-q12,programming-dsa,dsa-trees,easy,880,low,0.0,binary-trees|bst|tree-traversal|balanced-trees,standard,0,0,none,0.0,practice_test,1707.0,advanced,0,0,0.0,0,0,0.0,0,0,0.0,0.9915121433251524,0.0,1,104.90968128528132,32,1.0,0.9915121433251524,0,0,advanced,1707,0.0,0,0,0.0,0,0,0.0,0,easy,easy,High Achiever,2
s34_t11,34,2,1703400458,ds-q349,artificial-intelligence,programming,medium,1430,high,0.0,c-programming|functions|pointers|memory,standard,0,0,none,0.0,practice_test,1707.0,advanced,0,0,0.0,0,0,0.0,0,0,0.0,0.8312539156520465,0.0,1,46.35109909559551,32,1.0,0.8312539156520465,5,0,advanced,1712,0.0,0,0,0.0,0,0,0.0,5,medium,medium,High Achiever,6
s34_t11,34,2,1703400459,dsa-q52,programming-dsa,dsa-trees,medium,1080,medium,0.0,binary-trees|bst|tree-traversal|balanced-trees,standard,0,0,none,0.0,practice_test,1712.0,advanced,0,0,0.0,0,0,0.0,0,0,0.0,0.974371420406862,0.0,1,45.84250153599718,32,1.0,0.974371420406862,1,0,advanced,1713,0.0,0,0,0.0,0,0,0.0,1,medium,medium,High Achiever,4
s34_t11,34,2,1703400460,ml-q121,machine-learning,ml-evaluation,medium,1490,high,0.0,accuracy|precision|recall|f1-score|cross-validation,standard,0,0,none,0.0,practice_test,1713.0,advanced,0,0,0.0,0,0,0.0,0,0,0.0,0.7830774434096761,0.0,1,32.34009443395961,32,1.0,0.7830774434096761,7,0,advanced,1720,0.0,0,0,0.0,0,0,0.0,7,medium,medium,High Achiever,6
s34_t11,34,2,1703400461,ml-q42,machine-learning,ml-supervised,medium,1270,medium,0.0,linear-regression|logistic-regression|decision-trees|svm,standard,0,0,none,0.0,practice_test,1720.0,advanced,0,0,0.0,0,0,0.0,0,0,0.0,0.9302417126410938,0.0,0,107.39294318374036,32,1.0,0.9302417126410938,-30,0,advanced,1690,0.0,0,0,0.0,0,0,0.0,-30,medium,medium,High Achiever,4
s34_t11,34,2,1703400462,co-q20,calculus-optimization,co-differentiation,easy,1200,medium,0.0,partial-derivatives|chain-rule|product-rule|critical-points|gradients|implicit-differentiation,standard,0,0,none,0.0,practice_test,1690.0,advanced,0,0,0.0,0,0,0.0,0,0,0.0,0.9437824521525732,0.0,1,67.36379691582654,32,1.0,0.9437824521525732,2,0,advanced,1692,0.0,0,0,0.0,0,0,0.0,2,easy,easy,High Achiever,4
s34_t11,34,2,1703400463,ga-q15,general-aptitude,ga-quantitative-aptitude,easy,800,low,0.0,arithmetic|algebra|geometry|permutations|combinations,standard,0,0,none,0.0,practice_test,1692.0,advanced,0,0,0.0,0,0,0.0,0,0,0.0,0.9941460341529214,0.0,1,47.63323805086112,32,1.0,0.9941460341529214,0,0,advanced,1692,0.0,0,0,0.0,0,0,0.0,0,easy,easy,High Achiever,2
s34_t11,34,2,1703400464,ga-q17,general-aptitude,ga-quantitative-aptitude,medium,1290,medium,0.0,arithmetic|algebra|geometry|permutations|combinations,standard,0,0,none,0.0,practice_test,1692.0,advanced,0,0,0.0,0,0,0.0,0,0,0.0,0.9100379198115164,0.0,1,54.90311061433042,32,1.0,0.9100379198115164,3,0,advanced,1695,0.0,0,0,0.0,0,0,0.0,3,medium,medium,High Achiever,4
s34_t11,34,2,1703400465,la-q2,linear-algebra,linear-systems,medium,1140,medium,0.0,gaussian-elimination|row-reduction|back-substitution,standard,0,0,none,0.0,practice_test,1695.0,advanced,0,0,0.0,0,0,0.0,0,0,0.0,0.9606395144955484,0.0,0,71.6236963856158,32,1.0,0.9606395144955484,-31,0,advanced,1664,0.0,0,0,0.0,0,0,0.0,-31,medium,medium,High Achiever,4
s34_t11,34,2,1703400466,co-q39,calculus-optimization,co-differentiation,medium,1010,medium,0.0,partial-derivatives|chain-rule|product-rule|critical-points|gradients|implicit-differentiation,standard,0,0,none,0.0,practice_test,1664.0,advanced,0,0,0.0,0,0,0.0,0,0,0.0,0.9773509220216526,0.0,1,15.768339954129766,32,1.0,0.9773509220216526,1,0,advanced,1665,0.0,0,0,0.0,0,0,0.0,1,medium,medium,High Achiever,2
s34_t11,34,2,1703400467,ps-q38,probability-statistics,ps-probability,medium,1120,medium,0.0,basic-probability|bayes-theorem|conditional-probability|independence|random-variables,standard,0,0,none,0.0,practice_test,1665.0,advanced,0,0,0.0,0,0,0.0,0,0,0.0,0.9584042709678974,0.0,1,42.50339579421843,32,1.0,0.9584042709678974,1,0,advanced,1666,0.0,0,0,0.0,0,0,0.0,1,medium,medium,High Achiever,4
s34_t11,34,2,1703400468,dsa-q6,programming-dsa,dsa-arrays,medium,1030,medium,0.0,array-operations|indexing|searching|sorting,standard,0,0,none,0.0,practice_test,1666.0,advanced,0,0,0.0,0,0,0.0,0,0,0.0,0.974940178760618,0.0,1,58.07849266673029,32,1.0,0.974940178760618,1,0,advanced,1667,0.0,0,0,0.0,0,0,0.0,1,medium,medium,High Achiever,2
s34_t11,34,2,1703400469,ml-q20,machine-learning,ml-supervised,easy,1200,medium,0.0,linear-regression|logistic-regression|decision-trees|svm,standard,0,0,none,0.0,practice_test,1667.0,advanced,0,0,0.0,0,0,0.0,0,0,0.0,0.936330811469416,0.0,1,112.61268556816668,32,1.0,0.936330811469416,2,0,advanced,1669,0.0,0,0,0.0,0,0,0.0,2,easy,easy,High Achiever,4
s34_t11,34,2,1703400470,ds-q7,probability-statistics,probability,medium,1330,high,0.0,sample-spaces|events|conditional-probability|independence,standard,0,0,none,0.0,practice_test,1669.0,advanced,0,0,0.0,0,0,0.0,0,0,0.0,0.8756036686409934,0.0,1,34.93157365436335,32,1.0,0.8756036686409934,4,0,advanced,1673,0.0,0,0,0.0,0,0,0.0,4,medium,medium,High Achiever,4
s34_t11,34,2,1703400471,ga-q27,general-aptitude,ga-quantitative-aptitude,easy,730,low,0.0,arithmetic|algebra|geometry|permutations|combinations,standard,0,0,none,0.0,practice_test,1673.0,advanced,0,0,0.0,0,0,0.0,0,0,0.0,0.9956288323373768,0.0,1,96.8245682382336,32,1.0,0.9956288323373768,0,0,advanced,1673,0.0,0,0,0.0,0,0,0.0,0,easy,easy,High Achiever,2
s34_t11,34,2,1703400472,dsa-q54,programming-dsa,dsa-trees,easy,920,medium,0.0,binary-trees|bst|tree-traversal|balanced-trees,standard,0,0,none,0.0,practice_test,1673.0,advanced,0,0,0.0,0,0,0.0,0,0,0.0,0.9870626678999228,0.0,1,28.042693198918847,32,1.0,0.9870626678999228,0,0,advanced,1673,0.0,0,0,0.0,0,0,0.0,0,easy,easy,High Achiever,2
s34_t11,34,2,1703400473,la-q51,linear-algebra,la-eigenvalues,hard,2010,high,0.0,eigenvalues|eigenvectors|diagonalization|spectral-theorem,standard,0,0,none,0.0,practice_test,1673.0,advanced,0,0,0.0,0,0,0.0,0,0,0.0,0.1256557731814538,0.0,0,107.90119656956512,32,1.0,0.1256557731814538,-4,0,advanced,1669,0.0,0,0,0.0,0,0,0.0,-4,hard,hard,High Achiever,8
s34_t11,34,2,1703400474,dsa-q41,programming-dsa,dsa-arrays,easy,970,medium,0.0,array-operations|indexing|searching|sorting,standard,0,0,none,0.0,practice_test,1669.0,advanced,0,0,0.0,0,0,0.0,0,0,0.0,0.9824288133815968,0.0,1,21.98941753408801,32,1.0,0.9824288133815968,1,0,advanced,1670,0.0,0,0,0.0,0,0,0.0,1,easy,easy,High Achiever,2
s34_t11,34,2,1703400475,dsa-q34,programming-dsa,dsa-arrays,medium,1200,medium,0.0,array-operations|indexing|searching|sorting,standard,0,0,none,0.0,practice_test,1670.0,advanced,0,0,0.0,0,0,0.0,0,0,0.0,0.9373526085461132,0.0,1,86.67124654393966,32,1.0,0.9373526085461132,2,0,advanced,1672,0.0,0,0,0.0,0,0,0.0,2,medium,medium,High Achiever,4
s34_t11,34,2,1703400476,ga-q7,general-aptitude,ga-quantitative-aptitude,easy,820,low,0.0,arithmetic|algebra|geometry|permutations|combinations,standard,0,0,none,0.0,practice_test,1672.0,advanced,0,0,0.0,0,0,0.0,0,0,0.0,0.992641447291828,0.0,1,52.30435136888897,32,1.0,0.992641447291828,0,0,advanced,1672,0.0,0,0,0.0,0,0,0.0,0,easy,easy,High Achiever,2
s34_t11,34,2,1703400477,ds-q40,artificial-intelligence,linear-algebra,medium,1280,medium,0.0,matrices|vectors|eigenvalues|linear-systems|transformations,standard,0,0,none,0.0,practice_test,1672.0,advanced,0,0,0.0,0,0,0.0,0,0,0.0,0.905212604026804,0.0,1,78.74748856073843,32,1.0,0.905212604026804,3,0,advanced,1675,0.0,0,0,0.0,0,0,0.0,3,medium,medium,High Achiever,4
s34_t11,34,2,1703400478,ds-q411,dbms,dbms,medium,1480,high,0.0,database-fundamentals|acid-properties|transactions,standard,0,0,none,0.0,practice_test,1675.0,advanced,0,0,0.0,0,0,0.0,0,0,0.0,0.7544540419421866,0.0,1,47.59690243104112,32,1.0,0.7544540419421866,8,0,advanced,1683,0.0,0,0,0.0,0,0,0.0,8,medium,medium,High Achiever,6
s34_t11,34,2,1703400479,dsa-q13,programming-dsa,dsa-trees,medium,1280,medium,0.0,binary-trees|bst|tree-traversal|balanced-trees,standard,0,0,none,0.0,practice_test,1683.0,advanced,0,0,0.0,0,0,0.0,0,0,0.0,0.9105080840492276,0.0,1,5.288870073958847,32,1.0,0.9105080840492276,3,0,advanced,1686,0.0,0,0,0.0,0,0,0.0,3,medium,medium,High Achiever,4
s34_t11,34,2,1703400480,la-q3,linear-algebra,la-matrix,easy,930,medium,0.0,addition|scalar-multiplication|matrix-multiplication|determinants|minors|cofactors|gauss-jordan-elimination|symmetric|orthogonal|hermintian|unitary|identity-metrices,standard,0,0,none,0.0,practice_test,1686.0,advanced,0,0,0.0,0,0,0.0,0,0,0.0,0.9872813524037092,0.0,1,115.0028632422223,32,1.0,0.9872813524037092,0,0,advanced,1686,0.0,0,0,0.0,0,0,0.0,0,easy,easy,High Achiever,2
s34_t11,34,2,1703400481,dbms-q9,dbms,dbms-sql,easy,890,low,0.0,select|joins|group-by|aggregation,standard,0,0,none,0.0,practice_test,1686.0,advanced,0,0,0.0,0,0,0.0,0,0,0.0,0.989870722266409,0.0,1,30.51854885249288,32,1.0,0.989870722266409,0,0,advanced,1686,0.0,0,0,0.0,0,0,0.0,0,easy,easy,High Achiever,2
s34_t11,34,2,1703400482,ga-q22,general-aptitude,ga-quantitative-aptitude,easy,930,medium,0.0,arithmetic|algebra|geometry|permutations|combinations,standard,0,0,none,0.0,practice_test,1686.0,advanced,0,0,0.0,0,0,0.0,0,0,0.0,0.9872813524037092,0.0,1,16.57621852057314,32,1.0,0.9872813524037092,0,0,advanced,1686,0.0,0,0,0.0,0,0,0.0,0,easy,easy,High Achiever,2
s34_t11,34,2,1703400483,ml-q76,machine-learning,ml-evaluation,hard,2180,high,0.0,accuracy|precision|recall|f1-score|cross-validation,standard,0,0,none,0.0,practice_test,1686.0,advanced,0,0,0.0,0,0,0.0,0,0,0.0,0.0550082725325648,0.0,0,73.46377521015181,32,1.0,0.0550082725325648,-2,0,advanced,1684,0.0,0,0,0.0,0,0,0.0,-2,hard,hard,High Achiever,10
s34_t11,34,2,1703400484,ds-q291,machine-learning,machine-learning,medium,1360,high,0.0,supervised|unsupervised|reinforcement|evaluation,standard,0,0,none,0.0,practice_test,1684.0,advanced,0,0,0.0,0,0,0.0,0,0,0.0,0.8658895824550439,0.0,1,73.57964635046301,32,1.0,0.8658895824550439,4,0,advanced,1688,0.0,0,0,0.0,0,0,0.0,4,medium,medium,High Achiever,4
s34_t11,34,2,1703400485,ps-q13,probability-statistics,ps-distributions,medium,1230,medium,0.0,probability-distributions|cumulative-distribution|expected-value,standard,0,0,none,0.0,practice_test,1688.0,advanced,0,0,0.0,0,0,0.0,0,0,0.0,0.9331715354303312,0.0,1,41.57123912584608,32,1.0,0.9331715354303312,2,0,advanced,1690,0.0,0,0,0.0,0,0,0.0,2,medium,medium,High Achiever,4
s34_t11,34,2,1703400486,dbms-q38,dbms,dbms-sql,easy,990,medium,0.0,select|joins|group-by|aggregation,standard,0,0,none,0.0,practice_test,1690.0,advanced,0,0,0.0,0,0,0.0,0,0,0.0,0.9825279085051666,0.0,1,79.60101553891396,32,1.0,0.9825279085051666,1,0,advanced,1691,0.0,0,0,0.0,0,0,0.0,1,easy,easy,High Achiever,2
s34_t11,34,2,1703400487,ds-q76,probability-statistics,conditional-probability,medium,1480,high,0.0,bayes-rule|conditional-independence,standard,0,0,none,0.0,practice_test,1691.0,advanced,0,0,0.0,0,0,0.0,0,0,0.0,0.7711142606875975,0.0,1,82.09908030344434,32,1.0,0.7711142606875975,7,0,advanced,1698,0.0,0,0,0.0,0,0,0.0,7,medium,medium,High Achiever,6
s34_t11,34,2,1703400488,ds-q11,probability-statistics,probability-theory,easy,830,low,0.0,bayes-theorem|permutations|combinations|probability-rules,standard,0,0,none,0.0,practice_test,1698.0,advanced,0,0,0.0,0,0,0.0,0,0,0.0,0.993284572110764,0.0,1,85.24813772967116,32,1.0,0.993284572110764,0,0,advanced,1698,0.0,0,0,0.0,0,0,0.0,0,easy,easy,High Achiever,2
s34_t11,34,2,1703400489,ga-q26,general-aptitude,ga-verbal-reasoning,easy,830,low,0.0,reading-comprehension|vocabulary|sentence-correction|para-jumbles,standard,0,0,none,0.0,practice_test,1698.0,advanced,0,0,0.0,0,0,0.0,0,0,0.0,0.993284572110764,0.0,1,98.45680002976069,32,1.0,0.993284572110764,0,0,advanced,1698,0.0,0,0,0.0,0,0,0.0,0,easy,easy,High Achiever,2
s37_t15,37,3,1703700625,dsa-q38,programming-dsa,dsa-arrays,easy,710,low,0.0,array-operations|indexing|searching|sorting,standard,0,0,none,0.0,practice_test,1892.0,expert,0,0,0.0,0,0,0.0,0,0,0.0,0.9988920540904372,0.0,1,62.33001664783323,32,1.0,0.9988920540904372,0,0,expert,1892,0.0,0,0,0.0,0,0,0.0,0,easy,easy,High Achiever,2
s37_t15,37,3,1703700626,ga-q18,general-aptitude,ga-quantitative-aptitude,medium,1190,medium,0.0,arithmetic|algebra|geometry|permutations|combinations,standard,0,0,none,0.0,practice_test,1892.0,expert,0,0,0.0,0,0,0.0,0,0,0.0,0.9827244547498064,0.0,1,87.90744643138345,32,1.0,0.9827244547498064,1,0,expert,1893,0.0,0,0,0.0,0,0,0.0,1,medium,medium,High Achiever,4
s37_t15,37,3,1703700627,ds-q412,machine-learning,machine-learning,medium,1200,medium,0.0,supervised|unsupervised|reinforcement|evaluation,standard,0,0,none,0.0,practice_test,1893.0,expert,0,0,0.0,0,0,0.0,0,0,0.0,0.981822548199575,0.0,1,70.28834853921985,32,1.0,0.981822548199575,1,0,expert,1894,0.0,0,0,0.0,0,0,0.0,1,medium,medium,High Achiever,4
s37_t15,37,3,1703700628,ds-q44,probability-statistics,probability,medium,1400,high,0.0,sample-spaces|events|conditional-probability|independence,standard,0,0,none,0.0,practice_test,1894.0,expert,0,0,0.0,0,0,0.0,0,0,0.0,0.9449917274674352,0.0,1,73.51860343646585,32,1.0,0.9449917274674352,2,0,expert,1896,0.0,0,0,0.0,0,0,0.0,2,medium,medium,High Achiever,4
s37_t15,37,3,1703700629,co-q56,calculus-optimization,co-integration,medium,1450,high,0.0,definite-integrals|indefinite-integrals|integration-by-parts|u-substitution|fundamental-theorem,standard,0,0,none,0.0,practice_test,1896.0,expert,0,0,0.0,0,0,0.0,0,0,0.0,0.9287326342558504,0.0,1,51.37073086961146,32,1.0,0.9287326342558504,2,0,expert,1898,0.0,0,0,0.0,0,0,0.0,2,medium,medium,High Achiever,6
s37_t15,37,3,1703700630,co-q37,calculus-optimization,co-differentiation,medium,1320,high,0.0,partial-derivatives|chain-rule|product-rule|critical-points|gradients|implicit-differentiation,standard,0,0,none,0.0,practice_test,1898.0,expert,0,0,0.0,0,0,0.0,0,0,0.0,0.9653514200696306,0.0,1,95.45280201788694,32,1.0,0.9653514200696306,1,0,expert,1899,0.0,0,0,0.0,0,0,0.0,1,medium,medium,High Achiever,4
s37_t15,37,3,1703700631,dsa-q76,programming-dsa,dsa-complexity,medium,1270,medium,0.0,time-complexity|space-complexity|big-o-notation,standard,0,0,none,0.0,practice_test,1899.0,expert,0,0,0.0,0,0,0.0,0,0,0.0,0.9739366223620762,0.0,1,42.762750517678384,32,1.0,0.9739366223620762,1,0,expert,1900,0.0,0,0,0.0,0,0,0.0,1,medium,medium,High Achiever,4
s37_t15,37,3,1703700632,ga-q13,general-aptitude,ga-quantitative-aptitude,easy,880,low,0.0,arithmetic|algebra|geometry|permutations|combinations,standard,0,0,none,0.0,practice_test,1900.0,expert,0,0,0.0,0,0,0.0,0,0,0.0,0.9971895380267898,0.0,1,29.34079425492328,32,1.0,0.9971895380267898,0,0,expert,1900,0.0,0,0,0.0,0,0,0.0,0,easy,easy,High Achiever,2
s37_t15,37,3,1703700633,la-q8,linear-algebra,la-eigenvalues,medium,1130,medium,0.0,eigenvalues|eigenvectors|diagonalization|spectral-theorem,standard,0,0,none,0.0,practice_test,1900.0,expert,0,0,0.0,0,0,0.0,0,0,0.0,0.9882545723943448,0.0,1,82.13108204313168,32,1.0,0.9882545723943448,0,0,expert,1900,0.0,0,0,0.0,0,0,0.0,0,medium,medium,High Achiever,4
s37_t15,37,3,1703700634,dsa-q4,programming-dsa,dsa-complexity,easy,960,medium,0.0,time-complexity|space-complexity|big-o-notation,standard,0,0,none,0.0,practice_test,1900.0,expert,0,0,0.0,0,0,0.0,0,0,0.0,0.995553027972883,0.0,1,76.42990176397825,32,1.0,0.995553027972883,0,0,expert,1900,0.0,0,0,0.0,0,0,0.0,0,easy,easy,High Achiever,2
s37_t15,37,3,1703700635,ga-q3,general-aptitude,ga-quantitative-aptitude,easy,820,low,0.0,arithmetic|algebra|geometry|permutations|combinations,standard,0,0,none,0.0,practice_test,1900.0,expert,0,0,0.0,0,0,0.0,0,0,0.0,0.9980087108292718,0.0,1,85.5349551680567,32,1.0,0.9980087108292718,0,0,expert,1900,0.0,0,0,0.0,0,0,0.0,0,easy,easy,High Achiever,2
s37_t15,37,3,1703700636,ml-q35,machine-learning,ml-supervised,medium,1200,medium,0.0,linear-regression|logistic-regression|decision-trees|svm,standard,0,0,none,0.0,practice_test,1900.0,expert,0,0,0.0,0,0,0.0,0,0,0.0,0.9825279085051666,0.0,1,102.38487663776696,32,1.0,0.9825279085051666,1,0,expert,1901,0.0,0,0,0.0,0,0,0.0,1,medium,medium,High Achiever,4
s37_t15,37,3,1703700637,dsa-q11,programming-dsa,dsa-trees,easy,800,low,0.0,binary-trees|bst|tree-traversal|balanced-trees,standard,0,0,none,0.0,practice_test,1901.0,expert,0,0,0.0,0,0,0.0,0,0,0.0,0.998235048344254,0.0,1,84.17000414500602,32,1.0,0.998235048344254,0,0,expert,1901,0.0,0,0,0.0,0,0,0.0,0,easy,easy,High Achiever,2
s37_t15,37,3,1703700638,ds-q54,dbms,dbms,medium,1310,high,0.0,database-fundamentals|acid-properties|transactions,standard,0,0,none,0.0,practice_test,1901.0,expert,0,0,0.0,0,0,0.0,0,0,0.0,0.9677691489361132,0.0,1,86.23173449503987,32,1.0,0.9677691489361132,1,0,expert,1902,0.0,0,0,0.0,0,0,0.0,1,medium,medium,High Achiever,4
s37_t15,37,3,1703700639,ga-q5,general-aptitude,ga-logical-reasoning,easy,700,low,0.0,syllogisms|logical-deduction|critical-reasoning,standard,0,0,none,0.0,practice_test,1902.0,expert,0,0,0.0,0,0,0.0,0,0,0.0,0.9990124231774672,0.0,1,20.137863440742585,32,1.0,0.9990124231774672,0,0,expert,1902,0.0,0,0,0.0,0,0,0.0,0,easy,easy,High Achiever,2
s37_t15,37,3,1703700640,dsa-q17,programming-dsa,dsa-arrays,medium,1300,medium,0.0,array-operations|indexing|searching|sorting,standard,0,0,none,0.0,practice_test,1902.0,expert,0,0,0.0,0,0,0.0,0,0,0.0,0.9696868203823084,0.0,1,19.905082189070463,32,1.0,0.9696868203823084,1,0,expert,1903,0.0,0,0,0.0,0,0,0.0,1,medium,medium,High Achiever,4
s37_t15,37,3,1703700641,ds-q53,dbms,dbms,medium,1080,medium,0.0,database-fundamentals|acid-properties|transactions,standard,0,0,none,0.0,practice_test,1903.0,expert,0,0,0.0,0,0,0.0,0,0,0.0,0.9913161526075984,0.0,0,54.55657964452817,32,1.0,0.9913161526075984,-32,0,expert,1871,0.0,0,0,0.0,0,0,0.0,-32,medium,medium,High Achiever,4
s37_t15,37,3,1703700642,la-43,linear-algebra,la-eigenvalues,hard,1360,high,0.0,,standard,0,0,none,0.0,practice_test,1871.0,expert,0,0,0.0,0,0,0.0,0,0,0.0,0.949862711930845,0.0,1,28.00157819661089,32,1.0,0.949862711930845,2,0,expert,1873,0.0,0,0,0.0,0,0,0.0,2,hard,hard,High Achiever,4
s37_t15,37,3,1703700643,ds-q3,probability-statistics,probability,easy,920,medium,0.0,sample-spaces|events|conditional-probability|independence,standard,0,0,none,0.0,practice_test,1873.0,expert,0,0,0.0,0,0,0.0,0,0,0.0,0.9958723423341148,0.0,1,27.98788372881061,32,1.0,0.9958723423341148,0,0,expert,1873,0.0,0,0,0.0,0,0,0.0,0,easy,easy,High Achiever,2
s37_t15,37,3,1703700644,ml-q74,machine-learning,ml-unsupervised,hard,2320,high,0.0,clustering|dimensionality-reduction|pca,standard,0,0,none,0.0,practice_test,1873.0,expert,0,0,0.0,0,0,0.0,0,0,0.0,0.0708872941587333,0.0,0,90.39578902006636,32,1.0,0.0708872941587333,-2,0,expert,1871,0.0,0,0,0.0,0,0,0.0,-2,hard,hard,High Achiever,10
s37_t15,37,3,1703700645,ps-q81,probability-statistics,ps-hypothesis,medium,1410,high,0.0,hypothesis-testing|p-value|type-I-error|type-II-error|t-test|significance-level,standard,0,0,none,0.0,practice_test,1871.0,expert,0,0,0.0,0,0,0.0,0,0,0.0,0.934240473414462,0.0,1,80.83400407979107,32,1.0,0.934240473414462,2,0,expert,1873,0.0,0,0,0.0,0,0,0.0,2,medium,medium,High Achiever,4
s37_t15,37,3,1703700646,ps-q77,probability-statistics,ps-distributions,medium,1290,medium,0.0,normal-distribution|binomial-distribution|poisson-distribution|cumulative-distribution|expected-value|variance,standard,0,0,none,0.0,practice_test,1873.0,expert,0,0,0.0,0,0,0.0,0,0,0.0,0.9663013437531566,0.0,1,54.976406991113606,32,1.0,0.9663013437531566,1,0,expert,1874,0.0,0,0,0.0,0,0,0.0,1,medium,medium,High Achiever,4
s37_t15,37,3,1703700647,ds-q208,artificial-intelligence,programming,easy,900,low,0.0,c-programming|functions|pointers|memory,standard,0,0,none,0.0,practice_test,1874.0,expert,0,0,0.0,0,0,0.0,0,0,0.0,0.99634061726013,0.0,1,13.687587632357369,32,1.0,0.99634061726013,0,0,expert,1874,0.0,0,0,0.0,0,0,0.0,0,easy,easy,High Achiever,2
s37_t15,37,3,1703700648,dsa-q70,programming-dsa,dsa-complexity,hard,2010,high,0.0,time-complexity|space-complexity|big-o-notation,standard,0,0,none,0.0,practice_test,1874.0,expert,0,0,0.0,0,0,0.0,0,0,0.0,0.3136997423166875,0.0,1,98.55705169194172,32,1.0,0.3136997423166875,22,0,expert,1896,0.0,0,0,0.0,0,0,0.0,22,hard,hard,High Achiever,8
s37_t15,37,3,1703700649,ga-q23,general-aptitude,ga-logical-reasoning,easy,790,low,0.0,syllogisms|logical-deduction|critical-reasoning,standard,0,0,none,0.0,practice_test,1896.0,expert,0,0,0.0,0,0,0.0,0,0,0.0,0.9982850377608566,0.0,0,39.52461468271144,32,1.0,0.9982850377608566,-32,0,expert,1864,0.0,0,0,0.0,0,0,0.0,-32,easy,easy,High Achiever,2
s37_t15,37,3,1703700650,co-q20,calculus-optimization,co-differentiation,easy,1200,medium,0.0,partial-derivatives|chain-rule|product-rule|critical-points|gradients|implicit-differentiation,standard,0,0,none,0.0,practice_test,1864.0,expert,0,0,0.0,0,0,0.0,0,0,0.0,0.9785907667495398,0.0,1,122.01810674771792,32,1.0,0.9785907667495398,1,0,expert,1865,0.0,0,0,0.0,0,0,0.0,1,easy,easy,High Achiever,4
s37_t15,37,3,1703700651,ds-q68,artificial-intelligence,quantitative-aptitude,easy,740,low,0.0,numbers|algebra|geometry|probability,standard,0,0,none,0.0,practice_test,1865.0,expert,0,0,0.0,0,0,0.0,0,0,0.0,0.9984624412015196,0.0,1,90.11699887884436,32,1.0,0.9984624412015196,0,0,expert,1865,0.0,0,0,0.0,0,0,0.0,0,easy,easy,High Achiever,2
s37_t15,37,3,1703700652,dsa-q60,programming-dsa,dsa-trees,medium,1050,medium,0.0,binary-trees|bst|tree-traversal|balanced-trees,standard,0,0,none,0.0,practice_test,1865.0,expert,0,0,0.0,0,0,0.0,0,0,0.0,0.9909106153838612,0.0,1,72.73250789429046,32,1.0,0.9909106153838612,0,0,expert,1865,0.0,0,0,0.0,0,0,0.0,0,medium,medium,High Achiever,2
s37_t15,37,3,1703700653,ds-q408,artificial-intelligence,linear-algebra,easy,880,low,0.0,matrices|vectors|eigenvalues|linear-systems|transformations,standard,0,0,none,0.0,practice_test,1865.0,expert,0,0,0.0,0,0,0.0,0,0,0.0,0.9965643781241004,0.0,1,99.82318099184828,32,1.0,0.9965643781241004,0,0,expert,1865,0.0,0,0,0.0,0,0,0.0,0,easy,easy,High Achiever,2
s37_t15,37,3,1703700654,dsa-q15,programming-dsa,dsa-arrays,easy,840,low,0.0,array-operations|indexing|searching|sorting,standard,0,0,none,0.0,practice_test,1865.0,expert,0,0,0.0,0,0,0.0,0,0,0.0,0.9972690588286592,0.0,1,89.53125177330932,32,1.0,0.9972690588286592,0,0,expert,1865,0.0,0,0,0.0,0,0,0.0,0,easy,easy,High Achiever,2
s37_t15,37,3,1703700655,ga-q11,general-aptitude,ga-verbal-reasoning,easy,830,low,0.0,reading-comprehension|vocabulary|sentence-correction|para-jumbles,standard,0,0,none,0.0,practice_test,1865.0,expert,0,0,0.0,0,0,0.0,0,0,0.0,0.9974214313659068,0.0,1,66.35715028244414,32,1.0,0.9974214313659068,0,0,expert,1865,0.0,0,0,0.0,0,0,0.0,0,easy,easy,High Achiever,2
s37_t15,37,3,1703700656,ml-q39,machine-learning,ml-supervised,medium,1080,medium,0.0,linear-regression|logistic-regression|decision-trees|svm,standard,0,0,none,0.0,practice_test,1865.0,expert,0,0,0.0,0,0,0.0,0,0,0.0,0.9892157235852383,0.0,1,66.2296998770933,32,1.0,0.9892157235852383,0,0,expert,1865,0.0,0,0,0.0,0,0,0.0,0,medium,medium,High Achiever,4
s37_t15,37,3,1703700657,ml-q11,machine-learning,ml-supervised,easy,890,low,0.0,linear-regression|logistic-regression|decision-trees|svm,standard,0,0,none,0.0,practice_test,1865.0,expert,0,0,0.0,0,0,0.0,0,0,0.0,0.9963615454222018,0.0,1,57.27528419000201,32,1.0,0.9963615454222018,0,0,expert,1865,0.0,0,0,0.0,0,0,0.0,0,easy,easy,High Achiever,2
s37_t15,37,3,1703700658,ga-q28,general-aptitude,ga-logical-reasoning,medium,1010,medium,0.0,syllogisms|logical-deduction|critical-reasoning,standard,0,0,none,0.0,practice_test,1865.0,expert,0,0,0.0,0,0,0.0,0,0,0.0,0.9927665226852324,0.0,1,95.67674548505306,32,1.0,0.9927665226852324,0,0,expert,1865,0.0,0,0,0.0,0,0,0.0,0,medium,medium,High Achiever,2
s37_t15,37,3,1703700659,dbms-q62,dbms,dbms-normalization,easy,1250,medium,0.0,functional-dependencies|closure-of-attributes|canonical-cover|lossless-join-decomposition|dependency-preservation|first-normal-form|second-normal-form|third-normal-form|boyce-codd-normal-form,standard,0,0,none,0.0,practice_test,1865.0,expert,0,0,0.0,0,0,0.0,0,0,0.0,0.9718108649534384,0.0,1,88.77513271402559,32,1.0,0.9718108649534384,1,0,expert,1866,0.0,0,0,0.0,0,0,0.0,1,easy,easy,High Achiever,4
s37_t15,37,3,1703700660,dsa-q37,programming-dsa,dsa-arrays,hard,1620,high,0.0,array-operations|indexing|searching|sorting,standard,0,0,none,0.0,practice_test,1866.0,expert,0,0,0.0,0,0,0.0,0,0,0.0,0.8047246934992595,0.0,1,39.52310091080323,32,1.0,0.8047246934992595,6,0,expert,1872,0.0,0,0,0.0,0,0,0.0,6,hard,hard,High Achiever,6
s37_t15,37,3,1703700661,ml-q55,machine-learning,ml-evaluation,easy,1310,high,0.0,accuracy|precision|recall|f1-score|cross-validation,standard,0,0,none,0.0,practice_test,1872.0,expert,0,0,0.0,0,0,0.0,0,0,0.0,0.9621351633851132,0.0,1,63.95399346632963,32,1.0,0.9621351633851132,1,0,expert,1873,0.0,0,0,0.0,0,0,0.0,1,easy,easy,High Achiever,4
s37_t15,37,3,1703700662,ds-q95,calculus-optimization,calculus,medium,1040,medium,0.0,derivatives|integrals|limits|continuity,standard,0,0,none,0.0,practice_test,1873.0,expert,0,0,0.0,0,0,0.0,0,0,0.0,0.9917979351302794,0.0,1,96.11525108014236,32,1.0,0.9917979351302794,0,0,expert,1873,0.0,0,0,0.0,0,0,0.0,0,medium,medium,High Achiever,2
s37_t15,37,3,1703700663,ds-q337,probability-statistics,probability,easy,800,low,0.0,sample-spaces|events|conditional-probability|independence,standard,0,0,none,0.0,practice_test,1873.0,expert,0,0,0.0,0,0,0.0,0,0,0.0,0.997927002519816,0.0,1,86.3465605925413,32,1.0,0.997927002519816,0,0,expert,1873,0.0,0,0,0.0,0,0,0.0,0,easy,easy,High Achiever,2
s37_t15,37,3,1703700664,ds-q272,probability-statistics,probability,easy,960,medium,0.0,sample-spaces|events|conditional-probability|independence,standard,0,0,none,0.0,practice_test,1873.0,expert,0,0,0.0,0,0,0.0,0,0,0.0,0.9948091346389316,0.0,1,103.05931492608458,32,1.0,0.9948091346389316,0,0,expert,1873,0.0,0,0,0.0,0,0,0.0,0,easy,easy,High Achiever,2
s37_t15,37,3,1703700665,ga-q12,general-aptitude,ga-verbal-reasoning,easy,820,low,0.0,reading-comprehension|vocabulary|sentence-correction|para-jumbles,standard,0,0,none,0.0,practice_test,1873.0,expert,0,0,0.0,0,0,0.0,0,0,0.0,0.9976746467555432,0.0,1,96.46692417338345,32,1.0,0.9976746467555432,0,0,expert,1873,0.0,0,0,0.0,0,0,0.0,0,easy,easy,High Achiever,2
s37_t15,37,3,1703700666,la-q11,linear-algebra,la-eigenvalues,easy,720,low,0.0,eigenvalues|eigenvectors|diagonalization|spectral-theorem,standard,0,0,none,0.0,practice_test,1873.0,expert,0,0,0.0,0,0,0.0,0,0,0.0,0.998691025617323,0.0,1,88.71620943921752,32,1.0,0.998691025617323,0,0,expert,1873,0.0,0,0,0.0,0,0,0.0,0,easy,easy,High Achiever,2
s37_t15,37,3,1703700667,dbms-q6,dbms,dbms-sql,medium,1430,high,0.0,select|joins|group-by|aggregation,standard,0,0,none,0.0,practice_test,1873.0,expert,0,0,0.0,0,0,0.0,0,0,0.0,0.92758110507346,0.0,0,53.08621556959904,32,1.0,0.92758110507346,-30,0,expert,1843,0.0,0,0,0.0,0,0,0.0,-30,medium,medium,High Achiever,6
s37_t15,37,3,1703700668,la-q55,linear-algebra,la-eigenvalues,hard,2020,high,0.0,eigenvalues|eigenvectors|diagonalization|spectral-theorem,standard,0,0,none,0.0,practice_test,1843.0,expert,0,0,0.0,0,0,0.0,0,0,0.0,0.2652429106834533,0.0,0,42.10872396617815,32,1.0,0.2652429106834533,-8,0,expert,1835,0.0,0,0,0.0,0,0,0.0,-8,hard,hard,High Achiever,8
s37_t15,37,3,1703700669,la-q16,linear-algebra,la-eigenvalues,medium,1200,medium,0.0,eigenvalues|eigenvectors|diagonalization|spectral-theorem,standard,0,0,none,0.0,practice_test,1835.0,expert,0,0,0.0,0,0,0.0,0,0,0.0,0.9747991526889288,0.0,1,92.38031919932578,32,1.0,0.9747991526889288,1,0,expert,1836,0.0,0,0,0.0,0,0,0.0,1,medium,medium,High Achiever,4
s37_t15,37,3,1703700670,dsa-q14,programming-dsa,dsa-trees,medium,1240,medium,0.0,binary-trees|bst|tree-traversal|balanced-trees,standard,0,0,none,0.0,practice_test,1836.0,expert,0,0,0.0,0,0,0.0,0,0,0.0,0.968654940548496,0.0,1,86.38772350847314,32,1.0,0.968654940548496,1,0,expert,1837,0.0,0,0,0.0,0,0,0.0,1,medium,medium,High Achiever,4
s37_t15,37,3,1703700671,ps-q17,probability-statistics,ps-probability,medium,1200,medium,0.0,probability-theory|conditional-probability|independence,standard,0,0,none,0.0,practice_test,1837.0,expert,0,0,0.0,0,0,0.0,0,0,0.0,0.9750804358132772,0.0,1,86.4084365199351,32,1.0,0.9750804358132772,1,0,expert,1838,0.0,0,0,0.0,0,0,0.0,1,medium,medium,High Achiever,4
s37_t15,37,3,1703700672,ml-q21,general-aptitude,unknown,medium,1310,high,0.0,,standard,0,0,none,0.0,practice_test,1838.0,expert,0,0,0.0,0,0,0.0,0,0,0.0,0.9543232189603376,0.0,1,97.31841446586002,32,1.0,0.9543232189603376,1,0,expert,1839,0.0,0,0,0.0,0,0,0.0,1,medium,medium,High Achiever,4
s37_t15,37,3,1703700673,ds-q266,artificial-intelligence,logical-reasoning,medium,1070,medium,0.0,logical-deduction|critical-reasoning,standard,0,0,none,0.0,practice_test,1839.0,expert,0,0,0.0,0,0,0.0,0,0,0.0,0.9881875662675944,0.0,1,98.72573822304886,32,1.0,0.9881875662675944,0,0,expert,1839,0.0,0,0,0.0,0,0,0.0,0,medium,medium,High Achiever,4
s37_t15,37,3,1703700674,ds-q312,probability-statistics,probability,easy,890,low,0.0,sample-spaces|events|conditional-probability|independence,standard,0,0,none,0.0,practice_test,1839.0,expert,0,0,0.0,0,0,0.0,0,0,0.0,0.9957766028965842,0.0,1,68.27020937656731,32,1.0,0.9957766028965842,0,0,expert,1839,0.0,0,0,0.0,0,0,0.0,0,easy,easy,High Achiever,2
s40_t18,40,4,1704000770,ds-q291,machine-learning,machine-learning,medium,1360,high,0.0,supervised|unsupervised|reinforcement|evaluation,standard,0,0,none,0.0,practice_test,1712.0,advanced,0,0,0.0,0,0,0.0,0,0,0.0,0.8835282880564392,0.0,1,29.675925501218043,32,1.0,0.8835282880564392,4,0,advanced,1716,0.0,0,0,0.0,0,0,0.0,4,medium,medium,High Achiever,4
s40_t18,40,4,1704000771,la-29,linear-algebra,la-matrices,medium,1210,medium,0.0,,standard,0,0,none,0.0,practice_test,1716.0,advanced,0,0,0.0,0,0,0.0,0,0,0.0,0.9484741124025332,0.0,1,30.189046521614703,32,1.0,0.9484741124025332,2,0,advanced,1718,0.0,0,0,0.0,0,0,0.0,2,medium,medium,High Achiever,4
s40_t18,40,4,1704000772,dsa-q1,programming-dsa,dsa-complexity,easy,710,low,0.0,time-complexity|space-complexity|big-o-notation,standard,0,0,none,0.0,practice_test,1718.0,advanced,0,0,0.0,0,0,0.0,0,0,0.0,0.9969891409286306,0.0,1,69.63328593328944,32,1.0,0.9969891409286306,0,0,advanced,1718,0.0,0,0,0.0,0,0,0.0,0,easy,easy,High Achiever,2
s40_t18,40,4,1704000773,ps-q52,probability-statistics,ps-probability,medium,1060,medium,0.0,basic-probability|bayes-theorem|conditional-probability|independence|random-variables,standard,0,0,none,0.0,practice_test,1718.0,advanced,0,0,0.0,0,0,0.0,0,0,0.0,0.9778550610240092,0.0,1,20.14576663771522,32,1.0,0.9778550610240092,1,0,advanced,1719,0.0,0,0,0.0,0,0,0.0,1,medium,medium,High Achiever,4
s40_t18,40,4,1704000774,ds-q126,machine-learning,machine-learning,easy,1300,medium,0.0,supervised|unsupervised|reinforcement|evaluation,standard,0,0,none,0.0,practice_test,1719.0,advanced,0,0,0.0,0,0,0.0,0,0,0.0,0.9177346187993988,0.0,1,100.0210404751835,32,1.0,0.9177346187993988,3,0,advanced,1722,0.0,0,0,0.0,0,0,0.0,3,easy,easy,High Achiever,4
s40_t18,40,4,1704000775,dsa-q36,programming-dsa,dsa-arrays,hard,1500,high,0.0,array-operations|indexing|searching|sorting,standard,0,0,none,0.0,practice_test,1722.0,advanced,0,0,0.0,0,0,0.0,0,0,0.0,0.7820980161313187,0.0,1,71.49764525683102,32,1.0,0.7820980161313187,7,0,advanced,1729,0.0,0,0,0.0,0,0,0.0,7,hard,hard,High Achiever,6
s40_t18,40,4,1704000776,ga-q23,general-aptitude,ga-logical-reasoning,easy,790,low,0.0,syllogisms|logical-deduction|critical-reasoning,standard,0,0,none,0.0,practice_test,1729.0,advanced,0,0,0.0,0,0,0.0,0,0,0.0,0.9955274701448956,0.0,1,40.16695755216619,32,1.0,0.9955274701448956,0,0,advanced,1729,0.0,0,0,0.0,0,0,0.0,0,easy,easy,High Achiever,2
s40_t18,40,4,1704000777,ga-q8,general-aptitude,ga-logical-reasoning,medium,1290,medium,0.0,syllogisms|logical-deduction|critical-reasoning,standard,0,0,none,0.0,practice_test,1729.0,advanced,0,0,0.0,0,0,0.0,0,0,0.0,0.9260190472872636,0.0,1,83.6523008812263,32,1.0,0.9260190472872636,2,0,advanced,1731,0.0,0,0,0.0,0,0,0.0,2,medium,medium,High Achiever,4
s40_t18,40,4,1704000778,ds-q391,probability-statistics,probability,medium,1270,medium,0.0,sample-spaces|events|conditional-probability|independence,standard,0,0,none,0.0,practice_test,1731.0,advanced,0,0,0.0,0,0,0.0,0,0,0.0,0.934240473414462,0.0,1,83.89262320858757,32,1.0,0.934240473414462,2,0,advanced,1733,0.0,0,0,0.0,0,0,0.0,2,medium,medium,High Achiever,4
s40_t18,40,4,1704000779,ds-q107,dbms,dbms,medium,1320,high,0.0,database-fundamentals|acid-properties|transactions,standard,0,0,none,0.0,practice_test,1733.0,advanced,0,0,0.0,0,0,0.0,0,0,0.0,0.9150891110604188,0.0,1,43.637213148322736,32,1.0,0.9150891110604188,3,0,advanced,1736,0.0,0,0,0.0,0,0,0.0,3,medium,medium,High Achiever,4
s40_t18,40,4,1704000780,la-q28,linear-algebra,la-matrices,medium,1300,medium,0.0,addition|scalar-multiplication|matrix-multiplication|determinants|minors|cofactors|symmetric|orthogonal,standard,0,0,none,0.0,practice_test,1736.0,advanced,0,0,0.0,0,0,0.0,0,0,0.0,0.9248272212397116,0.0,0,102.89802385891358,32,1.0,0.9248272212397116,-30,0,advanced,1706,0.0,0,0,0.0,0,0,0.0,-30,medium,medium,High Achiever,4
s40_t18,40,4,1704000781,ga-q20,general-aptitude,ga-quantitative-aptitude,medium,1170,medium,0.0,arithmetic|algebra|geometry|permutations|combinations,standard,0,0,none,0.0,practice_test,1706.0,advanced,0,0,0.0,0,0,0.0,0,0,0.0,0.956289152264316,0.0,1,11.759274748860548,32,1.0,0.956289152264316,1,0,advanced,1707,0.0,0,0,0.0,0,0,0.0,1,medium,medium,High Achiever,4
s40_t18,40,4,1704000782,dbms-q25,dbms,dbms-sql,easy,990,medium,0.0,select|joins|group-by|aggregation,standard,0,0,none,0.0,practice_test,1707.0,advanced,0,0,0.0,0,0,0.0,0,0,0.0,0.9841308794583856,0.0,1,111.33746411989064,32,1.0,0.9841308794583856,1,0,advanced,1708,0.0,0,0,0.0,0,0,0.0,1,easy,easy,High Achiever,2
s40_t18,40,4,1704000783,ds-q98,dbms,dbms,medium,1210,medium,0.0,database-fundamentals|acid-properties|transactions,standard,0,0,none,0.0,practice_test,1708.0,advanced,0,0,0.0,0,0,0.0,0,0,0.0,0.946176473968739,0.0,1,41.83549787399858,32,1.0,0.946176473968739,2,0,advanced,1710,0.0,0,0,0.0,0,0,0.0,2,medium,medium,High Achiever,4
s40_t18,40,4,1704000784,ai-q52,artificial-intelligence,ai-logic,medium,1020,medium,0.0,propositional-logic|syntax-semantics|truth-tables|validity-satisfiability|inference-rules|soundness-completeness|predicate-logic|first-order-logic|quantifiers|unification|resolution,standard,0,0,none,0.0,practice_test,1710.0,advanced,0,0,0.0,0,0,0.0,0,0,0.0,0.98151176262017,0.0,1,107.26824854459043,32,1.0,0.98151176262017,1,0,advanced,1711,0.0,0,0,0.0,0,0,0.0,1,medium,medium,High Achiever,2
s40_t18,40,4,1704000785,co-q11,calculus-optimization,co-optimization,medium,1160,medium,0.0,critical-points|extrema|optimization|lagrange-multipliers,standard,0,0,none,0.0,practice_test,1711.0,advanced,0,0,0.0,0,0,0.0,0,0,0.0,0.9597595843686244,0.0,1,38.17231075601868,32,1.0,0.9597595843686244,1,0,advanced,1712,0.0,0,0,0.0,0,0,0.0,1,medium,medium,High Achiever,4
s40_t18,40,4,1704000786,la-q60,linear-algebra,la-eigenvalues,hard,1870,high,0.0,eigenvalues|eigenvectors|diagonalization|spectral-theorem,standard,0,0,none,0.0,practice_test,1712.0,advanced,0,0,0.0,0,0,0.0,0,0,0.0,0.287097842594546,0.0,0,63.292049717279895,32,1.0,0.287097842594546,-9,0,advanced,1703,0.0,0,0,0.0,0,0,0.0,-9,hard,hard,High Achiever,8
s40_t18,40,4,1704000787,co-q41,calculus-optimization,co-integration,easy,950,medium,0.0,definite-integrals|indefinite-integrals|integration-by-parts|u-substitution|fundamental-theorem,standard,0,0,none,0.0,practice_test,1703.0,advanced,0,0,0.0,0,0,0.0,0,0,0.0,0.9870626678999228,0.0,1,93.57932276974104,32,1.0,0.9870626678999228,0,0,advanced,1703,0.0,0,0,0.0,0,0,0.0,0,easy,easy,High Achiever,2
s40_t18,40,4,1704000788,ps-q27,probability-statistics,ps-probability,medium,1200,medium,0.0,probability-theory|conditional-probability|independence,standard,0,0,none,0.0,practice_test,1703.0,advanced,0,0,0.0,0,0,0.0,0,0,0.0,0.9476235744705876,0.0,1,78.33627681873088,32,1.0,0.9476235744705876,2,0,advanced,1705,0.0,0,0,0.0,0,0,0.0,2,medium,medium,High Achiever,4
s40_t18,40,4,1704000789,ds-q316,machine-learning,machine-learning,medium,1360,high,0.0,supervised|unsupervised|reinforcement|evaluation,standard,0,0,none,0.0,practice_test,1705.0,advanced,0,0,0.0,0,0,0.0,0,0,0.0,0.8793171534540078,0.0,1,82.22617428686203,32,1.0,0.8793171534540078,4,0,advanced,1709,0.0,0,0,0.0,0,0,0.0,4,medium,medium,High Achiever,4
s40_t18,40,4,1704000790,ps-q5,probability-statistics,ps-probability,easy,940,medium,0.0,probability-theory|conditional-probability|independence,standard,0,0,none,0.0,practice_test,1709.0,advanced,0,0,0.0,0,0,0.0,0,0,0.0,0.9881875662675944,0.0,1,92.69159066270863,32,1.0,0.9881875662675944,0,0,advanced,1709,0.0,0,0,0.0,0,0,0.0,0,easy,easy,High Achiever,2
s40_t18,40,4,1704000791,ps-q66,probability-statistics,ps-distributions,medium,1240,medium,0.0,normal-distribution|binomial-distribution|poisson-distribution|cumulative-distribution|expected-value|variance,standard,0,0,none,0.0,practice_test,1709.0,advanced,0,0,0.0,0,0,0.0,0,0,0.0,0.9370137212880922,0.0,1,100.0092986015399,32,1.0,0.9370137212880922,2,0,advanced,1711,0.0,0,0,0.0,0,0,0.0,2,medium,medium,High Achiever,4
s40_t18,40,4,1704000792,dsa-q56,programming-dsa,dsa-trees,hard,2400,high,0.0,binary-trees|bst|tree-traversal|balanced-trees,standard,0,0,none,0.0,practice_test,1711.0,advanced,0,0,0.0,0,0,0.0,0,0,0.0,0.0185929866396564,0.0,0,40.17563745707546,32,1.0,0.0185929866396564,-1,0,advanced,1710,0.0,0,0,0.0,0,0,0.0,-1,hard,hard,High Achiever,10
s40_t18,40,4,1704000793,ga-q21,general-aptitude,ga-verbal-reasoning,easy,750,low,0.0,reading-comprehension|vocabulary|sentence-correction|para-jumbles,standard,0,0,none,0.0,practice_test,1710.0,advanced,0,0,0.0,0,0,0.0,0,0,0.0,0.9960347143808476,0.0,1,110.32619382087752,32,1.0,0.9960347143808476,0,0,advanced,1710,0.0,0,0,0.0,0,0,0.0,0,easy,easy,High Achiever,2
s40_t18,40,4,1704000794,ds-q287,machine-learning,machine-learning,easy,930,medium,0.0,supervised|unsupervised|reinforcement|evaluation,standard,0,0,none,0.0,practice_test,1710.0,advanced,0,0,0.0,0,0,0.0,0,0,0.0,0.9889043111336924,0.0,0,47.596406638857005,32,1.0,0.9889043111336924,-32,0,advanced,1678,0.0,0,0,0.0,0,0,0.0,-32,easy,easy,High Achiever,2
s40_t18,40,4,1704000795,ml-q115,machine-learning,ml-unsupervised,hard,1710,high,0.0,clustering|k-means|hierarchical-clustering|dimensionality-reduction|pca,standard,0,0,none,0.0,practice_test,1678.0,advanced,0,0,0.0,0,0,0.0,0,0,0.0,0.4540780772195163,0.0,1,40.15293740183666,32,1.0,0.4540780772195163,17,0,advanced,1695,0.0,0,0,0.0,0,0,0.0,17,hard,hard,High Achiever,6
s40_t18,40,4,1704000796,la-21,linear-algebra,la-matrices,medium,1210,medium,0.0,,standard,0,0,none,0.0,practice_test,1695.0,advanced,0,0,0.0,0,0,0.0,0,0,0.0,0.9422356949632468,0.0,1,101.90849685560704,32,1.0,0.9422356949632468,2,0,advanced,1697,0.0,0,0,0.0,0,0,0.0,2,medium,medium,High Achiever,4
s40_t18,40,4,1704000797,dsa-q83,programming-dsa,dsa-complexity,hard,2240,high,0.0,time-complexity|space-complexity|big-o-notation,standard,0,0,none,0.0,practice_test,1697.0,advanced,0,0,0.0,0,0,0.0,0,0,0.0,0.0420571278125394,0.0,1,66.84005995271015,32,1.0,0.0420571278125394,31,0,advanced,1728,0.0,0,0,0.0,0,0,0.0,31,hard,hard,High Achiever,10
s40_t18,40,4,1704000798,dsa-q21,programming-dsa,dsa-arrays,easy,720,low,0.0,array-operations|indexing|searching|sorting,standard,0,0,none,0.0,practice_test,1728.0,advanced,0,0,0.0,0,0,0.0,0,0,0.0,0.9969891409286306,0.0,1,83.13612939620788,32,1.0,0.9969891409286306,0,0,advanced,1728,0.0,0,0,0.0,0,0,0.0,0,easy,easy,High Achiever,2
s40_t18,40,4,1704000799,dsa-q67,programming-dsa,dsa-complexity,easy,740,low,0.0,time-complexity|space-complexity|big-o-notation,standard,0,0,none,0.0,practice_test,1728.0,advanced,0,0,0.0,0,0,0.0,0,0,0.0,0.9966230012016888,0.0,1,55.09949510872823,32,1.0,0.9966230012016888,0,0,advanced,1728,0.0,0,0,0.0,0,0,0.0,0,easy,easy,High Achiever,2
s40_t18,40,4,1704000800,ga-q25,general-aptitude,ga-verbal-reasoning,easy,860,low,0.0,reading-comprehension|vocabulary|sentence-correction|para-jumbles,standard,0,0,none,0.0,practice_test,1728.0,advanced,0,0,0.0,0,0,0.0,0,0,0.0,0.993284572110764,0.0,1,60.26050042975429,32,1.0,0.993284572110764,0,0,advanced,1728,0.0,0,0,0.0,0,0,0.0,0,easy,easy,High Achiever,2
s40_t18,40,4,1704000801,dsa-q77,programming-dsa,dsa-complexity,medium,1180,medium,0.0,time-complexity|space-complexity|big-o-notation,standard,0,0,none,0.0,practice_test,1728.0,advanced,0,0,0.0,0,0,0.0,0,0,0.0,0.9590873001033208,0.0,1,53.51525676908077,32,1.0,0.9590873001033208,1,0,advanced,1729,0.0,0,0,0.0,0,0,0.0,1,medium,medium,High Achiever,4
s40_t18,40,4,1704000802,ds-q39,probability-statistics,probability,easy,740,low,0.0,sample-spaces|events|conditional-probability|independence,standard,0,0,none,0.0,practice_test,1729.0,advanced,0,0,0.0,0,0,0.0,0,0,0.0,0.9966423198407088,0.0,1,64.51022298869931,32,1.0,0.9966423198407088,0,0,advanced,1729,0.0,0,0,0.0,0,0,0.0,0,easy,easy,High Achiever,2
s40_t18,40,4,1704000803,co-q6,calculus-optimization,co-optimization,medium,1350,high,0.0,critical-points|extrema|optimization|lagrange-multipliers,standard,0,0,none,0.0,practice_test,1729.0,advanced,0,0,0.0,0,0,0.0,0,0,0.0,0.8985940288909822,0.0,1,19.97308532003365,32,1.0,0.8985940288909822,3,0,advanced,1732,0.0,0,0,0.0,0,0,0.0,3,medium,medium,High Achiever,4
s40_t18,40,4,1704000804,la-q37,linear-algebra,la-matrices,medium,1070,medium,0.0,addition|scalar-multiplication|matrix-multiplication|determinants|minors|cofactors|symmetric|orthogonal,standard,0,0,none,0.0,practice_test,1732.0,advanced,0,0,0.0,0,0,0.0,0,0,0.0,0.9783482271435652,0.0,0,77.89967754321977,32,1.0,0.9783482271435652,-31,0,advanced,1701,0.0,0,0,0.0,0,0,0.0,-31,medium,medium,High Achiever,4
s40_t18,40,4,1704000805,ai-q56,artificial-intelligence,ai-logic,medium,1070,medium,0.0,propositional-logic|syntax-semantics|truth-tables|validity-satisfiability|inference-rules|soundness-completeness|predicate-logic|first-order-logic|quantifiers|unification|resolution,standard,0,0,none,0.0,practice_test,1701.0,advanced,0,0,0.0,0,0,0.0,0,0,0.0,0.974227278215706,0.0,1,69.60487428179529,32,1.0,0.974227278215706,1,0,advanced,1702,0.0,0,0,0.0,0,0,0.0,1,medium,medium,High Achiever,4
s40_t18,40,4,1704000806,ml-q21,general-aptitude,unknown,medium,1310,high,0.0,,standard,0,0,none,0.0,practice_test,1702.0,advanced,0,0,0.0,0,0,0.0,0,0,0.0,0.905212604026804,0.0,1,35.236099110367604,32,1.0,0.905212604026804,3,0,advanced,1705,0.0,0,0,0.0,0,0,0.0,3,medium,medium,High Achiever,4
s40_t18,40,4,1704000807,ga-q1,general-aptitude,ga-verbal-reasoning,easy,800,low,0.0,reading-comprehension|vocabulary|sentence-correction|para-jumbles,standard,0,0,none,0.0,practice_test,1705.0,advanced,0,0,0.0,0,0,0.0,0,0,0.0,0.9945658260964874,0.0,1,62.714190635274655,32,1.0,0.9945658260964874,0,0,advanced,1705,0.0,0,0,0.0,0,0,0.0,0,easy,easy,High Achiever,2
s40_t18,40,4,1704000808,dsa-q50,programming-dsa,dsa-trees,medium,1180,medium,0.0,binary-trees|bst|tree-traversal|balanced-trees,standard,0,0,none,0.0,practice_test,1705.0,advanced,0,0,0.0,0,0,0.0,0,0,0.0,0.953564505277882,0.0,1,22.75306686968145,32,1.0,0.953564505277882,1,0,advanced,1706,0.0,0,0,0.0,0,0,0.0,1,medium,medium,High Achiever,4
s40_t18,40,4,1704000809,ds-q187,artificial-intelligence,statistics,medium,1010,medium,0.0,descriptive-statistics|mean|variance|standard-deviation,standard,0,0,none,0.0,practice_test,1706.0,advanced,0,0,0.0,0,0,0.0,0,0,0.0,0.9821282046277382,0.0,1,114.26979712856834,32,1.0,0.9821282046277382,1,0,advanced,1707,0.0,0,0,0.0,0,0,0.0,1,medium,medium,High Achiever,2
s50_t8,50,1,1705000305,ps-q66,probability-statistics,ps-distributions,medium,1240,medium,0.0,normal-distribution|binomial-distribution|poisson-distribution|cumulative-distribution|expected-value|variance,standard,0,0,none,0.0,practice_test,1669.0,advanced,0,0,0.0,0,0,0.0,0,0,0.0,0.9219774236826268,0.0,1,110.37783553451249,32,1.0,0.9219774236826268,2,0,advanced,1671,0.0,0,0,0.0,0,0,0.0,2,medium,medium,High Achiever,4
s50_t8,50,1,1705000306,ga-q18,general-aptitude,ga-quantitative-aptitude,medium,1190,medium,0.0,arithmetic|algebra|geometry|permutations|combinations,standard,0,0,none,0.0,practice_test,1671.0,advanced,0,0,0.0,0,0,0.0,0,0,0.0,0.9409696170394708,0.0,0,71.5712037484648,32,1.0,0.9409696170394708,-30,0,advanced,1641,0.0,0,0,0.0,0,0,0.0,-30,medium,medium,High Achiever,4
s50_t8,50,1,1705000307,la-28,linear-algebra,la-matrices,hard,1360,high,0.0,,standard,0,0,none,0.0,practice_test,1641.0,advanced,0,0,0.0,0,0,0.0,0,0,0.0,0.834459181708983,0.0,1,67.43762774649284,32,1.0,0.834459181708983,5,0,advanced,1646,0.0,0,0,0.0,0,0,0.0,5,hard,hard,High Achiever,4
s50_t8,50,1,1705000308,ml-q32,machine-learning,ml-supervised,medium,1250,medium,0.0,linear-regression|logistic-regression|decision-trees|svm,standard,0,0,none,0.0,practice_test,1646.0,advanced,0,0,0.0,0,0,0.0,0,0,0.0,0.9071699361527148,0.0,1,44.31863999774659,32,1.0,0.9071699361527148,3,0,advanced,1649,0.0,0,0,0.0,0,0,0.0,3,medium,medium,High Achiever,4
s50_t8,50,1,1705000309,ds-q250,artificial-intelligence,statistics,medium,1110,medium,0.0,descriptive-statistics|mean|variance|standard-deviation,standard,0,0,none,0.0,practice_test,1649.0,advanced,0,0,0.0,0,0,0.0,0,0,0.0,0.9570053549512674,0.0,0,89.66513459106471,32,1.0,0.9570053549512674,-31,0,advanced,1618,0.0,0,0,0.0,0,0,0.0,-31,medium,medium,High Achiever,4
s50_t8,50,1,1705000310,ps-q75,probability-statistics,ps-distributions,medium,1340,high,0.0,normal-distribution|binomial-distribution|poisson-distribution|cumulative-distribution|expected-value|variance,standard,0,0,none,0.0,practice_test,1618.0,advanced,0,0,0.0,0,0,0.0,0,0,0.0,0.8320598405303332,0.0,1,32.196556466883195,32,1.0,0.8320598405303332,5,0,advanced,1623,0.0,0,0,0.0,0,0,0.0,5,medium,medium,High Achiever,4
s50_t8,50,1,1705000311,ps-q90,probability-statistics,ps-hypothesis,medium,1460,high,0.0,hypothesis-testing|p-value|type-I-error|type-II-error|t-test|significance-level,standard,0,0,none,0.0,practice_test,1623.0,advanced,0,0,0.0,0,0,0.0,0,0,0.0,0.718756829898782,0.0,1,110.63786148087291,32,1.0,0.718756829898782,9,0,advanced,1632,0.0,0,0,0.0,0,0,0.0,9,medium,medium,High Achiever,6
s50_t8,50,1,1705000312,ds-q156,probability-statistics,probability,easy,800,low,0.0,sample-spaces|events|conditional-probability|independence,standard,0,0,none,0.0,practice_test,1632.0,advanced,0,0,0.0,0,0,0.0,0,0,0.0,0.9917509746929464,0.0,1,30.48634065545016,32,1.0,0.9917509746929464,0,0,advanced,1632,0.0,0,0,0.0,0,0,0.0,0,easy,easy,High Achiever,2
s50_t8,50,1,1705000313,ml-q120,machine-learning,ml-evaluation,medium,1050,medium,0.0,accuracy|precision|recall|f1-score|cross-validation,standard,0,0,none,0.0,practice_test,1632.0,advanced,0,0,0.0,0,0,0.0,0,0,0.0,0.9661133917396642,0.0,1,90.19678596941526,32,1.0,0.9661133917396642,1,0,advanced,1633,0.0,0,0,0.0,0,0,0.0,1,medium,medium,High Achiever,2
s50_t8,50,1,1705000314,ml-q115,machine-learning,ml-unsupervised,hard,1710,high,0.0,clustering|k-means|hierarchical-clustering|dimensionality-reduction|pca,standard,0,0,none,0.0,practice_test,1633.0,advanced,0,0,0.0,0,0,0.0,0,0,0.0,0.3909673965957604,0.0,1,104.59598860599908,32,1.0,0.3909673965957604,19,0,advanced,1652,0.0,0,0,0.0,0,0,0.0,19,hard,hard,High Achiever,6
s50_t8,50,1,1705000315,ga-q19,general-aptitude,ga-quantitative-aptitude,medium,1120,medium,0.0,arithmetic|algebra|geometry|permutations|combinations,standard,0,0,none,0.0,practice_test,1652.0,advanced,0,0,0.0,0,0,0.0,0,0,0.0,0.9553164906282028,0.0,1,51.15373093715024,32,1.0,0.9553164906282028,1,0,advanced,1653,0.0,0,0,0.0,0,0,0.0,1,medium,medium,High Achiever,4
s50_t8,50,1,1705000316,ds-q371,artificial-intelligence,regularization,medium,1460,high,0.0,l1-regularization|l2-regularization|dropout,standard,0,0,none,0.0,practice_test,1653.0,advanced,0,0,0.0,0,0,0.0,0,0,0.0,0.7523149936056823,0.0,1,58.24197903217187,32,1.0,0.7523149936056823,8,0,advanced,1661,0.0,0,0,0.0,0,0,0.0,8,medium,medium,High Achiever,6
s50_t8,50,1,1705000317,ps-q83,probability-statistics,ps-hypothesis,easy,730,low,0.0,hypothesis-testing|p-value|type-I-error|type-II-error|t-test|significance-level,standard,0,0,none,0.0,practice_test,1661.0,advanced,0,0,0.0,0,0,0.0,0,0,0.0,0.995317673265511,0.0,0,113.39862881385108,32,1.0,0.995317673265511,-32,0,advanced,1629,0.0,0,0,0.0,0,0,0.0,-32,easy,easy,High Achiever,2
s50_t8,50,1,1705000318,ga-q13,general-aptitude,ga-quantitative-aptitude,easy,880,low,0.0,arithmetic|algebra|geometry|permutations|combinations,standard,0,0,none,0.0,practice_test,1629.0,advanced,0,0,0.0,0,0,0.0,0,0,0.0,0.986765306987026,0.0,1,25.70461751973491,32,1.0,0.986765306987026,0,0,advanced,1629,0.0,0,0,0.0,0,0,0.0,0,easy,easy,High Achiever,2
s50_t8,50,1,1705000319,dsa-q11,programming-dsa,dsa-trees,easy,800,low,0.0,binary-trees|bst|tree-traversal|balanced-trees,standard,0,0,none,0.0,practice_test,1629.0,advanced,0,0,0.0,0,0,0.0,0,0,0.0,0.9916084877003252,0.0,1,50.568778839922345,32,1.0,0.9916084877003252,0,0,advanced,1629,0.0,0,0,0.0,0,0,0.0,0,easy,easy,High Achiever,2
s50_t8,50,1,1705000320,dsa-q55,programming-dsa,dsa-trees,medium,1170,medium,0.0,binary-trees|bst|tree-traversal|balanced-trees,standard,0,0,none,0.0,practice_test,1629.0,advanced,0,0,0.0,0,0,0.0,0,0,0.0,0.9335296284754416,0.0,1,27.201130791681823,32,1.0,0.9335296284754416,2,0,advanced,1631,0.0,0,0,0.0,0,0,0.0,2,medium,medium,High Achiever,4
s50_t8,50,1,1705000321,co-q33,calculus-optimization,co-differentiation,easy,770,low,0.0,partial-derivatives|chain-rule|product-rule|critical-points|gradients|implicit-differentiation,standard,0,0,none,0.0,practice_test,1631.0,advanced,0,0,0.0,0,0,0.0,0,0,0.0,0.9930103764386832,0.0,1,70.53052896799166,32,1.0,0.9930103764386832,0,0,advanced,1631,0.0,0,0,0.0,0,0,0.0,0,easy,easy,High Achiever,2
s50_t8,50,1,1705000322,ps-q9,probability-statistics,ps-probability,easy,1190,medium,0.0,probability-theory|conditional-probability|independence,standard,0,0,none,0.0,practice_test,1631.0,advanced,0,0,0.0,0,0,0.0,0,0,0.0,0.9268039139277936,0.0,1,63.41261573302028,32,1.0,0.9268039139277936,2,0,advanced,1633,0.0,0,0,0.0,0,0,0.0,2,easy,easy,High Achiever,4
s50_t8,50,1,1705000323,ai-q48,artificial-intelligence,ai-logic,hard,2240,high,0.0,propositional-logic|syntax-semantics|truth-tables|validity-satisfiability|inference-rules|soundness-completeness|predicate-logic|first-order-logic|quantifiers|unification|resolution,standard,0,0,none,0.0,practice_test,1633.0,advanced,0,0,0.0,0,0,0.0,0,0,0.0,0.029478485500745,0.0,1,109.05056103400985,32,1.0,0.029478485500745,31,0,advanced,1664,0.0,0,0,0.0,0,0,0.0,31,hard,hard,High Achiever,10
s50_t8,50,1,1705000324,la-27,linear-algebra,la-matrices,medium,1210,medium,0.0,,standard,0,0,none,0.0,practice_test,1664.0,advanced,0,0,0.0,0,0,0.0,0,0,0.0,0.9317211857068732,0.0,1,87.71512682054608,32,1.0,0.9317211857068732,2,0,advanced,1666,0.0,0,0,0.0,0,0,0.0,2,medium,medium,High Achiever,4
s50_t8,50,1,1705000325,ds-q11,probability-statistics,probability-theory,easy,830,low,0.0,bayes-theorem|permutations|combinations|probability-rules,standard,0,0,none,0.0,practice_test,1666.0,advanced,0,0,0.0,0,0,0.0,0,0,0.0,0.9919372314813264,0.0,0,80.13132127359421,32,1.0,0.9919372314813264,-32,0,advanced,1634,0.0,0,0,0.0,0,0,0.0,-32,easy,easy,High Achiever,2
s50_t8,50,1,1705000326,dsa-q30,programming-dsa,dsa-arrays,medium,1000,medium,0.0,array-operations|indexing|searching|sorting,standard,0,0,none,0.0,practice_test,1634.0,advanced,0,0,0.0,0,0,0.0,0,0,0.0,0.9746573536119648,0.0,1,71.0408231547998,32,1.0,0.9746573536119648,1,0,advanced,1635,0.0,0,0,0.0,0,0,0.0,1,medium,medium,High Achiever,2
s50_t8,50,1,1705000327,dbms-q39,dbms,dbms-sql,medium,1170,medium,0.0,select|joins|group-by|aggregation,standard,0,0,none,0.0,practice_test,1635.0,advanced,0,0,0.0,0,0,0.0,0,0,0.0,0.9356410059682176,0.0,1,71.91812648307193,32,1.0,0.9356410059682176,2,0,advanced,1637,0.0,0,0,0.0,0,0,0.0,2,medium,medium,High Achiever,4
s50_t8,50,1,1705000328,ga-q24,general-aptitude,ga-quantitative-aptitude,easy,800,low,0.0,arithmetic|algebra|geometry|permutations|combinations,standard,0,0,none,0.0,practice_test,1637.0,advanced,0,0,0.0,0,0,0.0,0,0,0.0,0.9919831401585296,0.0,1,123.0431234559548,32,1.0,0.9919831401585296,0,0,advanced,1637,0.0,0,0,0.0,0,0,0.0,0,easy,easy,High Achiever,2
s50_t8,50,1,1705000329,ds-q355,artificial-intelligence,statistics,medium,1080,medium,0.0,descriptive-statistics|mean|variance|standard-deviation,standard,0,0,none,0.0,practice_test,1637.0,advanced,0,0,0.0,0,0,0.0,0,0,0.0,0.9610725312524264,0.0,1,41.00140022781267,32,1.0,0.9610725312524264,1,0,advanced,1638,0.0,0,0,0.0,0,0,0.0,1,medium,medium,High Achiever,4
s50_t8,50,1,1705000330,ga-q3,general-aptitude,ga-quantitative-aptitude,easy,820,low,0.0,arithmetic|algebra|geometry|permutations|combinations,standard,0,0,none,0.0,practice_test,1638.0,advanced,0,0,0.0,0,0,0.0,0,0,0.0,0.991064845398924,0.0,1,95.06877584713077,32,1.0,0.991064845398924,0,0,advanced,1638,0.0,0,0,0.0,0,0,0.0,0,easy,easy,High Achiever,2
s50_t8,50,1,1705000331,co-q14,calculus-optimization,co-differentiation,hard,1810,high,0.0,derivatives|chain-rule|product-rule|critical-points,standard,0,0,none,0.0,practice_test,1638.0,advanced,0,0,0.0,0,0,0.0,0,0,0.0,0.2708900371022474,0.0,1,23.80087559028425,32,1.0,0.2708900371022474,23,0,advanced,1661,0.0,0,0,0.0,0,0,0.0,23,hard,hard,High Achiever,8
s50_t8,50,1,1705000332,ga-q25,general-aptitude,ga-verbal-reasoning,easy,860,low,0.0,reading-comprehension|vocabulary|sentence-correction|para-jumbles,standard,0,0,none,0.0,practice_test,1661.0,advanced,0,0,0.0,0,0,0.0,0,0,0.0,0.9901552813672292,0.0,1,36.07194395580954,32,1.0,0.9901552813672292,0,0,advanced,1661,0.0,0,0,0.0,0,0,0.0,0,easy,easy,High Achiever,2
s50_t8,50,1,1705000333,dsa-q74,programming-dsa,dsa-complexity,medium,1300,medium,0.0,time-complexity|space-complexity|big-o-notation,standard,0,0,none,0.0,practice_test,1661.0,advanced,0,0,0.0,0,0,0.0,0,0,0.0,0.8887546456176784,0.0,1,65.27645140386403,32,1.0,0.8887546456176784,4,0,advanced,1665,0.0,0,0,0.0,0,0,0.0,4,medium,medium,High Achiever,4
s50_t8,50,1,1705000334,ml-q123,machine-learning,ml-evaluation,hard,2050,high,0.0,accuracy|precision|recall|f1-score|cross-validation,standard,0,0,none,0.0,practice_test,1665.0,advanced,0,0,0.0,0,0,0.0,0,0,0.0,0.0983017453978049,0.0,0,50.539439697342566,32,1.0,0.0983017453978049,-3,0,advanced,1662,0.0,0,0,0.0,0,0,0.0,-3,hard,hard,High Achiever,8
s50_t8,50,1,1705000335,ds-q394,calculus-optimization,calculus,easy,820,low,0.0,derivatives|integrals|limits|continuity,standard,0,0,none,0.0,practice_test,1662.0,advanced,0,0,0.0,0,0,0.0,0,0,0.0,0.9922088227539904,0.0,1,41.85727950446229,32,1.0,0.9922088227539904,0,0,advanced,1662,0.0,0,0,0.0,0,0,0.0,0,easy,easy,High Achiever,2
s50_t8,50,1,1705000336,dsa-q18,programming-dsa,dsa-trees,medium,1130,medium,0.0,binary-trees|bst|tree-traversal|balanced-trees,standard,0,0,none,0.0,practice_test,1662.0,advanced,0,0,0.0,0,0,0.0,0,0,0.0,0.9553164906282028,0.0,1,48.5054020012908,32,1.0,0.9553164906282028,1,0,advanced,1663,0.0,0,0,0.0,0,0,0.0,1,medium,medium,High Achiever,4
s50_t8,50,1,1705000337,ga-q1,general-aptitude,ga-verbal-reasoning,easy,800,low,0.0,reading-comprehension|vocabulary|sentence-correction|para-jumbles,standard,0,0,none,0.0,practice_test,1663.0,advanced,0,0,0.0,0,0,0.0,0,0,0.0,0.9930898331185664,0.0,1,109.9668935277841,32,1.0,0.9930898331185664,0,0,advanced,1663,0.0,0,0,0.0,0,0,0.0,0,easy,easy,High Achiever,2
s50_t8,50,1,1705000338,dsa-q82,programming-dsa,dsa-complexity,easy,840,low,0.0,time-complexity|space-complexity|big-o-notation,standard,0,0,none,0.0,practice_test,1663.0,advanced,0,0,0.0,0,0,0.0,0,0,0.0,0.9913161526075984,0.0,1,88.1085715414104,32,1.0,0.9913161526075984,0,0,advanced,1663,0.0,0,0,0.0,0,0,0.0,0,easy,easy,High Achiever,2
s50_t8,50,1,1705000339,ga-q9,general-aptitude,ga-logical-reasoning,easy,960,medium,0.0,syllogisms|logical-deduction|critical-reasoning,standard,0,0,none,0.0,practice_test,1663.0,advanced,0,0,0.0,0,0,0.0,0,0,0.0,0.9828219117166812,0.0,1,45.84266441865571,32,1.0,0.9828219117166812,1,0,advanced,1664,0.0,0,0,0.0,0,0,0.0,1,easy,easy,High Achiever,2
s50_t8,50,1,1705000340,dsa-q21,programming-dsa,dsa-arrays,easy,720,low,0.0,array-operations|indexing|searching|sorting,standard,0,0,none,0.0,practice_test,1664.0,advanced,0,0,0.0,0,0,0.0,0,0,0.0,0.995653813469901,0.0,1,100.14893497019794,32,1.0,0.995653813469901,0,0,advanced,1664,0.0,0,0,0.0,0,0,0.0,0,easy,easy,High Achiever,2
s50_t8,50,1,1705000341,ga-q12,general-aptitude,ga-verbal-reasoning,easy,820,low,0.0,reading-comprehension|vocabulary|sentence-correction|para-jumbles,standard,0,0,none,0.0,practice_test,1664.0,advanced,0,0,0.0,0,0,0.0,0,0,0.0,0.992297320659993,0.0,1,83.16524004271689,32,1.0,0.992297320659993,0,0,advanced,1664,0.0,0,0,0.0,0,0,0.0,0,easy,easy,High Achiever,2
s50_t8,50,1,1705000342,dsa-q75,programming-dsa,dsa-complexity,medium,1040,medium,0.0,time-complexity|space-complexity|big-o-notation,standard,0,0,none,0.0,practice_test,1664.0,advanced,0,0,0.0,0,0,0.0,0,0,0.0,0.9731959575961598,0.0,1,59.239402342597735,32,1.0,0.9731959575961598,1,0,advanced,1665,0.0,0,0,0.0,0,0,0.0,1,medium,medium,High Achiever,2
s50_t8,50,1,1705000343,dbms-q11,dbms,dbms-sql,easy,720,low,0.0,select|joins|group-by|aggregation,standard,0,0,none,0.0,practice_test,1665.0,advanced,0,0,0.0,0,0,0.0,0,0,0.0,0.995678652455424,0.0,1,20.301019369132508,32,1.0,0.995678652455424,0,0,advanced,1665,0.0,0,0,0.0,0,0,0.0,0,easy,easy,High Achiever,2
s50_t8,50,1,1705000344,dbms-q61,dbms,dbms-normalization,medium,1400,high,0.0,functional-dependencies|closure-of-attributes|canonical-cover|lossless-join-decomposition|dependency-preservation|first-normal-form|second-normal-form|third-normal-form|boyce-codd-normal-form,standard,0,0,none,0.0,practice_test,1665.0,advanced,0,0,0.0,0,0,0.0,0,0,0.0,0.821341471737012,0.0,1,60.29198572061283,32,1.0,0.821341471737012,6,0,advanced,1671,0.0,0,0,0.0,0,0,0.0,6,medium,medium,High Achiever,4
s50_t8,50,1,1705000345,ds-q164,machine-learning,machine-learning,medium,1080,medium,0.0,supervised|unsupervised|reinforcement|evaluation,standard,0,0,none,0.0,practice_test,1671.0,advanced,0,0,0.0,0,0,0.0,0,0,0.0,0.9677691489361132,0.0,1,45.478620138411245,32,1.0,0.9677691489361132,1,0,advanced,1672,0.0,0,0,0.0,0,0,0.0,1,medium,medium,High Achiever,4
s50_t8,50,1,1705000346,la-q59,linear-algebra,la-eigenvalues,hard,1840,high,0.0,eigenvalues|eigenvectors|diagonalization|spectral-theorem,standard,0,0,none,0.0,practice_test,1672.0,advanced,0,0,0.0,0,0,0.0,0,0,0.0,0.2754617571574639,0.0,1,37.02184691998522,32,1.0,0.2754617571574639,23,0,advanced,1695,0.0,0,0,0.0,0,0,0.0,23,hard,hard,High Achiever,8
s50_t8,50,1,1705000347,ml-q91,machine-learning,ml-supervised,medium,1350,high,0.0,linear-regression|logistic-regression|decision-trees|svm|naive-bayes|ensemble-methods,standard,0,0,none,0.0,practice_test,1695.0,advanced,0,0,0.0,0,0,0.0,0,0,0.0,0.8793171534540078,0.0,1,83.70341971902658,32,1.0,0.8793171534540078,4,0,advanced,1699,0.0,0,0,0.0,0,0,0.0,4,medium,medium,High Achiever,4
s50_t8,50,1,1705000348,dsa-q40,programming-dsa,dsa-arrays,medium,1280,medium,0.0,array-operations|indexing|searching|sorting,standard,0,0,none,0.0,practice_test,1699.0,advanced,0,0,0.0,0,0,0.0,0,0,0.0,0.9177346187993988,0.0,1,35.80594576102149,32,1.0,0.9177346187993988,3,0,advanced,1702,0.0,0,0,0.0,0,0,0.0,3,medium,medium,High Achiever,4
s50_t8,50,1,1705000349,ml-q135,machine-learning,ml-evaluation,medium,1290,medium,0.0,accuracy|precision|recall|f1-score|cross-validation,standard,0,0,none,0.0,practice_test,1702.0,advanced,0,0,0.0,0,0,0.0,0,0,0.0,0.9146407579005128,0.0,0,38.6986163157994,32,1.0,0.9146407579005128,-29,0,advanced,1673,0.0,0,0,0.0,0,0,0.0,-29,medium,medium,High Achiever,4
s50_t8,50,1,1705000350,dbms-q12,dbms,dbms-sql,easy,940,medium,0.0,select|joins|group-by|aggregation,standard,0,0,none,0.0,practice_test,1673.0,advanced,0,0,0.0,0,0,0.0,0,0,0.0,0.985506953260262,0.0,1,48.82929682533034,32,1.0,0.985506953260262,0,0,advanced,1673,0.0,0,0,0.0,0,0,0.0,0,easy,easy,High Achiever,2
s50_t8,50,1,1705000351,la-33,linear-algebra,la-eigenvalues,hard,1360,high,0.0,,standard,0,0,none,0.0,practice_test,1673.0,advanced,0,0,0.0,0,0,0.0,0,0,0.0,0.8583646041738978,0.0,1,32.791816704337634,32,1.0,0.8583646041738978,5,0,advanced,1678,0.0,0,0,0.0,0,0,0.0,5,hard,hard,High Achiever,4
s50_t8,50,1,1705000352,ds-q412,machine-learning,machine-learning,medium,1200,medium,0.0,supervised|unsupervised|reinforcement|evaluation,standard,0,0,none,0.0,practice_test,1678.0,advanced,0,0,0.0,0,0,0.0,0,0,0.0,0.940003038370024,0.0,1,25.95184924032667,32,1.0,0.940003038370024,2,0,advanced,1680,0.0,0,0,0.0,0,0,0.0,2,medium,medium,High Achiever,4
s50_t8,50,1,1705000353,la-q28,linear-algebra,la-matrices,medium,1300,medium,0.0,addition|scalar-multiplication|matrix-multiplication|determinants|minors|cofactors|symmetric|orthogonal,standard,0,0,none,0.0,practice_test,1680.0,advanced,0,0,0.0,0,0,0.0,0,0,0.0,0.8991173716432768,0.0,1,62.7993153626577,32,1.0,0.8991173716432768,3,0,advanced,1683,0.0,0,0,0.0,0,0,0.0,3,medium,medium,High Achiever,4
s50_t8,50,1,1705000354,ds-q420,artificial-intelligence,linear-algebra,medium,1450,high,0.0,matrices|vectors|eigenvalues|linear-systems|transformations,standard,0,0,none,0.0,practice_test,1683.0,advanced,0,0,0.0,0,0,0.0,0,0,0.0,0.7926963841757685,0.0,1,61.68596199351056,32,1.0,0.7926963841757685,7,0,advanced,1690,0.0,0,0,0.0,0,0,0.0,7,medium,medium,High Achiever,6
s50_t8,50,1,1705000355,ps-q22,probability-statistics,ps-probability,easy,1200,medium,0.0,probability-theory|conditional-probability|independence,standard,0,0,none,0.0,practice_test,1690.0,advanced,0,0,0.0,0,0,0.0,0,0,0.0,0.9437824521525732,0.0,1,76.26099422059227,32,1.0,0.9437824521525732,2,0,advanced,1692,0.0,0,0,0.0,0,0,0.0,2,easy,easy,High Achiever,4
s50_t8,50,1,1705000356,co-q37,calculus-optimization,co-differentiation,medium,1320,high,0.0,partial-derivatives|chain-rule|product-rule|critical-points|gradients|implicit-differentiation,standard,0,0,none,0.0,practice_test,1692.0,advanced,0,0,0.0,0,0,0.0,0,0,0.0,0.8948627896440804,0.0,1,104.68615490692903,32,1.0,0.8948627896440804,3,0,advanced,1695,0.0,0,0,0.0,0,0,0.0,3,medium,medium,High Achiever,4
s50_t8,50,1,1705000357,co-q63,calculus-optimization,co-optimization,medium,1380,high,0.0,critical-points|extrema|optimization|lagrange-multipliers|convexity|gradient-descent,standard,0,0,none,0.0,practice_test,1695.0,advanced,0,0,0.0,0,0,0.0,0,0,0.0,0.8597585194581956,0.0,1,35.95999728020803,32,1.0,0.8597585194581956,4,0,advanced,1699,0.0,0,0,0.0,0,0,0.0,4,medium,medium,High Achiever,4
s50_t8,50,1,1705000358,dsa-q73,programming-dsa,dsa-complexity,easy,700,low,0.0,time-complexity|space-complexity|big-o-notation,standard,0,0,none,0.0,practice_test,1699.0,advanced,0,0,0.0,0,0,0.0,0,0,0.0,0.9968295500345926,0.0,1,39.130495942129365,32,1.0,0.9968295500345926,0,0,advanced,1699,0.0,0,0,0.0,0,0,0.0,0,easy,easy,High Achiever,2
s50_t8,50,1,1705000359,ga-q21,general-aptitude,ga-verbal-reasoning,easy,750,low,0.0,reading-comprehension|vocabulary|sentence-correction|para-jumbles,standard,0,0,none,0.0,practice_test,1699.0,advanced,0,0,0.0,0,0,0.0,0,0,0.0,0.9957766028965842,0.0,1,61.14928384827404,32,1.0,0.9957766028965842,0,0,advanced,1699,0.0,0,0,0.0,0,0,0.0,0,easy,easy,High Achiever,2
s50_t8,50,1,1705000360,dsa-q54,programming-dsa,dsa-trees,easy,920,medium,0.0,binary-trees|bst|tree-traversal|balanced-trees,standard,0,0,none,0.0,practice_test,1699.0,advanced,0,0,0.0,0,0,0.0,0,0,0.0,0.9888409698268936,0.0,1,77.67519730542325,32,1.0,0.9888409698268936,0,0,advanced,1699,0.0,0,0,0.0,0,0,0.0,0,easy,easy,High Achiever,2
s50_t8,50,1,1705000361,ga-q26,general-aptitude,ga-verbal-reasoning,easy,830,low,0.0,reading-comprehension|vocabulary|sentence-correction|para-jumbles,standard,0,0,none,0.0,practice_test,1699.0,advanced,0,0,0.0,0,0,0.0,0,0,0.0,0.9933228607928176,0.0,0,18.099526539034606,32,1.0,0.9933228607928176,-32,0,advanced,1667,0.0,0,0,0.0,0,0,0.0,-32,easy,easy,High Achiever,2
s50_t8,50,1,1705000362,dbms-q63,dbms,dbms-normalization,medium,1350,high,0.0,functional-dependencies|closure-of-attributes|canonical-cover|lossless-join-decomposition|dependency-preservation|first-normal-form|second-normal-form|third-normal-form|boyce-codd-normal-form,standard,0,0,none,0.0,practice_test,1667.0,advanced,0,0,0.0,0,0,0.0,0,0,0.0,0.8611409356570433,0.0,1,75.6904835308325,32,1.0,0.8611409356570433,4,0,advanced,1671,0.0,0,0,0.0,0,0,0.0,4,medium,medium,High Achiever,4
s50_t8,50,1,1705000363,ps-q11,probability-statistics,ps-distributions,medium,1410,high,0.0,probability-distributions|cumulative-distribution|expected-value,standard,0,0,none,0.0,practice_test,1671.0,advanced,0,0,0.0,0,0,0.0,0,0,0.0,0.8179376310581157,0.0,1,29.055749825548865,32,1.0,0.8179376310581157,6,0,advanced,1677,0.0,0,0,0.0,0,0,0.0,6,medium,medium,High Achiever,4
s50_t8,50,1,1705000364,dsa-q58,programming-dsa,dsa-trees,medium,1020,medium,0.0,binary-trees|bst|tree-traversal|balanced-trees,standard,0,0,none,0.0,practice_test,1677.0,advanced,0,0,0.0,0,0,0.0,0,0,0.0,0.97773006397668,0.0,1,47.9063881848715,32,1.0,0.97773006397668,1,0,advanced,1678,0.0,0,0,0.0,0,0,0.0,1,medium,medium,High Achiever,2
s50_t8,50,1,1705000365,dsa-q5,programming-dsa,dsa-complexity,easy,980,medium,0.0,time-complexity|space-complexity|big-o-notation,standard,0,0,none,0.0,practice_test,1678.0,advanced,0,0,0.0,0,0,0.0,0,0,0.0,0.9823291663359556,0.0,1,86.81394233065836,32,1.0,0.9823291663359556,1,0,advanced,1679,0.0,0,0,0.0,0,0,0.0,1,easy,easy,High Achiever,2
s50_t8,50,1,1705000366,dsa-q63,programming-dsa,dsa-trees,easy,820,low,0.0,binary-trees|bst|tree-traversal|balanced-trees,standard,0,0,none,0.0,practice_test,1679.0,advanced,0,0,0.0,0,0,0.0,0,0,0.0,0.9929300126290448,0.0,1,91.07380172557464,32,1.0,0.9929300126290448,0,0,advanced,1679,0.0,0,0,0.0,0,0,0.0,0,easy,easy,High Achiever,2
s50_t8,50,1,1705000367,la-41,linear-algebra,la-eigenvalues,hard,1510,high,0.0,,standard,0,0,none,0.0,practice_test,1679.0,advanced,0,0,0.0,0,0,0.0,0,0,0.0,0.7256856462717871,0.0,1,75.07053975326343,32,1.0,0.7256856462717871,9,0,advanced,1688,0.0,0,0,0.0,0,0,0.0,9,hard,hard,High Achiever,6
s50_t8,50,1,1705000368,ps-q81,probability-statistics,ps-hypothesis,medium,1410,high,0.0,hypothesis-testing|p-value|type-I-error|type-II-error|t-test|significance-level,standard,0,0,none,0.0,practice_test,1688.0,advanced,0,0,0.0,0,0,0.0,0,0,0.0,0.8320598405303332,0.0,1,84.9775131537912,32,1.0,0.8320598405303332,5,0,advanced,1693,0.0,0,0,0.0,0,0,0.0,5,medium,medium,High Achiever,4
s50_t8,50,1,1705000369,la-44,linear-algebra,la-eigenvalues,hard,1510,high,0.0,,standard,0,0,none,0.0,practice_test,1693.0,advanced,0,0,0.0,0,0,0.0,0,0,0.0,0.7414335229692995,0.0,1,32.4023097412838,32,1.0,0.7414335229692995,8,0,advanced,1701,0.0,0,0,0.0,0,0,0.0,8,hard,hard,High Achiever,6
s52_t5,52,1,1705200185,dsa-q58,programming-dsa,dsa-trees,medium,1020,medium,0.0,binary-trees|bst|tree-traversal|balanced-trees,standard,0,0,none,0.0,practice_test,1770.0,advanced,0,0,0.0,0,0,0.0,0,0,0.0,0.9868402734522944,0.0,1,21.32930195668492,32,1.0,0.9868402734522944,0,0,advanced,1770,0.0,0,0,0.0,0,0,0.0,0,medium,medium,Strong Performer,2
s52_t5,52,1,1705200186,ds-q33,dbms,dbms,medium,1060,medium,0.0,database-fundamentals|acid-properties|transactions,standard,0,0,none,0.0,practice_test,1770.0,advanced,0,0,0.0,0,0,0.0,0,0,0.0,0.9834891447206308,0.0,1,119.51554112524384,32,1.0,0.9834891447206308,1,0,advanced,1771,0.0,0,0,0.0,0,0,0.0,1,medium,medium,Strong Performer,4
s52_t5,52,1,1705200187,ml-q95,machine-learning,ml-supervised,medium,1040,medium,0.0,linear-regression|logistic-regression|decision-trees|svm|naive-bayes|ensemble-methods,standard,0,0,none,0.0,practice_test,1771.0,advanced,0,0,0.0,0,0,0.0,0,0,0.0,0.9853415916855764,0.0,1,13.020482956475488,32,1.0,0.9853415916855764,0,0,advanced,1771,0.0,0,0,0.0,0,0,0.0,0,medium,medium,Strong Performer,2
s52_t5,52,1,1705200188,ps-q85,probability-statistics,ps-hypothesis,medium,1220,medium,0.0,hypothesis-testing|p-value|type-I-error|type-II-error|t-test|significance-level,standard,0,0,none,0.0,practice_test,1771.0,advanced,0,0,0.0,0,0,0.0,0,0,0.0,0.9597595843686244,0.0,1,46.75800739251786,32,1.0,0.9597595843686244,1,0,advanced,1772,0.0,0,0,0.0,0,0,0.0,1,medium,medium,Strong Performer,4
s52_t5,52,1,1705200189,ga-q21,general-aptitude,ga-verbal-reasoning,easy,750,low,0.0,reading-comprehension|vocabulary|sentence-correction|para-jumbles,standard,0,0,none,0.0,practice_test,1772.0,advanced,0,0,0.0,0,0,0.0,0,0,0.0,0.99722161973544,0.0,1,83.61745279780348,32,1.0,0.99722161973544,0,0,advanced,1772,0.0,0,0,0.0,0,0,0.0,0,easy,easy,Strong Performer,2
s52_t5,52,1,1705200190,ds-q218,artificial-intelligence,algorithms,easy,900,low,0.0,sorting|searching|dynamic-programming|greedy,standard,0,0,none,0.0,practice_test,1772.0,advanced,0,0,0.0,0,0,0.0,0,0,0.0,0.993436430592952,0.0,1,76.24173883175145,32,1.0,0.993436430592952,0,0,advanced,1772,0.0,0,0,0.0,0,0,0.0,0,easy,easy,Strong Performer,2
s52_t5,52,1,1705200191,la-q23,linear-algebra,la-eigenvalues,hard,2370,high,0.0,eigenvalues|eigenvectors|diagonalization|spectral-theorem,standard,0,0,none,0.0,practice_test,1772.0,advanced,0,0,0.0,0,0,0.0,0,0,0.0,0.0309973775038119,0.0,0,81.13077916251571,32,1.0,0.0309973775038119,-1,0,advanced,1771,0.0,0,0,0.0,0,0,0.0,-1,hard,hard,Strong Performer,10
s52_t5,52,1,1705200192,ds-q265,artificial-intelligence,quantitative-aptitude,medium,1320,high,0.0,numbers|algebra|geometry|probability,standard,0,0,none,0.0,practice_test,1771.0,advanced,0,0,0.0,0,0,0.0,0,0,0.0,0.9306143375182546,0.0,1,130.5504616578864,32,1.0,0.9306143375182546,2,0,advanced,1773,0.0,0,0,0.0,0,0,0.0,2,medium,medium,Strong Performer,4
s52_t5,52,1,1705200193,ds-q86,machine-learning,machine-learning,easy,720,low,0.0,supervised|unsupervised|reinforcement|evaluation,standard,0,0,none,0.0,practice_test,1773.0,advanced,0,0,0.0,0,0,0.0,0,0,0.0,0.9976746467555432,0.0,1,72.41103508245163,32,1.0,0.9976746467555432,0,0,advanced,1773,0.0,0,0,0.0,0,0,0.0,0,easy,easy,Strong Performer,2
s52_t5,52,1,1705200194,dsa-q42,programming-dsa,dsa-arrays,medium,1370,high,0.0,array-operations|indexing|searching|sorting,standard,0,0,none,0.0,practice_test,1773.0,advanced,0,0,0.0,0,0,0.0,0,0,0.0,0.9105080840492276,0.0,1,109.133860243861,32,1.0,0.9105080840492276,3,0,advanced,1776,0.0,0,0,0.0,0,0,0.0,3,medium,medium,Strong Performer,4
s52_t5,52,1,1705200195,dsa-q45,programming-dsa,dsa-trees,easy,730,low,0.0,binary-trees|bst|tree-traversal|balanced-trees,standard,0,0,none,0.0,practice_test,1776.0,advanced,0,0,0.0,0,0,0.0,0,0,0.0,0.9975792640871212,0.0,1,85.37265705548782,32,1.0,0.9975792640871212,0,0,advanced,1776,0.0,0,0,0.0,0,0,0.0,0,easy,easy,Strong Performer,2
s52_t5,52,1,1705200196,ga-q17,general-aptitude,ga-quantitative-aptitude,medium,1290,medium,0.0,arithmetic|algebra|geometry|permutations|combinations,standard,0,0,none,0.0,practice_test,1776.0,advanced,0,0,0.0,0,0,0.0,0,0,0.0,0.942548208923358,0.0,1,113.8663574365823,32,1.0,0.942548208923358,2,0,advanced,1778,0.0,0,0,0.0,0,0,0.0,2,medium,medium,Strong Performer,4
s52_t5,52,1,1705200197,dsa-q26,programming-dsa,dsa-arrays,easy,740,low,0.0,array-operations|indexing|searching|sorting,standard,0,0,none,0.0,practice_test,1778.0,advanced,0,0,0.0,0,0,0.0,0,0,0.0,0.9974654674724248,0.0,1,50.08208400204631,32,1.0,0.9974654674724248,0,0,advanced,1778,0.0,0,0,0.0,0,0,0.0,0,easy,easy,Strong Performer,2
s52_t5,52,1,1705200198,ps-q76,probability-statistics,ps-distributions,medium,1440,high,0.0,normal-distribution|binomial-distribution|poisson-distribution|cumulative-distribution|expected-value|variance,standard,0,0,none,0.0,practice_test,1778.0,advanced,0,0,0.0,0,0,0.0,0,0,0.0,0.8749753069983639,0.0,1,51.55634245603855,32,1.0,0.8749753069983639,4,0,advanced,1782,0.0,0,0,0.0,0,0,0.0,4,medium,medium,Strong Performer,6
s52_t5,52,1,1705200199,dbms-q64,dbms,dbms-normalization,medium,1350,high,0.0,functional-dependencies|closure-of-attributes|canonical-cover|lossless-join-decomposition|dependency-preservation|first-normal-form|second-normal-form|third-normal-form|boyce-codd-normal-form,standard,0,0,none,0.0,practice_test,1782.0,advanced,0,0,0.0,0,0,0.0,0,0,0.0,0.9232106803028998,0.0,1,108.70039612191027,32,1.0,0.9232106803028998,2,0,advanced,1784,0.0,0,0,0.0,0,0,0.0,2,medium,medium,Strong Performer,4
s52_t5,52,1,1705200200,ds-q388,machine-learning,machine-learning,hard,1600,high,0.0,supervised|unsupervised|reinforcement|evaluation,standard,0,0,none,0.0,practice_test,1784.0,advanced,0,0,0.0,0,0,0.0,0,0,0.0,0.7425355589430698,0.0,1,68.97344422115003,32,1.0,0.7425355589430698,8,0,advanced,1792,0.0,0,0,0.0,0,0,0.0,8,hard,hard,Strong Performer,6
s52_t5,52,1,1705200201,co-q12,calculus-optimization,co-optimization,medium,1200,medium,0.0,critical-points|extrema|optimization|lagrange-multipliers,standard,0,0,none,0.0,practice_test,1792.0,advanced,0,0,0.0,0,0,0.0,0,0,0.0,0.9679482219721288,0.0,1,51.97046758669925,32,1.0,0.9679482219721288,1,0,advanced,1793,0.0,0,0,0.0,0,0,0.0,1,medium,medium,Strong Performer,4
s52_t5,52,1,1705200202,ds-q44,probability-statistics,probability,medium,1400,high,0.0,sample-spaces|events|conditional-probability|independence,standard,0,0,none,0.0,practice_test,1793.0,advanced,0,0,0.0,0,0,0.0,0,0,0.0,0.9057053735432374,0.0,1,72.935054143869,32,1.0,0.9057053735432374,3,0,advanced,1796,0.0,0,0,0.0,0,0,0.0,3,medium,medium,Strong Performer,4
s52_t5,52,1,1705200203,dbms-q7,dbms,dbms-normalization,medium,1430,high,0.0,functional-dependencies|closure-of-attributes|canonical-cover|lossless-join-decomposition|dependency-preservation|first-normal-form|second-normal-form|third-normal-form|boyce-codd-normal-form,standard,0,0,none,0.0,practice_test,1796.0,advanced,0,0,0.0,0,0,0.0,0,0,0.0,0.8915686668733666,0.0,1,94.65167610641434,32,1.0,0.8915686668733666,3,0,advanced,1799,0.0,0,0,0.0,0,0,0.0,3,medium,medium,Strong Performer,6
s52_t5,52,1,1705200204,ml-q32,machine-learning,ml-supervised,medium,1250,medium,0.0,linear-regression|logistic-regression|decision-trees|svm,standard,0,0,none,0.0,practice_test,1799.0,advanced,0,0,0.0,0,0,0.0,0,0,0.0,0.9593125811096264,0.0,1,65.71096705876819,32,1.0,0.9593125811096264,1,0,advanced,1800,0.0,0,0,0.0,0,0,0.0,1,medium,medium,Strong Performer,4
s52_t5,52,1,1705200205,la-17,linear-algebra,la-matrices,medium,1210,medium,0.0,,standard,0,0,none,0.0,practice_test,1800.0,advanced,0,0,0.0,0,0,0.0,0,0,0.0,0.9675891089206076,0.0,1,119.76508219079,32,1.0,0.9675891089206076,1,0,expert,1801,0.0,0,0,0.0,0,0,0.0,1,medium,medium,Strong Performer,4
s52_t5,52,1,1705200206,la-q27,linear-algebra,la-vector-spaces,hard,1720,high,0.0,vector-addition|scalar-multiplication|sub-spaces|linear-combinations|spanning-sets|linear-independence|basis|dimension,standard,0,0,none,0.0,practice_test,1801.0,expert,0,0,0.0,0,0,0.0,0,0,0.0,0.6145013610085578,0.0,0,100.36719823807437,32,1.0,0.6145013610085578,-20,0,advanced,1781,0.0,0,0,0.0,0,0,0.0,-20,hard,hard,Strong Performer,6
s52_t5,52,1,1705200207,ds-q386,artificial-intelligence,statistics,medium,1000,medium,0.0,descriptive-statistics|mean|variance|standard-deviation,standard,0,0,none,0.0,practice_test,1781.0,advanced,0,0,0.0,0,0,0.0,0,0,0.0,0.9889672969116484,0.0,1,15.358853331634291,32,1.0,0.9889672969116484,0,0,advanced,1781,0.0,0,0,0.0,0,0,0.0,0,medium,medium,Strong Performer,2
s52_t5,52,1,1705200208,ps-q9,probability-statistics,ps-probability,easy,1190,medium,0.0,probability-theory|conditional-probability|independence,standard,0,0,none,0.0,practice_test,1781.0,advanced,0,0,0.0,0,0,0.0,0,0,0.0,0.9677691489361132,0.0,0,60.44613953106607,32,1.0,0.9677691489361132,-31,0,advanced,1750,0.0,0,0,0.0,0,0,0.0,-31,easy,easy,Strong Performer,4
s52_t5,52,1,1705200209,dsa-q14,programming-dsa,dsa-trees,medium,1240,medium,0.0,binary-trees|bst|tree-traversal|balanced-trees,standard,0,0,none,0.0,practice_test,1750.0,advanced,0,0,0.0,0,0,0.0,0,0,0.0,0.949587857787024,0.0,1,42.029105560388274,32,1.0,0.949587857787024,2,0,advanced,1752,0.0,0,0,0.0,0,0,0.0,2,medium,medium,Strong Performer,4
s52_t5,52,1,1705200210,co-q41,calculus-optimization,co-integration,easy,950,medium,0.0,definite-integrals|indefinite-integrals|integration-by-parts|u-substitution|fundamental-theorem,standard,0,0,none,0.0,practice_test,1752.0,advanced,0,0,0.0,0,0,0.0,0,0,0.0,0.9902112361810912,0.0,1,55.49811840489633,32,1.0,0.9902112361810912,0,0,advanced,1752,0.0,0,0,0.0,0,0,0.0,0,easy,easy,Strong Performer,2
s52_t5,52,1,1705200211,co-q62,calculus-optimization,co-optimization,medium,1250,medium,0.0,critical-points|extrema|optimization|lagrange-multipliers|convexity|gradient-descent,standard,0,0,none,0.0,practice_test,1752.0,advanced,0,0,0.0,0,0,0.0,0,0,0.0,0.9473371258660742,0.0,1,92.80609459962976,32,1.0,0.9473371258660742,2,0,advanced,1754,0.0,0,0,0.0,0,0,0.0,2,medium,medium,Strong Performer,4
s52_t5,52,1,1705200212,dsa-q79,programming-dsa,dsa-complexity,easy,880,low,0.0,time-complexity|space-complexity|big-o-notation,standard,0,0,none,0.0,practice_test,1754.0,advanced,0,0,0.0,0,0,0.0,0,0,0.0,0.9935110756211816,0.0,1,43.2325552198331,32,1.0,0.9935110756211816,0,0,advanced,1754,0.0,0,0,0.0,0,0,0.0,0,easy,easy,Strong Performer,2
s52_t5,52,1,1705200213,ps-q26,probability-statistics,ps-probability,medium,1050,medium,0.0,probability-theory|conditional-probability|independence,standard,0,0,none,0.0,practice_test,1754.0,advanced,0,0,0.0,0,0,0.0,0,0,0.0,0.9829188284532066,0.0,0,20.98927192787518,32,1.0,0.9829188284532066,-31,0,advanced,1723,0.0,0,0,0.0,0,0,0.0,-31,medium,medium,Strong Performer,2
s52_t5,52,1,1705200214,ga-q15,general-aptitude,ga-quantitative-aptitude,easy,800,low,0.0,arithmetic|algebra|geometry|permutations|combinations,standard,0,0,none,0.0,practice_test,1723.0,advanced,0,0,0.0,0,0,0.0,0,0,0.0,0.9950980837170595,0.0,1,34.28440922312559,32,1.0,0.9950980837170595,0,0,advanced,1723,0.0,0,0,0.0,0,0,0.0,0,easy,easy,Strong Performer,2
s55_t20,55,4,1705500860,ds-q239,machine-learning,machine-learning,medium,1140,medium,0.0,supervised|unsupervised|reinforcement|evaluation,standard,0,0,none,0.0,practice_test,1678.0,advanced,0,0,0.0,0,0,0.0,0,0,0.0,0.9567678748368028,0.0,1,87.15039049446573,32,1.0,0.9567678748368028,1,0,advanced,1679,0.0,0,0,0.0,0,0,0.0,1,medium,medium,Strong Performer,4
s55_t20,55,4,1705500861,ga-q2,general-aptitude,ga-quantitative-aptitude,easy,860,low,0.0,arithmetic|algebra|geometry|permutations|combinations,standard,0,0,none,0.0,practice_test,1679.0,advanced,0,0,0.0,0,0,0.0,0,0,0.0,0.991115676874148,0.0,1,66.89326979819856,32,1.0,0.991115676874148,0,0,advanced,1679,0.0,0,0,0.0,0,0,0.0,0,easy,easy,Strong Performer,2
s55_t20,55,4,1705500862,ga-q7,general-aptitude,ga-quantitative-aptitude,easy,820,low,0.0,arithmetic|algebra|geometry|permutations|combinations,standard,0,0,none,0.0,practice_test,1679.0,advanced,0,0,0.0,0,0,0.0,0,0,0.0,0.9929300126290448,0.0,1,29.773264979321983,32,1.0,0.9929300126290448,0,0,advanced,1679,0.0,0,0,0.0,0,0,0.0,0,easy,easy,Strong Performer,2
s55_t20,55,4,1705500863,dsa-q68,programming-dsa,dsa-complexity,easy,980,medium,0.0,time-complexity|space-complexity|big-o-notation,standard,0,0,none,0.0,practice_test,1679.0,advanced,0,0,0.0,0,0,0.0,0,0,0.0,0.9824288133815968,0.0,0,93.79145779508003,32,1.0,0.9824288133815968,-31,0,advanced,1648,0.0,0,0,0.0,0,0,0.0,-31,easy,easy,Strong Performer,2
s55_t20,55,4,1705500864,ds-q107,dbms,dbms,medium,1320,high,0.0,database-fundamentals|acid-properties|transactions,standard,0,0,none,0.0,practice_test,1648.0,advanced,0,0,0.0,0,0,0.0,0,0,0.0,0.8685409999758518,0.0,1,26.39875163176711,32,1.0,0.8685409999758518,4,0,advanced,1652,0.0,0,0,0.0,0,0,0.0,4,medium,medium,Strong Performer,4
s55_t20,55,4,1705500865,ai-q10,artificial-intelligence,ai-logic,medium,1200,medium,0.0,propositional-logic|truth-tables|validity|inference-rules|predicate-logic|first-order-logic,standard,0,0,none,0.0,practice_test,1652.0,advanced,0,0,0.0,0,0,0.0,0,0,0.0,0.9309851196318172,0.0,1,124.02822596440554,32,1.0,0.9309851196318172,2,0,advanced,1654,0.0,0,0,0.0,0,0,0.0,2,medium,medium,Strong Performer,4
s55_t20,55,4,1705500866,ds-q359,machine-learning,machine-learning,easy,840,low,0.0,supervised|unsupervised|reinforcement|evaluation,standard,0,0,none,0.0,practice_test,1654.0,advanced,0,0,0.0,0,0,0.0,0,0,0.0,0.990858621474774,0.0,1,90.93038662077616,32,1.0,0.990858621474774,0,0,advanced,1654,0.0,0,0,0.0,0,0,0.0,0,easy,easy,Strong Performer,2
s55_t20,55,4,1705500867,co-q21,calculus-optimization,co-differentiation,medium,1110,medium,0.0,partial-derivatives|chain-rule|product-rule|critical-points|gradients|implicit-differentiation,standard,0,0,none,0.0,practice_test,1654.0,advanced,0,0,0.0,0,0,0.0,0,0,0.0,0.9581741800370106,0.0,1,86.49177521550001,32,1.0,0.9581741800370106,1,0,advanced,1655,0.0,0,0,0.0,0,0,0.0,1,medium,medium,Strong Performer,4
s55_t20,55,4,1705500868,ds-q196,artificial-intelligence,verbal-reasoning,easy,790,low,0.0,comprehension|sentence-correction|para-jumbles,standard,0,0,none,0.0,practice_test,1655.0,advanced,0,0,0.0,0,0,0.0,0,0,0.0,0.9931683927644518,0.0,1,109.99942932075452,32,1.0,0.9931683927644518,0,0,advanced,1655,0.0,0,0,0.0,0,0,0.0,0,easy,easy,Strong Performer,2
s55_t20,55,4,1705500869,ga-q3,general-aptitude,ga-quantitative-aptitude,easy,820,low,0.0,arithmetic|algebra|geometry|permutations|combinations,standard,0,0,none,0.0,practice_test,1655.0,advanced,0,0,0.0,0,0,0.0,0,0,0.0,0.9918910620563852,0.0,1,106.92575745938674,32,1.0,0.9918910620563852,0,0,advanced,1655,0.0,0,0,0.0,0,0,0.0,0,easy,easy,Strong Performer,2
s55_t20,55,4,1705500870,dsa-q17,programming-dsa,dsa-arrays,medium,1300,medium,0.0,array-operations|indexing|searching|sorting,standard,0,0,none,0.0,practice_test,1655.0,advanced,0,0,0.0,0,0,0.0,0,0,0.0,0.8852936760540788,0.0,1,18.88527161240166,32,1.0,0.8852936760540788,4,0,advanced,1659,0.0,0,0,0.0,0,0,0.0,4,medium,medium,Strong Performer,4
s55_t20,55,4,1705500871,dsa-q66,programming-dsa,dsa-complexity,medium,1150,medium,0.0,time-complexity|space-complexity|big-o-notation,standard,0,0,none,0.0,practice_test,1659.0,advanced,0,0,0.0,0,0,0.0,0,0,0.0,0.949311577290992,0.0,1,42.5955723331565,32,1.0,0.949311577290992,2,0,advanced,1661,0.0,0,0,0.0,0,0,0.0,2,medium,medium,Strong Performer,4
s55_t20,55,4,1705500872,la-q35,linear-algebra,la-matrices,medium,1310,high,0.0,addition|scalar-multiplication|matrix-multiplication|determinants|minors|cofactors|symmetric|orthogonal,standard,0,0,none,0.0,practice_test,1661.0,advanced,0,0,0.0,0,0,0.0,0,0,0.0,0.8829346041256821,0.0,1,92.74986637223978,32,1.0,0.8829346041256821,4,0,advanced,1665,0.0,0,0,0.0,0,0,0.0,4,medium,medium,Strong Performer,4
s55_t20,55,4,1705500873,dsa-q39,programming-dsa,dsa-arrays,easy,890,low,0.0,array-operations|indexing|searching|sorting,standard,0,0,none,0.0,practice_test,1665.0,advanced,0,0,0.0,0,0,0.0,0,0,0.0,0.9885840099495816,0.0,1,78.99700522736103,32,1.0,0.9885840099495816,0,0,advanced,1665,0.0,0,0,0.0,0,0,0.0,0,easy,easy,Strong Performer,2
s55_t20,55,4,1705500874,dsa-q45,programming-dsa,dsa-trees,easy,730,low,0.0,binary-trees|bst|tree-traversal|balanced-trees,standard,0,0,none,0.0,practice_test,1665.0,advanced,0,0,0.0,0,0,0.0,0,0,0.0,0.995423768286934,0.0,1,71.69905357810833,32,1.0,0.995423768286934,0,0,advanced,1665,0.0,0,0,0.0,0,0,0.0,0,easy,easy,Strong Performer,2
s55_t20,55,4,1705500875,la-q9,linear-algebra,la-eigenvalues,medium,1250,medium,0.0,eigenvalues|eigenvectors|diagonalization|spectral-theorem,standard,0,0,none,0.0,practice_test,1665.0,advanced,0,0,0.0,0,0,0.0,0,0,0.0,0.915979412738272,0.0,1,17.71300662914235,32,1.0,0.915979412738272,3,0,advanced,1668,0.0,0,0,0.0,0,0,0.0,3,medium,medium,Strong Performer,4
s55_t20,55,4,1705500876,ga-q6,general-aptitude,ga-logical-reasoning,medium,1340,high,0.0,syllogisms|logical-deduction|critical-reasoning,standard,0,0,none,0.0,practice_test,1668.0,advanced,0,0,0.0,0,0,0.0,0,0,0.0,0.8685409999758518,0.0,1,40.22833386606284,32,1.0,0.8685409999758518,4,0,advanced,1672,0.0,0,0,0.0,0,0,0.0,4,medium,medium,Strong Performer,4
s55_t20,55,4,1705500877,dbms-q20,dbms,dbms-sql,medium,1170,medium,0.0,select|joins|group-by|aggregation,standard,0,0,none,0.0,practice_test,1672.0,advanced,0,0,0.0,0,0,0.0,0,0,0.0,0.9473371258660742,0.0,1,32.470954678193195,32,1.0,0.9473371258660742,2,0,advanced,1674,0.0,0,0,0.0,0,0,0.0,2,medium,medium,Strong Performer,4
s55_t20,55,4,1705500878,ds-q206,probability-statistics,probability,easy,900,low,0.0,sample-spaces|events|conditional-probability|independence,standard,0,0,none,0.0,practice_test,1674.0,advanced,0,0,0.0,0,0,0.0,0,0,0.0,0.988518861386872,0.0,1,56.00220035012748,32,1.0,0.988518861386872,0,0,advanced,1674,0.0,0,0,0.0,0,0,0.0,0,easy,easy,Strong Performer,2
s55_t20,55,4,1705500879,ds-q455,calculus-optimization,calculus,medium,1210,medium,0.0,derivatives|integrals|limits|continuity,standard,0,0,none,0.0,practice_test,1674.0,advanced,0,0,0.0,0,0,0.0,0,0,0.0,0.9352934990460784,0.0,1,28.899504982051063,32,1.0,0.9352934990460784,2,0,advanced,1676,0.0,0,0,0.0,0,0,0.0,2,medium,medium,Strong Performer,4
s55_t20,55,4,1705500880,ai-q26,artificial-intelligence,ai-search,hard,1760,high,0.0,breadth-first-search|depth-first-search|a-star|heuristics,standard,0,0,none,0.0,practice_test,1676.0,advanced,0,0,0.0,0,0,0.0,0,0,0.0,0.3814158779109692,0.0,1,100.0119958588523,32,1.0,0.3814158779109692,20,0,advanced,1696,0.0,0,0,0.0,0,0,0.0,20,hard,hard,Strong Performer,6
s55_t20,55,4,1705500881,ps-q39,probability-statistics,ps-probability,medium,1170,medium,0.0,basic-probability|bayes-theorem|conditional-probability|independence|random-variables,standard,0,0,none,0.0,practice_test,1696.0,advanced,0,0,0.0,0,0,0.0,0,0,0.0,0.953818732599141,0.0,1,32.030948813760894,32,1.0,0.953818732599141,1,0,advanced,1697,0.0,0,0,0.0,0,0,0.0,1,medium,medium,Strong Performer,4
s55_t20,55,4,1705500882,dsa-q56,programming-dsa,dsa-trees,hard,2400,high,0.0,binary-trees|bst|tree-traversal|balanced-trees,standard,0,0,none,0.0,practice_test,1697.0,advanced,0,0,0.0,0,0,0.0,0,0,0.0,0.0171780882833187,0.0,0,33.83701604134873,32,1.0,0.0171780882833187,-1,0,advanced,1696,0.0,0,0,0.0,0,0,0.0,-1,hard,hard,Strong Performer,10
s55_t20,55,4,1705500883,ga-q24,general-aptitude,ga-quantitative-aptitude,easy,800,low,0.0,arithmetic|algebra|geometry|permutations|combinations,standard,0,0,none,0.0,practice_test,1696.0,advanced,0,0,0.0,0,0,0.0,0,0,0.0,0.9942785242829096,0.0,1,72.19162906081296,32,1.0,0.9942785242829096,0,0,advanced,1696,0.0,0,0,0.0,0,0,0.0,0,easy,easy,Strong Performer,2
s55_t20,55,4,1705500884,ds-q274,probability-statistics,probability,easy,750,low,0.0,sample-spaces|events|conditional-probability|independence,standard,0,0,none,0.0,practice_test,1696.0,advanced,0,0,0.0,0,0,0.0,0,0,0.0,0.9957033500957236,0.0,1,29.830784365130985,32,1.0,0.9957033500957236,0,0,advanced,1696,0.0,0,0,0.0,0,0,0.0,0,easy,easy,Strong Performer,2
s55_t20,55,4,1705500885,ds-q377,probability-statistics,probability,easy,970,medium,0.0,sample-spaces|events|conditional-probability|independence,standard,0,0,none,0.0,practice_test,1696.0,advanced,0,0,0.0,0,0,0.0,0,0,0.0,0.9849200131707456,0.0,1,64.47982600744359,32,1.0,0.9849200131707456,0,0,advanced,1696,0.0,0,0,0.0,0,0,0.0,0,easy,easy,Strong Performer,2
s55_t20,55,4,1705500886,ps-q34,probability-statistics,ps-hypothesis,hard,1730,high,0.0,hypothesis-testing|p-value|type-I-error|type-II-error,standard,0,0,none,0.0,practice_test,1696.0,advanced,0,0,0.0,0,0,0.0,0,0,0.0,0.4512256641402582,0.0,1,51.9004989995838,32,1.0,0.4512256641402582,18,0,advanced,1714,0.0,0,0,0.0,0,0,0.0,18,hard,hard,Strong Performer,6
s55_t20,55,4,1705500887,ml-q111,machine-learning,ml-unsupervised,medium,1030,medium,0.0,clustering|k-means|hierarchical-clustering|dimensionality-reduction|pca,standard,0,0,none,0.0,practice_test,1714.0,advanced,0,0,0.0,0,0,0.0,0,0,0.0,0.9808744720758245,0.0,1,55.442433441642194,32,1.0,0.9808744720758245,1,0,advanced,1715,0.0,0,0,0.0,0,0,0.0,1,medium,medium,Strong Performer,2
s55_t20,55,4,1705500888,dbms-q54,dbms,dbms-normalization,medium,1400,high,0.0,functional-dependencies|closure-of-attributes|canonical-cover|lossless-join-decomposition|dependency-preservation|first-normal-form|second-normal-form|third-normal-form|boyce-codd-normal-form,standard,0,0,none,0.0,practice_test,1715.0,advanced,0,0,0.0,0,0,0.0,0,0,0.0,0.8597585194581956,0.0,1,72.64251237800885,32,1.0,0.8597585194581956,4,0,advanced,1719,0.0,0,0,0.0,0,0,0.0,4,medium,medium,Strong Performer,4
s55_t20,55,4,1705500889,dbms-q53,dbms,dbms-normalization,medium,1400,high,0.0,functional-dependencies|closure-of-attributes|canonical-cover|lossless-join-decomposition|dependency-preservation|first-normal-form|second-normal-form|third-normal-form|boyce-codd-normal-form,standard,0,0,none,0.0,practice_test,1719.0,advanced,0,0,0.0,0,0,0.0,0,0,0.0,0.8625119039913111,0.0,1,125.6193989219892,32,1.0,0.8625119039913111,4,0,advanced,1723,0.0,0,0,0.0,0,0,0.0,4,medium,medium,Strong Performer,4
s55_t20,55,4,1705500890,co-q13,calculus-optimization,co-differentiation,medium,1300,medium,0.0,derivatives|chain-rule|product-rule|critical-points,standard,0,0,none,0.0,practice_test,1723.0,advanced,0,0,0.0,0,0,0.0,0,0,0.0,0.9194563824269116,0.0,1,22.89701998386597,32,1.0,0.9194563824269116,3,0,advanced,1726,0.0,0,0,0.0,0,0,0.0,3,medium,medium,Strong Performer,4
s55_t20,55,4,1705500891,ps-q79,probability-statistics,ps-hypothesis,medium,1020,medium,0.0,hypothesis-testing|p-value|type-I-error|type-II-error|t-test|significance-level,standard,0,0,none,0.0,practice_test,1726.0,advanced,0,0,0.0,0,0,0.0,0,0,0.0,0.9831110527694013,0.0,1,65.74529230033025,32,1.0,0.9831110527694013,1,0,advanced,1727,0.0,0,0,0.0,0,0,0.0,1,medium,medium,Strong Performer,2
s55_t20,55,4,1705500892,la-q33,linear-algebra,la-matrices,hard,2330,high,0.0,addition|scalar-multiplication|matrix-multiplication|determinants|minors|cofactors|symmetric|orthogonal,standard,0,0,none,0.0,practice_test,1727.0,advanced,0,0,0.0,0,0,0.0,0,0,0.0,0.0301444292007309,0.0,1,64.50129148713091,32,1.0,0.0301444292007309,31,0,advanced,1758,0.0,0,0,0.0,0,0,0.0,31,hard,hard,Strong Performer,10
s55_t20,55,4,1705500893,dsa-q7,programming-dsa,dsa-trees,medium,1200,medium,0.0,binary-trees|bst|tree-traversal|balanced-trees,standard,0,0,none,0.0,practice_test,1758.0,advanced,0,0,0.0,0,0,0.0,0,0,0.0,0.9612873220528224,0.0,1,124.92163748586744,32,1.0,0.9612873220528224,1,0,advanced,1759,0.0,0,0,0.0,0,0,0.0,1,medium,medium,Strong Performer,4
s55_t20,55,4,1705500894,ps-q43,probability-statistics,ps-probability,medium,1480,high,0.0,basic-probability|bayes-theorem|conditional-probability|independence|random-variables,standard,0,0,none,0.0,practice_test,1759.0,advanced,0,0,0.0,0,0,0.0,0,0,0.0,0.8328626902603795,0.0,1,65.31687758962973,32,1.0,0.8328626902603795,5,0,advanced,1764,0.0,0,0,0.0,0,0,0.0,5,medium,medium,Strong Performer,6
s55_t20,55,4,1705500895,ml-q132,machine-learning,ml-evaluation,medium,1320,high,0.0,accuracy|precision|recall|f1-score|cross-validation,standard,0,0,none,0.0,practice_test,1764.0,advanced,0,0,0.0,0,0,0.0,0,0,0.0,0.9279668414961574,0.0,1,73.64371639398313,32,1.0,0.9279668414961574,2,0,advanced,1766,0.0,0,0,0.0,0,0,0.0,2,medium,medium,Strong Performer,4
s55_t20,55,4,1705500896,ds-q149,machine-learning,machine-learning,easy,800,low,0.0,supervised|unsupervised|reinforcement|evaluation,standard,0,0,none,0.0,practice_test,1766.0,advanced,0,0,0.0,0,0,0.0,0,0,0.0,0.996168816596073,0.0,0,28.269716193567103,32,1.0,0.996168816596073,-32,0,advanced,1734,0.0,0,0,0.0,0,0,0.0,-32,easy,easy,Strong Performer,2
s55_t20,55,4,1705500897,ds-q161,artificial-intelligence,linear-algebra,medium,1150,medium,0.0,matrices|vectors|eigenvalues|linear-systems|transformations,standard,0,0,none,0.0,practice_test,1734.0,advanced,0,0,0.0,0,0,0.0,0,0,0.0,0.9664882894516288,0.0,1,6.647351732752718,32,1.0,0.9664882894516288,1,0,advanced,1735,0.0,0,0,0.0,0,0,0.0,1,medium,medium,Strong Performer,4
s55_t20,55,4,1705500898,dsa-q18,programming-dsa,dsa-trees,medium,1130,medium,0.0,binary-trees|bst|tree-traversal|balanced-trees,standard,0,0,none,0.0,practice_test,1735.0,advanced,0,0,0.0,0,0,0.0,0,0,0.0,0.9701903450946798,0.0,1,81.00578978132302,32,1.0,0.9701903450946798,1,0,advanced,1736,0.0,0,0,0.0,0,0,0.0,1,medium,medium,Strong Performer,4
s55_t20,55,4,1705500899,dbms-q11,dbms,dbms-sql,easy,720,low,0.0,select|joins|group-by|aggregation,standard,0,0,none,0.0,practice_test,1736.0,advanced,0,0,0.0,0,0,0.0,0,0,0.0,0.9971242622152392,0.0,1,34.207402634721554,32,1.0,0.9971242622152392,0,0,advanced,1736,0.0,0,0,0.0,0,0,0.0,0,easy,easy,Strong Performer,2
s55_t20,55,4,1705500900,ga-q18,general-aptitude,ga-quantitative-aptitude,medium,1190,medium,0.0,arithmetic|algebra|geometry|permutations|combinations,standard,0,0,none,0.0,practice_test,1736.0,advanced,0,0,0.0,0,0,0.0,0,0,0.0,0.9586331507760624,0.0,0,79.30677282222983,32,1.0,0.9586331507760624,-31,0,advanced,1705,0.0,0,0,0.0,0,0,0.0,-31,medium,medium,Strong Performer,4
s55_t20,55,4,1705500901,dsa-q22,programming-dsa,dsa-trees,medium,1120,medium,0.0,binary-trees|bst|tree-traversal|balanced-trees,standard,0,0,none,0.0,practice_test,1705.0,advanced,0,0,0.0,0,0,0.0,0,0,0.0,0.9666742338227894,0.0,1,68.77987111855798,32,1.0,0.9666742338227894,1,0,advanced,1706,0.0,0,0,0.0,0,0,0.0,1,medium,medium,Strong Performer,4
s55_t20,55,4,1705500902,dsa-q2,programming-dsa,dsa-arrays,easy,990,medium,0.0,array-operations|indexing|searching|sorting,standard,0,0,none,0.0,practice_test,1706.0,advanced,0,0,0.0,0,0,0.0,0,0,0.0,0.9840407281093976,0.0,1,61.9667641911559,32,1.0,0.9840407281093976,1,0,advanced,1707,0.0,0,0,0.0,0,0,0.0,1,easy,easy,Strong Performer,2
s55_t20,55,4,1705500903,ds-q82,machine-learning,machine-learning,easy,820,low,0.0,supervised|unsupervised|reinforcement|evaluation,standard,0,0,none,0.0,practice_test,1707.0,advanced,0,0,0.0,0,0,0.0,0,0,0.0,0.9939761249785116,0.0,1,35.95538328983044,32,1.0,0.9939761249785116,0,0,advanced,1707,0.0,0,0,0.0,0,0,0.0,0,easy,easy,Strong Performer,2
s55_t20,55,4,1705500904,dsa-q23,programming-dsa,dsa-complexity,easy,710,low,0.0,time-complexity|space-complexity|big-o-notation,standard,0,0,none,0.0,practice_test,1707.0,advanced,0,0,0.0,0,0,0.0,0,0,0.0,0.9967929556915032,0.0,0,23.852163509073712,32,1.0,0.9967929556915032,-32,0,advanced,1675,0.0,0,0,0.0,0,0,0.0,-32,easy,easy,Strong Performer,2
s55_t20,55,4,1705500905,la-43,linear-algebra,la-eigenvalues,hard,1360,high,0.0,,standard,0,0,none,0.0,practice_test,1675.0,advanced,0,0,0.0,0,0,0.0,0,0,0.0,0.8597585194581956,0.0,1,38.99271667604267,32,1.0,0.8597585194581956,4,0,advanced,1679,0.0,0,0,0.0,0,0,0.0,4,hard,hard,Strong Performer,4
s55_t20,55,4,1705500906,ds-q156,probability-statistics,probability,easy,800,low,0.0,sample-spaces|events|conditional-probability|independence,standard,0,0,none,0.0,practice_test,1679.0,advanced,0,0,0.0,0,0,0.0,0,0,0.0,0.9936940187410124,0.0,1,127.70696748640512,32,1.0,0.9936940187410124,0,0,advanced,1679,0.0,0,0,0.0,0,0,0.0,0,easy,easy,Strong Performer,2
s55_t20,55,4,1705500907,co-q54,calculus-optimization,co-integration,hard,2460,high,0.0,definite-integrals|indefinite-integrals|integration-by-parts|u-substitution|fundamental-theorem,standard,0,0,none,0.0,practice_test,1679.0,advanced,0,0,0.0,0,0,0.0,0,0,0.0,0.0110327030883514,0.0,0,67.02747593033045,32,1.0,0.0110327030883514,0,0,advanced,1679,0.0,0,0,0.0,0,0,0.0,0,hard,hard,Strong Performer,10
s55_t20,55,4,1705500908,ml-q74,machine-learning,ml-unsupervised,hard,2320,high,0.0,clustering|dimensionality-reduction|pca,standard,0,0,none,0.0,practice_test,1679.0,advanced,0,0,0.0,0,0,0.0,0,0,0.0,0.0243661470707935,0.0,0,70.5423539655531,32,1.0,0.0243661470707935,-1,0,advanced,1678,0.0,0,0,0.0,0,0,0.0,-1,hard,hard,Strong Performer,10
s55_t20,55,4,1705500909,ml-q69,machine-learning,ml-supervised,hard,1400,high,0.0,linear-regression|logistic-regression|decision-trees|svm,standard,0,0,none,0.0,practice_test,1678.0,advanced,0,0,0.0,0,0,0.0,0,0,0.0,0.8320598405303332,0.0,1,28.14117363081428,32,1.0,0.8320598405303332,5,0,advanced,1683,0.0,0,0,0.0,0,0,0.0,5,hard,hard,Strong Performer,4
s55_t20,55,4,1705500910,ds-q399,artificial-intelligence,regularization,medium,1240,medium,0.0,l1-regularization|l2-regularization|dropout,standard,0,0,none,0.0,practice_test,1683.0,advanced,0,0,0.0,0,0,0.0,0,0,0.0,0.92758110507346,0.0,1,100.20168352903568,32,1.0,0.92758110507346,2,0,advanced,1685,0.0,0,0,0.0,0,0,0.0,2,medium,medium,Strong Performer,4
s55_t20,55,4,1705500911,la-q58,linear-algebra,la-eigenvalues,medium,1130,medium,0.0,eigenvalues|eigenvectors|diagonalization|spectral-theorem,standard,0,0,none,0.0,practice_test,1685.0,advanced,0,0,0.0,0,0,0.0,0,0,0.0,0.9606395144955484,0.0,1,76.54242893807891,32,1.0,0.9606395144955484,1,0,advanced,1686,0.0,0,0,0.0,0,0,0.0,1,medium,medium,Strong Performer,4
s55_t20,55,4,1705500912,ga-q27,general-aptitude,ga-quantitative-aptitude,easy,730,low,0.0,arithmetic|algebra|geometry|permutations|combinations,standard,0,0,none,0.0,practice_test,1686.0,advanced,0,0,0.0,0,0,0.0,0,0,0.0,0.9959427257570412,0.0,1,100.51652398848567,32,1.0,0.9959427257570412,0,0,advanced,1686,0.0,0,0,0.0,0,0,0.0,0,easy,easy,Strong Performer,2
s55_t20,55,4,1705500913,ga-q13,general-aptitude,ga-quantitative-aptitude,easy,880,low,0.0,arithmetic|algebra|geometry|permutations|combinations,standard,0,0,none,0.0,practice_test,1686.0,advanced,0,0,0.0,0,0,0.0,0,0,0.0,0.9904319236953452,0.0,1,96.08872512223002,32,1.0,0.9904319236953452,0,0,advanced,1686,0.0,0,0,0.0,0,0,0.0,0,easy,easy,Strong Performer,2
s55_t20,55,4,1705500914,dsa-q46,programming-dsa,dsa-trees,medium,1350,high,0.0,binary-trees|bst|tree-traversal|balanced-trees,standard,0,0,none,0.0,practice_test,1686.0,advanced,0,0,0.0,0,0,0.0,0,0,0.0,0.8737104209450813,0.0,1,92.98799716664551,32,1.0,0.8737104209450813,4,0,advanced,1690,0.0,0,0,0.0,0,0,0.0,4,medium,medium,Strong Performer,4
s55_t20,55,4,1705500915,la-q52,linear-algebra,la-eigenvalues,medium,1060,medium,0.0,eigenvalues|eigenvectors|diagonalization|spectral-theorem,standard,0,0,none,0.0,practice_test,1690.0,advanced,0,0,0.0,0,0,0.0,0,0,0.0,0.9740823468931378,0.0,1,98.95920269592048,32,1.0,0.9740823468931378,1,0,advanced,1691,0.0,0,0,0.0,0,0,0.0,1,medium,medium,Strong Performer,4
s55_t20,55,4,1705500916,dsa-q32,programming-dsa,dsa-arrays,medium,1250,medium,0.0,array-operations|indexing|searching|sorting,standard,0,0,none,0.0,practice_test,1691.0,advanced,0,0,0.0,0,0,0.0,0,0,0.0,0.9268039139277936,0.0,0,86.31036316041518,32,1.0,0.9268039139277936,-30,0,advanced,1661,0.0,0,0,0.0,0,0,0.0,-30,medium,medium,Strong Performer,4
s55_t20,55,4,1705500917,ga-q5,general-aptitude,ga-logical-reasoning,easy,700,low,0.0,syllogisms|logical-deduction|critical-reasoning,standard,0,0,none,0.0,practice_test,1661.0,advanced,0,0,0.0,0,0,0.0,0,0,0.0,0.9960573850913824,0.0,1,83.56232386445315,32,1.0,0.9960573850913824,0,0,advanced,1661,0.0,0,0,0.0,0,0,0.0,0,easy,easy,Strong Performer,2
s55_t20,55,4,1705500918,ga-q16,general-aptitude,ga-verbal-reasoning,medium,1010,medium,0.0,reading-comprehension|vocabulary|sentence-correction|para-jumbles,standard,0,0,none,0.0,practice_test,1661.0,advanced,0,0,0.0,0,0,0.0,0,0,0.0,0.9769654773084296,0.0,1,61.34635544512388,32,1.0,0.9769654773084296,1,0,advanced,1662,0.0,0,0,0.0,0,0,0.0,1,medium,medium,Strong Performer,2
s55_t20,55,4,1705500919,ga-q23,general-aptitude,ga-logical-reasoning,easy,790,low,0.0,syllogisms|logical-deduction|critical-reasoning,standard,0,0,none,0.0,practice_test,1662.0,advanced,0,0,0.0,0,0,0.0,0,0,0.0,0.993436430592952,0.0,1,93.05516672723378,32,1.0,0.993436430592952,0,0,advanced,1662,0.0,0,0,0.0,0,0,0.0,0,easy,easy,Strong Performer,2
s55_t20,55,4,1705500920,dsa-q1,programming-dsa,dsa-complexity,easy,710,low,0.0,time-complexity|space-complexity|big-o-notation,standard,0,0,none,0.0,practice_test,1662.0,advanced,0,0,0.0,0,0,0.0,0,0,0.0,0.9958486120307296,0.0,1,31.46088416746296,32,1.0,0.9958486120307296,0,0,advanced,1662,0.0,0,0,0.0,0,0,0.0,0,easy,easy,Strong Performer,2
s55_t20,55,4,1705500921,co-q22,calculus-optimization,co-differentiation,medium,1330,high,0.0,partial-derivatives|chain-rule|product-rule|critical-points|gradients|implicit-differentiation,standard,0,0,none,0.0,practice_test,1662.0,advanced,0,0,0.0,0,0,0.0,0,0,0.0,0.8711477984045555,0.0,1,110.29531236863204,32,1.0,0.8711477984045555,4,0,advanced,1666,0.0,0,0,0.0,0,0,0.0,4,medium,medium,Strong Performer,4
s55_t20,55,4,1705500922,la-26,linear-algebra,la-matrices,hard,1360,high,0.0,,standard,0,0,none,0.0,practice_test,1666.0,advanced,0,0,0.0,0,0,0.0,0,0,0.0,0.8533946221118819,0.0,1,40.938728483603,32,1.0,0.8533946221118819,5,0,advanced,1671,0.0,0,0,0.0,0,0,0.0,5,hard,hard,Strong Performer,4
s55_t20,55,4,1705500923,ds-q179,probability-statistics,probability,hard,1900,high,0.0,sample-spaces|events|conditional-probability|independence,standard,0,0,none,0.0,practice_test,1671.0,advanced,0,0,0.0,0,0,0.0,0,0,0.0,0.2111129317898453,0.0,1,88.58315100016351,32,1.0,0.2111129317898453,25,0,advanced,1696,0.0,0,0,0.0,0,0,0.0,25,hard,hard,Strong Performer,8
s55_t20,55,4,1705500924,ps-q86,probability-statistics,ps-hypothesis,medium,1260,medium,0.0,hypothesis-testing|p-value|type-I-error|type-II-error|t-test|significance-level,standard,0,0,none,0.0,practice_test,1696.0,advanced,0,0,0.0,0,0,0.0,0,0,0.0,0.9248272212397116,0.0,1,112.75666176962702,32,1.0,0.9248272212397116,2,0,advanced,1698,0.0,0,0,0.0,0,0,0.0,2,medium,medium,Strong Performer,4
s60_t8,60,1,1706000305,ga-q13,general-aptitude,ga-quantitative-aptitude,easy,880,low,0.0,arithmetic|algebra|geometry|permutations|combinations,standard,0,0,none,0.0,practice_test,1680.0,advanced,0,0,0.0,0,0,0.0,0,0,0.0,0.99009900990099,0.0,1,27.77113031695541,32,1.0,0.99009900990099,0,0,advanced,1680,0.0,0,0,0.0,0,0,0.0,0,easy,easy,Strong Performer,2
s60_t8,60,1,1706000306,ml-q102,machine-learning,ml-unsupervised,medium,1040,medium,0.0,clustering|k-means|hierarchical-clustering|dimensionality-reduction|pca,standard,0,0,none,0.0,practice_test,1680.0,advanced,0,0,0.0,0,0,0.0,0,0,0.0,0.975496632449664,0.0,1,36.67942806767516,32,1.0,0.975496632449664,1,0,advanced,1681,0.0,0,0,0.0,0,0,0.0,1,medium,medium,Strong Performer,2
s60_t8,60,1,1706000307,ps-q5,probability-statistics,ps-probability,easy,940,medium,0.0,probability-theory|conditional-probability|independence,standard,0,0,none,0.0,practice_test,1681.0,advanced,0,0,0.0,0,0,0.0,0,0,0.0,0.9861502136744882,0.0,1,84.72600447334163,32,1.0,0.9861502136744882,0,0,advanced,1681,0.0,0,0,0.0,0,0,0.0,0,easy,easy,Strong Performer,2
s60_t8,60,1,1706000308,ps-q81,probability-statistics,ps-hypothesis,medium,1410,high,0.0,hypothesis-testing|p-value|type-I-error|type-II-error|t-test|significance-level,standard,0,0,none,0.0,practice_test,1681.0,advanced,0,0,0.0,0,0,0.0,0,0,0.0,0.8263535539440318,0.0,1,21.57144126913869,32,1.0,0.8263535539440318,6,0,advanced,1687,0.0,0,0,0.0,0,0,0.0,6,medium,medium,Strong Performer,4
s60_t8,60,1,1706000309,ps-q3,probability-statistics,prob-distributions,medium,1040,medium,0.0,binomial|normal|poisson|exponential,standard,0,0,none,0.0,practice_test,1687.0,advanced,0,0,0.0,0,0,0.0,0,0,0.0,0.97644157445654,0.0,1,37.91476655977775,32,1.0,0.97644157445654,1,0,advanced,1688,0.0,0,0,0.0,0,0,0.0,1,medium,medium,Strong Performer,2
s60_t8,60,1,1706000310,la-q30,linear-algebra,la-matrices,medium,1020,medium,0.0,addition|scalar-multiplication|matrix-multiplication|determinants|minors|cofactors|symmetric|orthogonal,standard,0,0,none,0.0,practice_test,1688.0,advanced,0,0,0.0,0,0,0.0,0,0,0.0,0.9790678994786604,0.0,1,103.02753873568048,32,1.0,0.9790678994786604,1,0,advanced,1689,0.0,0,0,0.0,0,0,0.0,1,medium,medium,Strong Performer,2
s60_t8,60,1,1706000311,dsa-q36,programming-dsa,dsa-arrays,hard,1500,high,0.0,array-operations|indexing|searching|sorting,standard,0,0,none,0.0,practice_test,1689.0,advanced,0,0,0.0,0,0,0.0,0,0,0.0,0.7479995411960544,0.0,1,115.4311606668927,32,1.0,0.7479995411960544,8,0,advanced,1697,0.0,0,0,0.0,0,0,0.0,8,hard,hard,Strong Performer,6
s60_t8,60,1,1706000312,la-q48,linear-algebra,la-matrices,medium,1340,high,0.0,addition|scalar-multiplication|matrix-multiplication|determinants|minors|cofactors|symmetric|orthogonal,standard,0,0,none,0.0,practice_test,1697.0,advanced,0,0,0.0,0,0,0.0,0,0,0.0,0.8864576236639505,0.0,1,95.84223935443092,32,1.0,0.8864576236639505,4,0,advanced,1701,0.0,0,0,0.0,0,0,0.0,4,medium,medium,Strong Performer,4
s60_t8,60,1,1706000313,la-q53,linear-algebra,la-eigenvalues,medium,1270,medium,0.0,eigenvalues|eigenvectors|diagonalization|spectral-theorem,standard,0,0,none,0.0,practice_test,1701.0,advanced,0,0,0.0,0,0,0.0,0,0,0.0,0.9228015935156196,0.0,1,75.08815604479383,32,1.0,0.9228015935156196,2,0,advanced,1703,0.0,0,0,0.0,0,0,0.0,2,medium,medium,Strong Performer,4
s60_t8,60,1,1706000314,ml-q18,machine-learning,ml-supervised,easy,800,low,0.0,linear-regression|logistic-regression|decision-trees|svm,standard,0,0,none,0.0,practice_test,1703.0,advanced,0,0,0.0,0,0,0.0,0,0,0.0,0.9945032472102264,0.0,1,33.842899248545415,32,1.0,0.9945032472102264,0,0,advanced,1703,0.0,0,0,0.0,0,0,0.0,0,easy,easy,Strong Performer,2
s60_t8,60,1,1706000315,dsa-q71,programming-dsa,dsa-complexity,medium,1080,medium,0.0,time-complexity|space-complexity|big-o-notation,standard,0,0,none,0.0,practice_test,1703.0,advanced,0,0,0.0,0,0,0.0,0,0,0.0,0.9730453871658749,0.0,1,59.95100515921926,32,1.0,0.9730453871658749,1,0,advanced,1704,0.0,0,0,0.0,0,0,0.0,1,medium,medium,Strong Performer,4
s60_t8,60,1,1706000316,ds-q320,artificial-intelligence,deep-learning,hard,1970,high,0.0,neural-networks|backpropagation|activation-functions,standard,0,0,none,0.0,practice_test,1704.0,advanced,0,0,0.0,0,0,0.0,0,0,0.0,0.1778153888464976,0.0,0,58.65152876841864,32,1.0,0.1778153888464976,-6,0,advanced,1698,0.0,0,0,0.0,0,0,0.0,-6,hard,hard,Strong Performer,8
s60_t8,60,1,1706000317,co-q19,calculus-optimization,co-optimization,medium,1410,high,0.0,critical-points|extrema|optimization|lagrange-multipliers|convexity|gradient-descent,standard,0,0,none,0.0,practice_test,1698.0,advanced,0,0,0.0,0,0,0.0,0,0,0.0,0.8399506946347535,0.0,1,33.58073099361524,32,1.0,0.8399506946347535,5,0,advanced,1703,0.0,0,0,0.0,0,0,0.0,5,medium,medium,Strong Performer,4
s60_t8,60,1,1706000318,ds-q111,machine-learning,machine-learning,medium,1350,high,0.0,supervised|unsupervised|reinforcement|evaluation,standard,0,0,none,0.0,practice_test,1703.0,advanced,0,0,0.0,0,0,0.0,0,0,0.0,0.8841193563384137,0.0,1,52.65110772541231,32,1.0,0.8841193563384137,4,0,advanced,1707,0.0,0,0,0.0,0,0,0.0,4,medium,medium,Strong Performer,4
s60_t8,60,1,1706000319,ga-q15,general-aptitude,ga-quantitative-aptitude,easy,800,low,0.0,arithmetic|algebra|geometry|permutations|combinations,standard,0,0,none,0.0,practice_test,1707.0,advanced,0,0,0.0,0,0,0.0,0,0,0.0,0.9946276963894568,0.0,1,103.40099415004096,32,1.0,0.9946276963894568,0,0,advanced,1707,0.0,0,0,0.0,0,0,0.0,0,easy,easy,Strong Performer,2
s60_t8,60,1,1706000320,dbms-q60,dbms,dbms-normalization,medium,1400,high,0.0,functional-dependencies|closure-of-attributes|canonical-cover|lossless-join-decomposition|dependency-preservation|first-normal-form|second-normal-form|third-normal-form|boyce-codd-normal-form,standard,0,0,none,0.0,practice_test,1707.0,advanced,0,0,0.0,0,0,0.0,0,0,0.0,0.8541133619456244,0.0,1,100.89128148773123,32,1.0,0.8541133619456244,5,0,advanced,1712,0.0,0,0,0.0,0,0,0.0,5,medium,medium,Strong Performer,4
s60_t8,60,1,1706000321,ga-q29,general-aptitude,ga-logical-reasoning,easy,800,low,0.0,syllogisms|logical-deduction|critical-reasoning,standard,0,0,none,0.0,practice_test,1712.0,advanced,0,0,0.0,0,0,0.0,0,0,0.0,0.994779323895176,0.0,1,36.20336672179219,32,1.0,0.994779323895176,0,0,advanced,1712,0.0,0,0,0.0,0,0,0.0,0,easy,easy,Strong Performer,2
s60_t8,60,1,1706000322,ml-q116,machine-learning,ml-unsupervised,hard,2070,high,0.0,clustering|k-means|hierarchical-clustering|dimensionality-reduction|pca,standard,0,0,none,0.0,practice_test,1712.0,advanced,0,0,0.0,0,0,0.0,0,0,0.0,0.1129642731158783,0.0,1,48.265618860124825,32,1.0,0.1129642731158783,28,0,advanced,1740,0.0,0,0,0.0,0,0,0.0,28,hard,hard,Strong Performer,8
s60_t8,60,1,1706000323,dsa-q81,programming-dsa,dsa-complexity,medium,1310,high,0.0,time-complexity|space-complexity|big-o-notation,standard,0,0,none,0.0,practice_test,1740.0,advanced,0,0,0.0,0,0,0.0,0,0,0.0,0.9223905105706244,0.0,1,92.12352143069305,32,1.0,0.9223905105706244,2,0,advanced,1742,0.0,0,0,0.0,0,0,0.0,2,medium,medium,Strong Performer,4
s60_t8,60,1,1706000324,co-q34,calculus-optimization,co-differentiation,easy,980,medium,0.0,partial-derivatives|chain-rule|product-rule|critical-points|gradients|implicit-differentiation,standard,0,0,none,0.0,practice_test,1742.0,advanced,0,0,0.0,0,0,0.0,0,0,0.0,0.9877078317127248,0.0,1,117.00625785715437,32,1.0,0.9877078317127248,0,0,advanced,1742,0.0,0,0,0.0,0,0,0.0,0,easy,easy,Strong Performer,2
s60_t8,60,1,1706000325,ga-q26,general-aptitude,ga-verbal-reasoning,easy,830,low,0.0,reading-comprehension|vocabulary|sentence-correction|para-jumbles,standard,0,0,none,0.0,practice_test,1742.0,advanced,0,0,0.0,0,0,0.0,0,0,0.0,0.994779323895176,0.0,1,63.946109563430326,32,1.0,0.994779323895176,0,0,advanced,1742,0.0,0,0,0.0,0,0,0.0,0,easy,easy,Strong Performer,2
s60_t8,60,1,1706000326,ps-q73,probability-statistics,ps-distributions,medium,1200,medium,0.0,normal-distribution|binomial-distribution|poisson-distribution|cumulative-distribution|expected-value|variance,standard,0,0,none,0.0,practice_test,1742.0,advanced,0,0,0.0,0,0,0.0,0,0,0.0,0.9577103416023746,0.0,1,69.76766456925111,32,1.0,0.9577103416023746,1,0,advanced,1743,0.0,0,0,0.0,0,0,0.0,1,medium,medium,Strong Performer,4
s60_t8,60,1,1706000327,la-q6,linear-algebra,la-matrix,medium,1430,high,0.0,addition|scalar-multiplication|matrix-multiplication|determinants|minors|cofactors|gauss-jordan-elimination|symmetric|orthogonal|hermintian|unitary|identity-metrices,standard,0,0,none,0.0,practice_test,1743.0,advanced,0,0,0.0,0,0,0.0,0,0,0.0,0.8583646041738978,0.0,1,87.92767436672172,32,1.0,0.8583646041738978,5,0,advanced,1748,0.0,0,0,0.0,0,0,0.0,5,medium,medium,Strong Performer,6
s60_t8,60,1,1706000328,ga-q19,general-aptitude,ga-quantitative-aptitude,medium,1120,medium,0.0,arithmetic|algebra|geometry|permutations|combinations,standard,0,0,none,0.0,practice_test,1748.0,advanced,0,0,0.0,0,0,0.0,0,0,0.0,0.9737901005271176,0.0,1,82.57299198075962,32,1.0,0.9737901005271176,1,0,advanced,1749,0.0,0,0,0.0,0,0,0.0,1,medium,medium,Strong Performer,4
s60_t8,60,1,1706000329,dsa-q12,programming-dsa,dsa-trees,easy,880,low,0.0,binary-trees|bst|tree-traversal|balanced-trees,standard,0,0,none,0.0,practice_test,1749.0,advanced,0,0,0.0,0,0,0.0,0,0,0.0,0.9933228607928176,0.0,1,57.37398674538552,32,1.0,0.9933228607928176,0,0,advanced,1749,0.0,0,0,0.0,0,0,0.0,0,easy,easy,Strong Performer,2
s60_t8,60,1,1706000330,dsa-q6,programming-dsa,dsa-arrays,medium,1030,medium,0.0,array-operations|indexing|searching|sorting,standard,0,0,none,0.0,practice_test,1749.0,advanced,0,0,0.0,0,0,0.0,0,0,0.0,0.9843096815963523,0.0,1,119.40440470889052,32,1.0,0.9843096815963523,1,0,advanced,1750,0.0,0,0,0.0,0,0,0.0,1,medium,medium,Strong Performer,2
s60_t8,60,1,1706000331,ai-q13,artificial-intelligence,ai-logic,hard,1990,high,0.0,propositional-logic|truth-tables|validity|inference-rules|predicate-logic|first-order-logic,standard,0,0,none,0.0,practice_test,1750.0,advanced,0,0,0.0,0,0,0.0,0,0,0.0,0.2007600089131017,0.0,1,58.97779483887241,32,1.0,0.2007600089131017,26,0,advanced,1776,0.0,0,0,0.0,0,0,0.0,26,hard,hard,Strong Performer,8
s60_t8,60,1,1706000332,ga-q10,general-aptitude,ga-logical-reasoning,easy,760,low,0.0,syllogisms|logical-deduction|critical-reasoning,standard,0,0,none,0.0,practice_test,1776.0,advanced,0,0,0.0,0,0,0.0,0,0,0.0,0.9971242622152392,0.0,1,17.675668502414858,32,1.0,0.9971242622152392,0,0,advanced,1776,0.0,0,0,0.0,0,0,0.0,0,easy,easy,Strong Performer,2
s60_t8,60,1,1706000333,la-20,linear-algebra,la-matrices,medium,1210,medium,0.0,,standard,0,0,none,0.0,practice_test,1776.0,advanced,0,0,0.0,0,0,0.0,0,0,0.0,0.9629651516287524,0.0,1,93.62115857062142,32,1.0,0.9629651516287524,1,0,advanced,1777,0.0,0,0,0.0,0,0,0.0,1,medium,medium,Strong Performer,4
s60_t8,60,1,1706000334,ds-q303,machine-learning,machine-learning,medium,1010,medium,0.0,supervised|unsupervised|reinforcement|evaluation,standard,0,0,none,0.0,practice_test,1777.0,advanced,0,0,0.0,0,0,0.0,0,0,0.0,0.988052418939982,0.0,1,98.83738296120394,32,1.0,0.988052418939982,0,0,advanced,1777,0.0,0,0,0.0,0,0,0.0,0,medium,medium,Strong Performer,2
s60_t8,60,1,1706000335,ml-q32,machine-learning,ml-supervised,medium,1250,medium,0.0,linear-regression|logistic-regression|decision-trees|svm,standard,0,0,none,0.0,practice_test,1777.0,advanced,0,0,0.0,0,0,0.0,0,0,0.0,0.9540716351028596,0.0,1,91.40662060883363,32,1.0,0.9540716351028596,1,0,advanced,1778,0.0,0,0,0.0,0,0,0.0,1,medium,medium,Strong Performer,4
s60_t8,60,1,1706000336,dsa-q51,programming-dsa,dsa-trees,easy,730,low,0.0,binary-trees|bst|tree-traversal|balanced-trees,standard,0,0,none,0.0,practice_test,1778.0,advanced,0,0,0.0,0,0,0.0,0,0,0.0,0.9976069077095452,0.0,1,43.7234151728326,32,1.0,0.9976069077095452,0,0,advanced,1778,0.0,0,0,0.0,0,0,0.0,0,easy,easy,Strong Performer,2
s60_t8,60,1,1706000337,dsa-q16,programming-dsa,dsa-trees,hard,1450,high,0.0,binary-trees|bst|tree-traversal|balanced-trees,standard,0,0,none,0.0,practice_test,1778.0,advanced,0,0,0.0,0,0,0.0,0,0,0.0,0.8685409999758518,0.0,1,49.389385480752125,32,1.0,0.8685409999758518,4,0,advanced,1782,0.0,0,0,0.0,0,0,0.0,4,hard,hard,Strong Performer,6
s60_t8,60,1,1706000338,ga-q25,general-aptitude,ga-verbal-reasoning,easy,860,low,0.0,reading-comprehension|vocabulary|sentence-correction|para-jumbles,standard,0,0,none,0.0,practice_test,1782.0,advanced,0,0,0.0,0,0,0.0,0,0,0.0,0.9950699241620978,0.0,1,121.08219762259586,32,1.0,0.9950699241620978,0,0,advanced,1782,0.0,0,0,0.0,0,0,0.0,0,easy,easy,Strong Performer,2
s60_t8,60,1,1706000339,ga-q7,general-aptitude,ga-quantitative-aptitude,easy,820,low,0.0,arithmetic|algebra|geometry|permutations|combinations,standard,0,0,none,0.0,practice_test,1782.0,advanced,0,0,0.0,0,0,0.0,0,0,0.0,0.9960799266968844,0.0,0,54.92836531456827,32,1.0,0.9960799266968844,-32,0,advanced,1750,0.0,0,0,0.0,0,0,0.0,-32,easy,easy,Strong Performer,2
s60_t8,60,1,1706000340,ml-q21,general-aptitude,unknown,medium,1310,high,0.0,,standard,0,0,none,0.0,practice_test,1750.0,advanced,0,0,0.0,0,0,0.0,0,0,0.0,0.9264124438824264,0.0,1,84.22628267317722,32,1.0,0.9264124438824264,2,0,advanced,1752,0.0,0,0,0.0,0,0,0.0,2,medium,medium,Strong Performer,4
s60_t8,60,1,1706000341,ds-q35,artificial-intelligence,ai-search,medium,1040,medium,0.0,breadth-first-search|depth-first-search|a-star|heuristics,standard,0,0,none,0.0,practice_test,1752.0,advanced,0,0,0.0,0,0,0.0,0,0,0.0,0.983675057533446,0.0,1,28.22116544163232,32,1.0,0.983675057533446,1,0,advanced,1753,0.0,0,0,0.0,0,0,0.0,1,medium,medium,Strong Performer,2
s60_t8,60,1,1706000342,dbms-q19,dbms,dbms-normalization,medium,1470,high,0.0,functional-dependencies|closure-of-attributes|canonical-cover|lossless-join-decomposition|dependency-preservation|first-normal-form|second-normal-form|third-normal-form|boyce-codd-normal-form,standard,0,0,none,0.0,practice_test,1753.0,advanced,0,0,0.0,0,0,0.0,0,0,0.0,0.836043425542047,0.0,1,82.54337642542441,32,1.0,0.836043425542047,5,0,advanced,1758,0.0,0,0,0.0,0,0,0.0,5,medium,medium,Strong Performer,6
s60_t8,60,1,1706000343,co-q61,calculus-optimization,co-optimization,medium,1050,medium,0.0,critical-points|extrema|optimization|lagrange-multipliers|convexity|gradient-descent,standard,0,0,none,0.0,practice_test,1758.0,advanced,0,0,0.0,0,0,0.0,0,0,0.0,0.9833011506249288,0.0,1,36.00042757015609,32,1.0,0.9833011506249288,1,0,advanced,1759,0.0,0,0,0.0,0,0,0.0,1,medium,medium,Strong Performer,2
s60_t8,60,1,1706000344,ds-q426,machine-learning,machine-learning,medium,1110,medium,0.0,supervised|unsupervised|reinforcement|evaluation,standard,0,0,none,0.0,practice_test,1759.0,advanced,0,0,0.0,0,0,0.0,0,0,0.0,0.9767049635264208,0.0,1,86.35077139249645,32,1.0,0.9767049635264208,1,0,advanced,1760,0.0,0,0,0.0,0,0,0.0,1,medium,medium,Strong Performer,4
s60_t8,60,1,1706000345,dbms-q25,dbms,dbms-sql,easy,990,medium,0.0,select|joins|group-by|aggregation,standard,0,0,none,0.0,practice_test,1760.0,advanced,0,0,0.0,0,0,0.0,0,0,0.0,0.9882545723943448,0.0,1,69.52833759693367,32,1.0,0.9882545723943448,0,0,advanced,1760,0.0,0,0,0.0,0,0,0.0,0,easy,easy,Strong Performer,2
s60_t8,60,1,1706000346,ds-q419,probability-statistics,probability,easy,880,low,0.0,sample-spaces|events|conditional-probability|independence,standard,0,0,none,0.0,practice_test,1760.0,advanced,0,0,0.0,0,0,0.0,0,0,0.0,0.993729987658566,0.0,1,41.10368409202671,32,1.0,0.993729987658566,0,0,advanced,1760,0.0,0,0,0.0,0,0,0.0,0,easy,easy,Strong Performer,2
s60_t8,60,1,1706000347,la-q13,linear-algebra,la-vector-spaces,easy,1370,high,0.0,vector-addition|scalar-multiplication-axioms|sub-spaces|linear-combinations|spanning-sets|linear-independence|coordinates|change-of-basis|dimension-theorems,standard,0,0,none,0.0,practice_test,1760.0,advanced,0,0,0.0,0,0,0.0,0,0,0.0,0.904220144369614,0.0,1,34.69265762657601,32,1.0,0.904220144369614,3,0,advanced,1763,0.0,0,0,0.0,0,0,0.0,3,easy,easy,Strong Performer,4
s60_t8,60,1,1706000348,dbms-q28,dbms,dbms-sql,medium,1060,medium,0.0,select|joins|group-by|aggregation,standard,0,0,none,0.0,practice_test,1763.0,advanced,0,0,0.0,0,0,0.0,0,0,0.0,0.9828219117166812,0.0,1,94.0014128586483,32,1.0,0.9828219117166812,1,0,advanced,1764,0.0,0,0,0.0,0,0,0.0,1,medium,medium,Strong Performer,4
s60_t8,60,1,1706000349,dsa-q8,programming-dsa,dsa-complexity,medium,1200,medium,0.0,time-complexity|space-complexity|big-o-notation,standard,0,0,none,0.0,practice_test,1764.0,advanced,0,0,0.0,0,0,0.0,0,0,0.0,0.9625523674635552,0.0,1,112.83630888383846,32,1.0,0.9625523674635552,1,0,advanced,1765,0.0,0,0,0.0,0,0,0.0,1,medium,medium,Strong Performer,4
s60_t8,60,1,1706000350,la-q49,linear-algebra,la-eigenvalues,hard,2400,high,0.0,eigenvalues|eigenvectors|diagonalization|spectral-theorem,standard,0,0,none,0.0,practice_test,1765.0,advanced,0,0,0.0,0,0,0.0,0,0,0.0,0.0252008473110712,0.0,1,40.09032796478717,32,1.0,0.0252008473110712,31,0,advanced,1796,0.0,0,0,0.0,0,0,0.0,31,hard,hard,Strong Performer,10
s60_t8,60,1,1706000351,dbms-q58,dbms,dbms-normalization,medium,1350,high,0.0,functional-dependencies|closure-of-attributes|canonical-cover|lossless-join-decomposition|dependency-preservation|first-normal-form|second-normal-form|third-normal-form|boyce-codd-normal-form,standard,0,0,none,0.0,practice_test,1796.0,advanced,0,0,0.0,0,0,0.0,0,0,0.0,0.9287326342558504,0.0,1,104.59131061323208,32,1.0,0.9287326342558504,2,0,advanced,1798,0.0,0,0,0.0,0,0,0.0,2,medium,medium,Strong Performer,4
s60_t8,60,1,1706000352,co-q26,calculus-optimization,co-differentiation,easy,780,low,0.0,partial-derivatives|chain-rule|product-rule|critical-points|gradients|implicit-differentiation,standard,0,0,none,0.0,practice_test,1798.0,advanced,0,0,0.0,0,0,0.0,0,0,0.0,0.9971570869295928,0.0,1,77.53013068665005,32,1.0,0.9971570869295928,0,0,advanced,1798,0.0,0,0,0.0,0,0,0.0,0,easy,easy,Strong Performer,2
s60_t8,60,1,1706000353,dsa-q44,programming-dsa,dsa-trees,easy,910,medium,0.0,binary-trees|bst|tree-traversal|balanced-trees,standard,0,0,none,0.0,practice_test,1798.0,advanced,0,0,0.0,0,0,0.0,0,0,0.0,0.994010494478932,0.0,1,106.35565293314612,32,1.0,0.994010494478932,0,0,advanced,1798,0.0,0,0,0.0,0,0,0.0,0,easy,easy,Strong Performer,2
s60_t8,60,1,1706000354,dsa-q45,programming-dsa,dsa-trees,easy,730,low,0.0,binary-trees|bst|tree-traversal|balanced-trees,standard,0,0,none,0.0,practice_test,1798.0,advanced,0,0,0.0,0,0,0.0,0,0,0.0,0.99786659904087,0.0,1,40.19953522146706,32,1.0,0.99786659904087,0,0,advanced,1798,0.0,0,0,0.0,0,0,0.0,0,easy,easy,Strong Performer,2
s60_t8,60,1,1706000355,dsa-q64,programming-dsa,dsa-complexity,easy,860,low,0.0,time-complexity|space-complexity|big-o-notation,standard,0,0,none,0.0,practice_test,1798.0,advanced,0,0,0.0,0,0,0.0,0,0,0.0,0.995501766093549,0.0,1,115.56601101977851,32,1.0,0.995501766093549,0,0,advanced,1798,0.0,0,0,0.0,0,0,0.0,0,easy,easy,Strong Performer,2
s60_t8,60,1,1706000356,ga-q16,general-aptitude,ga-verbal-reasoning,medium,1010,medium,0.0,reading-comprehension|vocabulary|sentence-correction|para-jumbles,standard,0,0,none,0.0,practice_test,1798.0,advanced,0,0,0.0,0,0,0.0,0,0,0.0,0.989398405083814,0.0,1,71.23015885324169,32,1.0,0.989398405083814,0,0,advanced,1798,0.0,0,0,0.0,0,0,0.0,0,medium,medium,Strong Performer,2
s60_t8,60,1,1706000357,ps-q93,probability-statistics,ps-hypothesis,medium,1100,medium,0.0,hypothesis-testing|p-value|type-I-error|type-II-error|t-test|significance-level,standard,0,0,none,0.0,practice_test,1798.0,advanced,0,0,0.0,0,0,0.0,0,0,0.0,0.9823291663359556,0.0,1,71.92658713311366,32,1.0,0.9823291663359556,1,0,advanced,1799,0.0,0,0,0.0,0,0,0.0,1,medium,medium,Strong Performer,4
s60_t8,60,1,1706000358,dsa-q40,programming-dsa,dsa-arrays,medium,1280,medium,0.0,array-operations|indexing|searching|sorting,standard,0,0,none,0.0,practice_test,1799.0,advanced,0,0,0.0,0,0,0.0,0,0,0.0,0.9520109719849302,0.0,1,60.215477347155485,32,1.0,0.9520109719849302,2,0,expert,1801,0.0,0,0,0.0,0,0,0.0,2,medium,medium,Strong Performer,4
s60_t8,60,1,1706000359,ds-q288,artificial-intelligence,algorithms,medium,1330,high,0.0,sorting|searching|dynamic-programming|greedy,standard,0,0,none,0.0,practice_test,1801.0,expert,0,0,0.0,0,0,0.0,0,0,0.0,0.937689793726165,0.0,1,93.24924742134566,32,1.0,0.937689793726165,2,0,expert,1803,0.0,0,0,0.0,0,0,0.0,2,medium,medium,Strong Performer,4
s60_t8,60,1,1706000360,dsa-q69,programming-dsa,dsa-complexity,medium,1170,medium,0.0,time-complexity|space-complexity|big-o-notation,standard,0,0,none,0.0,practice_test,1803.0,expert,0,0,0.0,0,0,0.0,0,0,0.0,0.9745147775254176,0.0,1,42.182754958867726,32,1.0,0.9745147775254176,1,0,expert,1804,0.0,0,0,0.0,0,0,0.0,1,medium,medium,Strong Performer,4
s60_t8,60,1,1706000361,ps-q6,probability-statistics,ps-distributions,easy,980,medium,0.0,probability-distributions|cumulative-distribution|expected-value,standard,0,0,none,0.0,practice_test,1804.0,expert,0,0,0.0,0,0,0.0,0,0,0.0,0.9913655668692074,0.0,1,27.675930405220026,32,1.0,0.9913655668692074,0,0,expert,1804,0.0,0,0,0.0,0,0,0.0,0,easy,easy,Strong Performer,2
s60_t8,60,1,1706000362,dsa-q67,programming-dsa,dsa-complexity,easy,740,low,0.0,time-complexity|space-complexity|big-o-notation,standard,0,0,none,0.0,practice_test,1804.0,expert,0,0,0.0,0,0,0.0,0,0,0.0,0.9978170142285469,0.0,0,72.35462506724177,32,1.0,0.9978170142285469,-32,0,advanced,1772,0.0,0,0,0.0,0,0,0.0,-32,easy,easy,Strong Performer,2
s60_t8,60,1,1706000363,ds-q47,artificial-intelligence,linear-algebra,easy,980,medium,0.0,matrices|vectors|eigenvalues|linear-systems|transformations,standard,0,0,none,0.0,practice_test,1772.0,advanced,0,0,0.0,0,0,0.0,0,0,0.0,0.9896372260835404,0.0,1,109.70788380744062,32,1.0,0.9896372260835404,0,0,advanced,1772,0.0,0,0,0.0,0,0,0.0,0,easy,easy,Strong Performer,2
s60_t8,60,1,1706000364,ds-q337,probability-statistics,probability,easy,800,low,0.0,sample-spaces|events|conditional-probability|independence,standard,0,0,none,0.0,practice_test,1772.0,advanced,0,0,0.0,0,0,0.0,0,0,0.0,0.9962984004553768,0.0,1,107.72603601688,32,1.0,0.9962984004553768,0,0,advanced,1772,0.0,0,0,0.0,0,0,0.0,0,easy,easy,Strong Performer,2
s60_t8,60,1,1706000365,ps-q12,probability-statistics,ps-hypothesis,medium,1000,medium,0.0,hypothesis-testing|p-value|type-I-error|type-II-error,standard,0,0,none,0.0,practice_test,1772.0,advanced,0,0,0.0,0,0,0.0,0,0,0.0,0.9883874599003024,0.0,1,92.8676282266782,32,1.0,0.9883874599003024,0,0,advanced,1772,0.0,0,0,0.0,0,0,0.0,0,medium,medium,Strong Performer,2
s60_t8,60,1,1706000366,ds-q114,calculus-optimization,calculus,medium,1370,high,0.0,derivatives|integrals|limits|continuity,standard,0,0,none,0.0,practice_test,1772.0,advanced,0,0,0.0,0,0,0.0,0,0,0.0,0.9100379198115164,0.0,1,41.660389789834674,32,1.0,0.9100379198115164,3,0,advanced,1775,0.0,0,0,0.0,0,0,0.0,3,medium,medium,Strong Performer,4
s60_t8,60,1,1706000367,ga-q20,general-aptitude,ga-quantitative-aptitude,medium,1170,medium,0.0,arithmetic|algebra|geometry|permutations|combinations,standard,0,0,none,0.0,practice_test,1775.0,advanced,0,0,0.0,0,0,0.0,0,0,0.0,0.9701903450946798,0.0,1,111.38235687857828,32,1.0,0.9701903450946798,1,0,advanced,1776,0.0,0,0,0.0,0,0,0.0,1,medium,medium,Strong Performer,4
s60_t8,60,1,1706000368,ds-q55,probability-statistics,probability-theory,easy,740,low,0.0,bayes-theorem|permutations|combinations|probability-rules,standard,0,0,none,0.0,practice_test,1776.0,advanced,0,0,0.0,0,0,0.0,0,0,0.0,0.9974361942128144,0.0,1,64.29211246805427,32,1.0,0.9974361942128144,0,0,advanced,1776,0.0,0,0,0.0,0,0,0.0,0,easy,easy,Strong Performer,2
s60_t8,60,1,1706000369,ds-q280,machine-learning,machine-learning,easy,810,low,0.0,supervised|unsupervised|reinforcement|evaluation,standard,0,0,none,0.0,practice_test,1776.0,advanced,0,0,0.0,0,0,0.0,0,0,0.0,0.996168816596073,0.0,1,69.6947124505862,32,1.0,0.996168816596073,0,0,advanced,1776,0.0,0,0,0.0,0,0,0.0,0,easy,easy,Strong Performer,2
s69_t4,69,0,1706900120,dsa-q74,programming-dsa,dsa-complexity,medium,1300,medium,0.0,time-complexity|space-complexity|big-o-notation,standard,0,0,none,0.0,practice_test,1617.0,advanced,0,0,0.0,0,0,0.0,0,0,0.0,0.8611409356570433,0.0,1,47.05393455941129,32,1.0,0.8611409356570433,4,0,advanced,1621,0.0,0,0,0.0,0,0,0.0,4,medium,medium,Strong Performer,4
s69_t4,69,0,1706900121,ds-q323,machine-learning,machine-learning,hard,2490,high,0.0,supervised|unsupervised|reinforcement|evaluation,standard,0,0,none,0.0,practice_test,1621.0,advanced,0,0,0.0,0,0,0.0,0,0,0.0,0.0066771392071823,0.0,0,115.10400963799717,32,1.0,0.0066771392071823,0,0,advanced,1621,0.0,0,0,0.0,0,0,0.0,0,hard,hard,Strong Performer,10
s69_t4,69,0,1706900122,ds-q46,machine-learning,machine-learning,medium,1460,high,0.0,supervised|unsupervised|reinforcement|evaluation,standard,0,0,none,0.0,practice_test,1621.0,advanced,0,0,0.0,0,0,0.0,0,0,0.0,0.7164236941029388,0.0,1,33.17377627585395,32,1.0,0.7164236941029388,9,0,advanced,1630,0.0,0,0,0.0,0,0,0.0,9,medium,medium,Strong Performer,6
s69_t4,69,0,1706900123,la-q8,linear-algebra,la-eigenvalues,medium,1130,medium,0.0,eigenvalues|eigenvectors|diagonalization|spectral-theorem,standard,0,0,none,0.0,practice_test,1630.0,advanced,0,0,0.0,0,0,0.0,0,0,0.0,0.9467597847979776,0.0,1,121.6560990075476,32,1.0,0.9467597847979776,2,0,advanced,1632,0.0,0,0,0.0,0,0,0.0,2,medium,medium,Strong Performer,4
s69_t4,69,0,1706900124,ps-q67,probability-statistics,ps-distributions,medium,1100,medium,0.0,normal-distribution|binomial-distribution|poisson-distribution|cumulative-distribution|expected-value|variance,standard,0,0,none,0.0,practice_test,1632.0,advanced,0,0,0.0,0,0,0.0,0,0,0.0,0.9553164906282028,0.0,1,47.2868762246206,32,1.0,0.9553164906282028,1,0,advanced,1633,0.0,0,0,0.0,0,0,0.0,1,medium,medium,Strong Performer,4
s69_t4,69,0,1706900125,ga-q21,general-aptitude,ga-verbal-reasoning,easy,750,low,0.0,reading-comprehension|vocabulary|sentence-correction|para-jumbles,standard,0,0,none,0.0,practice_test,1633.0,advanced,0,0,0.0,0,0,0.0,0,0,0.0,0.9938366757052792,0.0,1,63.05423341201633,32,1.0,0.9938366757052792,0,0,advanced,1633,0.0,0,0,0.0,0,0,0.0,0,easy,easy,Strong Performer,2
s69_t4,69,0,1706900126,ps-q87,probability-statistics,ps-hypothesis,medium,1030,medium,0.0,hypothesis-testing|p-value|type-I-error|type-II-error|t-test|significance-level,standard,0,0,none,0.0,practice_test,1633.0,advanced,0,0,0.0,0,0,0.0,0,0,0.0,0.969855570799269,0.0,1,25.26189946947949,32,1.0,0.969855570799269,1,0,advanced,1634,0.0,0,0,0.0,0,0,0.0,1,medium,medium,Strong Performer,2
s69_t4,69,0,1706900127,ds-q309,artificial-intelligence,deep-learning,medium,1440,high,0.0,neural-networks|backpropagation|activation-functions,standard,0,0,none,0.0,practice_test,1634.0,advanced,0,0,0.0,0,0,0.0,0,0,0.0,0.7533860777856145,0.0,1,37.415580840622994,32,1.0,0.7533860777856145,8,0,advanced,1642,0.0,0,0,0.0,0,0,0.0,8,medium,medium,Strong Performer,6
s69_t4,69,0,1706900128,ga-q17,general-aptitude,ga-quantitative-aptitude,medium,1290,medium,0.0,arithmetic|algebra|geometry|permutations|combinations,standard,0,0,none,0.0,practice_test,1642.0,advanced,0,0,0.0,0,0,0.0,0,0,0.0,0.8835282880564392,0.0,1,38.25008630086657,32,1.0,0.8835282880564392,4,0,advanced,1646,0.0,0,0,0.0,0,0,0.0,4,medium,medium,Strong Performer,4
s69_t4,69,0,1706900129,la-43,linear-algebra,la-eigenvalues,hard,1360,high,0.0,,standard,0,0,none,0.0,practice_test,1646.0,advanced,0,0,0.0,0,0,0.0,0,0,0.0,0.8383969073869433,0.0,1,93.00567396573886,32,1.0,0.8383969073869433,5,0,advanced,1651,0.0,0,0,0.0,0,0,0.0,5,hard,hard,Strong Performer,4
s69_t4,69,0,1706900130,dsa-q41,programming-dsa,dsa-arrays,easy,970,medium,0.0,array-operations|indexing|searching|sorting,standard,0,0,none,0.0,practice_test,1651.0,advanced,0,0,0.0,0,0,0.0,0,0,0.0,0.9805477980915618,0.0,1,118.92449858254466,32,1.0,0.9805477980915618,1,0,advanced,1652,0.0,0,0,0.0,0,0,0.0,1,easy,easy,Strong Performer,2
s69_t4,69,0,1706900131,ml-q87,machine-learning,ml-supervised,medium,1370,high,0.0,linear-regression|logistic-regression|decision-trees|svm|naive-bayes|ensemble-methods,standard,0,0,none,0.0,practice_test,1652.0,advanced,0,0,0.0,0,0,0.0,0,0,0.0,0.8352528323139615,0.0,1,80.33043768271331,32,1.0,0.8352528323139615,5,0,advanced,1657,0.0,0,0,0.0,0,0,0.0,5,medium,medium,Strong Performer,4
s69_t4,69,0,1706900132,dsa-q31,programming-dsa,dsa-arrays,medium,1460,high,0.0,array-operations|indexing|searching|sorting,standard,0,0,none,0.0,practice_test,1657.0,advanced,0,0,0.0,0,0,0.0,0,0,0.0,0.7565805942950526,0.0,1,53.40114088673927,32,1.0,0.7565805942950526,8,0,advanced,1665,0.0,0,0,0.0,0,0,0.0,8,medium,medium,Strong Performer,6
s69_t4,69,0,1706900133,ga-q9,general-aptitude,ga-logical-reasoning,easy,960,medium,0.0,syllogisms|logical-deduction|critical-reasoning,standard,0,0,none,0.0,practice_test,1665.0,advanced,0,0,0.0,0,0,0.0,0,0,0.0,0.983015207846485,0.0,1,49.1182029517731,32,1.0,0.983015207846485,1,0,advanced,1666,0.0,0,0,0.0,0,0,0.0,1,easy,easy,Strong Performer,2
s69_t4,69,0,1706900134,dsa-q36,programming-dsa,dsa-arrays,hard,1500,high,0.0,array-operations|indexing|searching|sorting,standard,0,0,none,0.0,practice_test,1666.0,advanced,0,0,0.0,0,0,0.0,0,0,0.0,0.7222345336491706,0.0,1,68.38826428385573,32,1.0,0.7222345336491706,9,0,advanced,1675,0.0,0,0,0.0,0,0,0.0,9,hard,hard,Strong Performer,6
s69_t4,69,0,1706900135,dsa-q27,programming-dsa,dsa-arrays,easy,990,medium,0.0,array-operations|indexing|searching|sorting,standard,0,0,none,0.0,practice_test,1675.0,advanced,0,0,0.0,0,0,0.0,0,0,0.0,0.9809821634304348,0.0,1,64.18463925910433,32,1.0,0.9809821634304348,1,0,advanced,1676,0.0,0,0,0.0,0,0,0.0,1,easy,easy,Strong Performer,2
s69_t4,69,0,1706900136,la-22,linear-algebra,la-matrices,hard,1360,high,0.0,,standard,0,0,none,0.0,practice_test,1676.0,advanced,0,0,0.0,0,0,0.0,0,0,0.0,0.8604511617577122,0.0,1,78.03052693119295,32,1.0,0.8604511617577122,4,0,advanced,1680,0.0,0,0,0.0,0,0,0.0,4,hard,hard,Strong Performer,4
s69_t4,69,0,1706900137,ds-q413,dbms,dbms,medium,1220,medium,0.0,database-fundamentals|acid-properties|transactions,standard,0,0,none,0.0,practice_test,1680.0,advanced,0,0,0.0,0,0,0.0,0,0,0.0,0.9338859386628044,0.0,1,58.75543343951144,32,1.0,0.9338859386628044,2,0,advanced,1682,0.0,0,0,0.0,0,0,0.0,2,medium,medium,Strong Performer,4
s69_t4,69,0,1706900138,ga-q1,general-aptitude,ga-verbal-reasoning,easy,800,low,0.0,reading-comprehension|vocabulary|sentence-correction|para-jumbles,standard,0,0,none,0.0,practice_test,1682.0,advanced,0,0,0.0,0,0,0.0,0,0,0.0,0.993801315002845,0.0,1,116.53516349460644,32,1.0,0.993801315002845,0,0,advanced,1682,0.0,0,0,0.0,0,0,0.0,0,easy,easy,Strong Performer,2
s69_t4,69,0,1706900139,co-q15,calculus-optimization,co-integration,medium,1160,medium,0.0,definite-integrals|indefinite-integrals|integration-by-parts,standard,0,0,none,0.0,practice_test,1682.0,advanced,0,0,0.0,0,0,0.0,0,0,0.0,0.9527938123855936,0.0,1,120.94951051547868,32,1.0,0.9527938123855936,2,0,advanced,1684,0.0,0,0,0.0,0,0,0.0,2,medium,medium,Strong Performer,4
s69_t4,69,0,1706900140,ps-q33,probability-statistics,ps-distributions,medium,1120,medium,0.0,probability-distributions|cumulative-distribution|expected-value,standard,0,0,none,0.0,practice_test,1684.0,advanced,0,0,0.0,0,0,0.0,0,0,0.0,0.9625523674635552,0.0,1,29.200612388232635,32,1.0,0.9625523674635552,1,0,advanced,1685,0.0,0,0,0.0,0,0,0.0,1,medium,medium,Strong Performer,4
s69_t4,69,0,1706900141,ps-q43,probability-statistics,ps-probability,medium,1480,high,0.0,basic-probability|bayes-theorem|conditional-probability|independence|random-variables,standard,0,0,none,0.0,practice_test,1685.0,advanced,0,0,0.0,0,0,0.0,0,0,0.0,0.7649612635526892,0.0,1,60.39747681853719,32,1.0,0.7649612635526892,8,0,advanced,1693,0.0,0,0,0.0,0,0,0.0,8,medium,medium,Strong Performer,6
s69_t4,69,0,1706900142,ds-q382,machine-learning,machine-learning,medium,1450,high,0.0,supervised|unsupervised|reinforcement|evaluation,standard,0,0,none,0.0,practice_test,1693.0,advanced,0,0,0.0,0,0,0.0,0,0,0.0,0.8019966441144332,0.0,1,16.916643428182496,32,1.0,0.8019966441144332,6,0,advanced,1699,0.0,0,0,0.0,0,0,0.0,6,medium,medium,Strong Performer,6
s69_t4,69,0,1706900143,dsa-q8,programming-dsa,dsa-complexity,medium,1200,medium,0.0,time-complexity|space-complexity|big-o-notation,standard,0,0,none,0.0,practice_test,1699.0,advanced,0,0,0.0,0,0,0.0,0,0,0.0,0.9464688789594632,0.0,1,119.77881086021632,32,1.0,0.9464688789594632,2,0,advanced,1701,0.0,0,0,0.0,0,0,0.0,2,medium,medium,Strong Performer,4
s69_t4,69,0,1706900144,ds-q112,artificial-intelligence,linear-algebra,easy,880,low,0.0,matrices|vectors|eigenvalues|linear-systems|transformations,standard,0,0,none,0.0,practice_test,1701.0,advanced,0,0,0.0,0,0,0.0,0,0,0.0,0.9912164816137026,0.0,1,38.72255927526655,32,1.0,0.9912164816137026,0,0,advanced,1701,0.0,0,0,0.0,0,0,0.0,0,easy,easy,Strong Performer,2
s69_t4,69,0,1706900145,la-q46,linear-algebra,la-matrices,hard,2490,high,0.0,addition|scalar-multiplication|matrix-multiplication|determinants|minors|cofactors|symmetric|orthogonal,standard,0,0,none,0.0,practice_test,1701.0,advanced,0,0,0.0,0,0,0.0,0,0,0.0,0.0105413840135951,0.0,0,102.23020098740848,32,1.0,0.0105413840135951,0,0,advanced,1701,0.0,0,0,0.0,0,0,0.0,0,hard,hard,Strong Performer,10
s69_t4,69,0,1706900146,la-q56,linear-algebra,la-eigenvalues,medium,1090,medium,0.0,eigenvalues|eigenvectors|diagonalization|spectral-theorem,standard,0,0,none,0.0,practice_test,1701.0,advanced,0,0,0.0,0,0,0.0,0,0,0.0,0.9711731836042778,0.0,1,25.26138894491412,32,1.0,0.9711731836042778,1,0,advanced,1702,0.0,0,0,0.0,0,0,0.0,1,medium,medium,Strong Performer,4
s69_t4,69,0,1706900147,ps-q88,probability-statistics,ps-hypothesis,easy,850,low,0.0,hypothesis-testing|p-value|type-I-error|type-II-error|t-test|significance-level,standard,0,0,none,0.0,practice_test,1702.0,advanced,0,0,0.0,0,0,0.0,0,0,0.0,0.992641447291828,0.0,1,118.80340573853556,32,1.0,0.992641447291828,0,0,advanced,1702,0.0,0,0,0.0,0,0,0.0,0,easy,easy,Strong Performer,2
s69_t4,69,0,1706900148,ga-q15,general-aptitude,ga-quantitative-aptitude,easy,800,low,0.0,arithmetic|algebra|geometry|permutations|combinations,standard,0,0,none,0.0,practice_test,1702.0,advanced,0,0,0.0,0,0,0.0,0,0,0.0,0.9944716895404954,0.0,1,41.82335825311354,32,1.0,0.9944716895404954,0,0,advanced,1702,0.0,0,0,0.0,0,0,0.0,0,easy,easy,Strong Performer,2
s69_t4,69,0,1706900149,ds-q386,artificial-intelligence,statistics,medium,1000,medium,0.0,descriptive-statistics|mean|variance|standard-deviation,standard,0,0,none,0.0,practice_test,1702.0,advanced,0,0,0.0,0,0,0.0,0,0,0.0,0.9827244547498064,0.0,1,85.14594749203577,32,1.0,0.9827244547498064,1,0,advanced,1703,0.0,0,0,0.0,0,0,0.0,1,medium,medium,Strong Performer,2
s69_t4,69,0,1706900150,la-26,linear-algebra,la-matrices,hard,1360,high,0.0,,standard,0,0,none,0.0,practice_test,1703.0,advanced,0,0,0.0,0,0,0.0,0,0,0.0,0.8780900739425958,0.0,1,81.1503700978145,32,1.0,0.8780900739425958,4,0,advanced,1707,0.0,0,0,0.0,0,0,0.0,4,hard,hard,Strong Performer,4
s69_t4,69,0,1706900151,dsa-q65,programming-dsa,dsa-complexity,medium,1020,medium,0.0,time-complexity|space-complexity|big-o-notation,standard,0,0,none,0.0,practice_test,1707.0,advanced,0,0,0.0,0,0,0.0,0,0,0.0,0.9811957652105316,0.0,1,17.84483686131844,32,1.0,0.9811957652105316,1,0,advanced,1708,0.0,0,0,0.0,0,0,0.0,1,medium,medium,Strong Performer,2
s69_t4,69,0,1706900152,dsa-q82,programming-dsa,dsa-complexity,easy,840,low,0.0,time-complexity|space-complexity|big-o-notation,standard,0,0,none,0.0,practice_test,1708.0,advanced,0,0,0.0,0,0,0.0,0,0,0.0,0.993284572110764,0.0,1,98.54687158101312,32,1.0,0.993284572110764,0,0,advanced,1708,0.0,0,0,0.0,0,0,0.0,0,easy,easy,Strong Performer,2
s69_t4,69,0,1706900153,co-q44,calculus-optimization,co-integration,easy,1200,medium,0.0,definite-integrals|indefinite-integrals|integration-by-parts|u-substitution|fundamental-theorem,standard,0,0,none,0.0,practice_test,1708.0,advanced,0,0,0.0,0,0,0.0,0,0,0.0,0.9490338639240656,0.0,1,93.86180581147866,32,1.0,0.9490338639240656,2,0,advanced,1710,0.0,0,0,0.0,0,0,0.0,2,easy,easy,Strong Performer,4
s69_t4,69,0,1706900154,ds-q76,probability-statistics,conditional-probability,medium,1480,high,0.0,bayes-rule|conditional-independence,standard,0,0,none,0.0,practice_test,1710.0,advanced,0,0,0.0,0,0,0.0,0,0,0.0,0.7898441797581306,0.0,1,64.59013669878054,32,1.0,0.7898441797581306,7,0,advanced,1717,0.0,0,0,0.0,0,0,0.0,7,medium,medium,Strong Performer,6
s69_t4,69,0,1706900155,co-q47,calculus-optimization,co-integration,medium,1410,high,0.0,definite-integrals|indefinite-integrals|integration-by-parts|u-substitution|fundamental-theorem,standard,0,0,none,0.0,practice_test,1717.0,advanced,0,0,0.0,0,0,0.0,0,0,0.0,0.8541133619456244,0.0,1,126.9882823159614,32,1.0,0.8541133619456244,5,0,advanced,1722,0.0,0,0,0.0,0,0,0.0,5,medium,medium,Strong Performer,4
s69_t4,69,0,1706900156,dsa-q46,programming-dsa,dsa-trees,medium,1350,high,0.0,binary-trees|bst|tree-traversal|balanced-trees,standard,0,0,none,0.0,practice_test,1722.0,advanced,0,0,0.0,0,0,0.0,0,0,0.0,0.8948627896440804,0.0,1,104.93726895327312,32,1.0,0.8948627896440804,3,0,advanced,1725,0.0,0,0,0.0,0,0,0.0,3,medium,medium,Strong Performer,4
s69_t4,69,0,1706900157,ps-q20,probability-statistics,ps-probability,easy,960,medium,0.0,probability-theory|conditional-probability|independence,standard,0,0,none,0.0,practice_test,1725.0,advanced,0,0,0.0,0,0,0.0,0,0,0.0,0.9879157442856824,0.0,1,45.330587839782304,32,1.0,0.9879157442856824,0,0,advanced,1725,0.0,0,0,0.0,0,0,0.0,0,easy,easy,Strong Performer,2
s69_t4,69,0,1706900158,ps-q78,probability-statistics,ps-hypothesis,medium,1210,medium,0.0,hypothesis-testing|p-value|type-I-error|type-II-error|t-test|significance-level,standard,0,0,none,0.0,practice_test,1725.0,advanced,0,0,0.0,0,0,0.0,0,0,0.0,0.9509479946527072,0.0,0,55.53227787729264,32,1.0,0.9509479946527072,-30,0,advanced,1695,0.0,0,0,0.0,0,0,0.0,-30,medium,medium,Strong Performer,4
s69_t4,69,0,1706900159,dbms-q42,dbms,dbms-sql,medium,730,low,0.0,select|joins|group-by|aggregation,standard,0,0,none,0.0,practice_test,1695.0,advanced,0,0,0.0,0,0,0.0,0,0,0.0,0.9961467841570412,0.0,1,93.48117302747852,32,1.0,0.9961467841570412,0,0,advanced,1695,0.0,0,0,0.0,0,0,0.0,0,medium,medium,Strong Performer,2
s69_t4,69,0,1706900160,ml-q9,machine-learning,ml-supervised,easy,890,low,0.0,linear-regression|logistic-regression|decision-trees|svm,standard,0,0,none,0.0,practice_test,1695.0,advanced,0,0,0.0,0,0,0.0,0,0,0.0,0.9903772181226684,0.0,1,24.32122261373937,32,1.0,0.9903772181226684,0,0,advanced,1695,0.0,0,0,0.0,0,0,0.0,0,easy,easy,Strong Performer,2
s69_t4,69,0,1706900161,dsa-q55,programming-dsa,dsa-trees,medium,1170,medium,0.0,binary-trees|bst|tree-traversal|balanced-trees,standard,0,0,none,0.0,practice_test,1695.0,advanced,0,0,0.0,0,0,0.0,0,0,0.0,0.953564505277882,0.0,1,75.99717436191838,32,1.0,0.953564505277882,1,0,advanced,1696,0.0,0,0,0.0,0,0,0.0,1,medium,medium,Strong Performer,4
s69_t4,69,0,1706900162,ga-q11,general-aptitude,ga-verbal-reasoning,easy,830,low,0.0,reading-comprehension|vocabulary|sentence-correction|para-jumbles,standard,0,0,none,0.0,practice_test,1696.0,advanced,0,0,0.0,0,0,0.0,0,0,0.0,0.9932073393247044,0.0,1,56.52133712620439,32,1.0,0.9932073393247044,0,0,advanced,1696,0.0,0,0,0.0,0,0,0.0,0,easy,easy,Strong Performer,2
s69_t4,69,0,1706900163,ps-q68,probability-statistics,ps-distributions,medium,1270,medium,0.0,normal-distribution|binomial-distribution|poisson-distribution|cumulative-distribution|expected-value|variance,standard,0,0,none,0.0,practice_test,1696.0,advanced,0,0,0.0,0,0,0.0,0,0,0.0,0.9207260613687934,0.0,0,101.0185740911242,32,1.0,0.9207260613687934,-29,0,advanced,1667,0.0,0,0,0.0,0,0,0.0,-29,medium,medium,Strong Performer,4
s69_t4,69,0,1706900164,ml-q21,general-aptitude,unknown,medium,1310,high,0.0,,standard,0,0,none,0.0,practice_test,1667.0,advanced,0,0,0.0,0,0,0.0,0,0,0.0,0.8864576236639505,0.0,1,28.41546354213303,32,1.0,0.8864576236639505,4,0,advanced,1671,0.0,0,0,0.0,0,0,0.0,4,medium,medium,Strong Performer,4
s69_t4,69,0,1706900165,ai-q27,artificial-intelligence,ai-search,hard,1870,high,0.0,breadth-first-search|depth-first-search|a-star|heuristics,standard,0,0,none,0.0,practice_test,1671.0,advanced,0,0,0.0,0,0,0.0,0,0,0.0,0.2413053798531443,0.0,1,58.30739651016914,32,1.0,0.2413053798531443,24,0,advanced,1695,0.0,0,0,0.0,0,0,0.0,24,hard,hard,Strong Performer,8
s69_t4,69,0,1706900166,co-q6,calculus-optimization,co-optimization,medium,1350,high,0.0,critical-points|extrema|optimization|lagrange-multipliers,standard,0,0,none,0.0,practice_test,1695.0,advanced,0,0,0.0,0,0,0.0,0,0,0.0,0.8793171534540078,0.0,1,106.59670952073265,32,1.0,0.8793171534540078,4,0,advanced,1699,0.0,0,0,0.0,0,0,0.0,4,medium,medium,Strong Performer,4
s69_t4,69,0,1706900167,ds-q295,machine-learning,machine-learning,medium,1460,high,0.0,supervised|unsupervised|reinforcement|evaluation,standard,0,0,none,0.0,practice_test,1699.0,advanced,0,0,0.0,0,0,0.0,0,0,0.0,0.7983147441549775,0.0,1,107.36512769710426,32,1.0,0.7983147441549775,6,0,advanced,1705,0.0,0,0,0.0,0,0,0.0,6,medium,medium,Strong Performer,6
s69_t4,69,0,1706900168,ga-q27,general-aptitude,ga-quantitative-aptitude,easy,730,low,0.0,arithmetic|algebra|geometry|permutations|combinations,standard,0,0,none,0.0,practice_test,1705.0,advanced,0,0,0.0,0,0,0.0,0,0,0.0,0.9963615454222018,0.0,1,59.41703111800254,32,1.0,0.9963615454222018,0,0,advanced,1705,0.0,0,0,0.0,0,0,0.0,0,easy,easy,Strong Performer,2
s69_t4,69,0,1706900169,dsa-q10,programming-dsa,dsa-trees,medium,1200,medium,0.0,binary-trees|bst|tree-traversal|balanced-trees,standard,0,0,none,0.0,practice_test,1705.0,advanced,0,0,0.0,0,0,0.0,0,0,0.0,0.9481920611104496,0.0,1,44.14410751748802,32,1.0,0.9481920611104496,2,0,advanced,1707,0.0,0,0,0.0,0,0,0.0,2,medium,medium,Strong Performer,4
s69_t4,69,0,1706900170,dsa-q25,programming-dsa,dsa-arrays,easy,840,low,0.0,array-operations|indexing|searching|sorting,standard,0,0,none,0.0,practice_test,1707.0,advanced,0,0,0.0,0,0,0.0,0,0,0.0,0.9932460653629872,0.0,1,82.11377082939448,32,1.0,0.9932460653629872,0,0,advanced,1707,0.0,0,0,0.0,0,0,0.0,0,easy,easy,Strong Performer,2
s69_t4,69,0,1706900171,dbms-q17,dbms,dbms-sql,hard,1660,high,0.0,select|joins|group-by|aggregation,standard,0,0,none,0.0,practice_test,1707.0,advanced,0,0,0.0,0,0,0.0,0,0,0.0,0.5672288443429522,0.0,1,12.257205173575276,32,1.0,0.5672288443429522,14,0,advanced,1721,0.0,0,0,0.0,0,0,0.0,14,hard,hard,Strong Performer,6
s69_t4,69,0,1706900172,ml-q22,general-aptitude,unknown,easy,1340,high,0.0,,standard,0,0,none,0.0,practice_test,1721.0,advanced,0,0,0.0,0,0,0.0,0,0,0.0,0.8996383151500511,0.0,1,85.23293319124119,32,1.0,0.8996383151500511,3,0,advanced,1724,0.0,0,0,0.0,0,0,0.0,3,easy,easy,Strong Performer,4
s69_t4,69,0,1706900173,ga-q4,general-aptitude,ga-quantitative-aptitude,easy,870,low,0.0,arithmetic|algebra|geometry|permutations|combinations,standard,0,0,none,0.0,practice_test,1724.0,advanced,0,0,0.0,0,0,0.0,0,0,0.0,0.992725067161223,0.0,1,73.44081041089794,32,1.0,0.992725067161223,0,0,advanced,1724,0.0,0,0,0.0,0,0,0.0,0,easy,easy,Strong Performer,2
s69_t4,69,0,1706900174,dsa-q4,programming-dsa,dsa-complexity,easy,960,medium,0.0,time-complexity|space-complexity|big-o-notation,standard,0,0,none,0.0,practice_test,1724.0,advanced,0,0,0.0,0,0,0.0,0,0,0.0,0.9878468289598468,0.0,1,50.17506740861343,32,1.0,0.9878468289598468,0,0,advanced,1724,0.0,0,0,0.0,0,0,0.0,0,easy,easy,Strong Performer,2
s69_t4,69,0,1706900175,ds-q134,artificial-intelligence,verbal-reasoning,medium,1060,medium,0.0,comprehension|sentence-correction|para-jumbles,standard,0,0,none,0.0,practice_test,1724.0,advanced,0,0,0.0,0,0,0.0,0,0,0.0,0.9785907667495398,0.0,1,31.78672851636687,32,1.0,0.9785907667495398,1,0,advanced,1725,0.0,0,0,0.0,0,0,0.0,1,medium,medium,Strong Performer,4
s69_t4,69,0,1706900176,ds-q79,calculus-optimization,calculus,easy,910,medium,0.0,derivatives|integrals|limits|continuity,standard,0,0,none,0.0,practice_test,1725.0,advanced,0,0,0.0,0,0,0.0,0,0,0.0,0.9909106153838612,0.0,1,67.20952825745678,32,1.0,0.9909106153838612,0,0,advanced,1725,0.0,0,0,0.0,0,0,0.0,0,easy,easy,Strong Performer,2
s69_t4,69,0,1706900177,ga-q14,general-aptitude,ga-logical-reasoning,easy,850,low,0.0,syllogisms|logical-deduction|critical-reasoning,standard,0,0,none,0.0,practice_test,1725.0,advanced,0,0,0.0,0,0,0.0,0,0,0.0,0.9935480812594234,0.0,1,87.67224824077209,32,1.0,0.9935480812594234,0,0,advanced,1725,0.0,0,0,0.0,0,0,0.0,0,easy,easy,Strong Performer,2
s69_t4,69,0,1706900178,dbms-q8,dbms,dbms-sql,medium,1200,medium,0.0,select|joins|group-by|aggregation,standard,0,0,none,0.0,practice_test,1725.0,advanced,0,0,0.0,0,0,0.0,0,0,0.0,0.953564505277882,0.0,1,71.34753754428321,32,1.0,0.953564505277882,1,0,advanced,1726,0.0,0,0,0.0,0,0,0.0,1,medium,medium,Strong Performer,4
s69_t4,69,0,1706900179,ds-q107,dbms,dbms,medium,1320,high,0.0,database-fundamentals|acid-properties|transactions,standard,0,0,none,0.0,practice_test,1726.0,advanced,0,0,0.0,0,0,0.0,0,0,0.0,0.9119053076034236,0.0,1,60.4674834613053,32,1.0,0.9119053076034236,3,0,advanced,1729,0.0,0,0,0.0,0,0,0.0,3,medium,medium,Strong Performer,4
s69_t4,69,0,1706900180,ds-q391,probability-statistics,probability,medium,1270,medium,0.0,sample-spaces|events|conditional-probability|independence,standard,0,0,none,0.0,practice_test,1729.0,advanced,0,0,0.0,0,0,0.0,0,0,0.0,0.9335296284754416,0.0,1,92.03113033985576,32,1.0,0.9335296284754416,2,0,advanced,1731,0.0,0,0,0.0,0,0,0.0,2,medium,medium,Strong Performer,4
s69_t4,69,0,1706900181,la-33,linear-algebra,la-eigenvalues,hard,1360,high,0.0,,standard,0,0,none,0.0,practice_test,1731.0,advanced,0,0,0.0,0,0,0.0,0,0,0.0,0.8943199698511277,0.0,1,114.67169905484036,32,1.0,0.8943199698511277,3,0,advanced,1734,0.0,0,0,0.0,0,0,0.0,3,hard,hard,Strong Performer,4
s69_t4,69,0,1706900182,ds-q304,machine-learning,machine-learning,medium,1360,high,0.0,supervised|unsupervised|reinforcement|evaluation,standard,0,0,none,0.0,practice_test,1734.0,advanced,0,0,0.0,0,0,0.0,0,0,0.0,0.8959410508417222,0.0,1,83.14581438238648,32,1.0,0.8959410508417222,3,0,advanced,1737,0.0,0,0,0.0,0,0,0.0,3,medium,medium,Strong Performer,4
s69_t4,69,0,1706900183,dsa-q9,programming-dsa,dsa-complexity,medium,1200,medium,0.0,time-complexity|space-complexity|big-o-notation,standard,0,0,none,0.0,practice_test,1737.0,advanced,0,0,0.0,0,0,0.0,0,0,0.0,0.956529142588606,0.0,1,100.256114686998,32,1.0,0.956529142588606,1,0,advanced,1738,0.0,0,0,0.0,0,0,0.0,1,medium,medium,Strong Performer,4
s69_t4,69,0,1706900184,ds-q183,machine-learning,machine-learning,medium,1160,medium,0.0,supervised|unsupervised|reinforcement|evaluation,standard,0,0,none,0.0,practice_test,1738.0,advanced,0,0,0.0,0,0,0.0,0,0,0.0,0.9653514200696306,0.0,1,28.36158192171116,32,1.0,0.9653514200696306,1,0,advanced,1739,0.0,0,0,0.0,0,0,0.0,1,medium,medium,Strong Performer,4
s70_t6,70,1,1707000215,co-q66,calculus-optimization,co-optimization,medium,1480,high,0.0,critical-points|extrema|optimization|lagrange-multipliers|convexity|gradient-descent,standard,0,0,none,0.0,practice_test,1588.0,advanced,0,0,0.0,0,0,0.0,0,0,0.0,0.6506046279338725,0.0,1,89.95361419035072,32,1.0,0.6506046279338725,11,0,advanced,1599,0.0,0,0,0.0,0,0,0.0,11,medium,medium,Strong Performer,6
s70_t6,70,1,1707000216,la-q10,linear-algebra,la-matrix,medium,1200,medium,0.0,addition|scalar-multiplication|matrix-multiplication|determinants|minors|cofactors|symmetric|orthogonal,standard,0,0,none,0.0,practice_test,1599.0,advanced,0,0,0.0,0,0,0.0,0,0,0.0,0.9086140467149136,0.0,1,74.77918186779246,32,1.0,0.9086140467149136,3,0,advanced,1602,0.0,0,0,0.0,0,0,0.0,3,medium,medium,Strong Performer,4
s70_t6,70,1,1707000217,ga-q9,general-aptitude,ga-logical-reasoning,easy,960,medium,0.0,syllogisms|logical-deduction|critical-reasoning,standard,0,0,none,0.0,practice_test,1602.0,advanced,0,0,0.0,0,0,0.0,0,0,0.0,0.9757703240518194,0.0,1,99.9711450237628,32,1.0,0.9757703240518194,1,0,advanced,1603,0.0,0,0,0.0,0,0,0.0,1,easy,easy,Strong Performer,2
s70_t6,70,1,1707000218,la-q38,linear-algebra,la-matrices,medium,1390,high,0.0,addition|scalar-multiplication|matrix-multiplication|determinants|minors|cofactors|symmetric|orthogonal,standard,0,0,none,0.0,practice_test,1603.0,advanced,0,0,0.0,0,0,0.0,0,0,0.0,0.7731399130767673,0.0,1,104.22504536625608,32,1.0,0.7731399130767673,7,0,advanced,1610,0.0,0,0,0.0,0,0,0.0,7,medium,medium,Strong Performer,4
s70_t6,70,1,1707000219,dbms-q35,dbms,dbms-sql,easy,750,low,0.0,select|joins|group-by|aggregation,standard,0,0,none,0.0,practice_test,1610.0,advanced,0,0,0.0,0,0,0.0,0,0,0.0,0.9929703085603608,0.0,1,92.64522239138849,32,1.0,0.9929703085603608,0,0,advanced,1610,0.0,0,0,0.0,0,0,0.0,0,easy,easy,Strong Performer,2
s70_t6,70,1,1707000220,dsa-q60,programming-dsa,dsa-trees,medium,1050,medium,0.0,binary-trees|bst|tree-traversal|balanced-trees,standard,0,0,none,0.0,practice_test,1610.0,advanced,0,0,0.0,0,0,0.0,0,0,0.0,0.9617134961177454,0.0,1,97.92507914751492,32,1.0,0.9617134961177454,1,0,advanced,1611,0.0,0,0,0.0,0,0,0.0,1,medium,medium,Strong Performer,2
s70_t6,70,1,1707000221,dsa-q77,programming-dsa,dsa-complexity,medium,1180,medium,0.0,time-complexity|space-complexity|big-o-notation,standard,0,0,none,0.0,practice_test,1611.0,advanced,0,0,0.0,0,0,0.0,0,0,0.0,0.9228015935156196,0.0,1,93.43341944112794,32,1.0,0.9228015935156196,2,0,advanced,1613,0.0,0,0,0.0,0,0,0.0,2,medium,medium,Strong Performer,4
s70_t6,70,1,1707000222,dsa-q18,programming-dsa,dsa-trees,medium,1130,medium,0.0,binary-trees|bst|tree-traversal|balanced-trees,standard,0,0,none,0.0,practice_test,1613.0,advanced,0,0,0.0,0,0,0.0,0,0,0.0,0.941605874447001,0.0,1,49.04504789321809,32,1.0,0.941605874447001,2,0,advanced,1615,0.0,0,0,0.0,0,0,0.0,2,medium,medium,Strong Performer,4
s70_t6,70,1,1707000223,ds-q191,probability-statistics,probability,hard,2090,high,0.0,sample-spaces|events|conditional-probability|independence,standard,0,0,none,0.0,practice_test,1615.0,advanced,0,0,0.0,0,0,0.0,0,0,0.0,0.0609783416579556,0.0,0,32.923050557715015,32,1.0,0.0609783416579556,-2,0,advanced,1613,0.0,0,0,0.0,0,0,0.0,-2,hard,hard,Strong Performer,8
s70_t6,70,1,1707000224,ps-q51,probability-statistics,ps-probability,medium,1450,high,0.0,basic-probability|bayes-theorem|conditional-probability|independence|random-variables,standard,0,0,none,0.0,practice_test,1613.0,advanced,0,0,0.0,0,0,0.0,0,0,0.0,0.718756829898782,0.0,0,38.09920339261641,32,1.0,0.718756829898782,-23,0,advanced,1590,0.0,0,0,0.0,0,0,0.0,-23,medium,medium,Strong Performer,6
s70_t6,70,1,1707000225,ds-q324,machine-learning,machine-learning,hard,2000,high,0.0,supervised|unsupervised|reinforcement|evaluation,standard,0,0,none,0.0,practice_test,1590.0,advanced,0,0,0.0,0,0,0.0,0,0,0.0,0.0862623926308338,0.0,1,57.815816777154936,32,1.0,0.0862623926308338,29,0,advanced,1619,0.0,0,0,0.0,0,0,0.0,29,hard,hard,Strong Performer,8
s70_t6,70,1,1707000226,ds-q210,artificial-intelligence,databases,easy,970,medium,0.0,sql|relational-model|keys|joins,standard,0,0,none,0.0,practice_test,1619.0,advanced,0,0,0.0,0,0,0.0,0,0,0.0,0.9767049635264208,0.0,1,77.69801530928632,32,1.0,0.9767049635264208,1,0,advanced,1620,0.0,0,0,0.0,0,0,0.0,1,easy,easy,Strong Performer,2
s70_t6,70,1,1707000227,dsa-q49,programming-dsa,dsa-trees,easy,1250,medium,0.0,binary-trees|bst|tree-traversal|balanced-trees,standard,0,0,none,0.0,practice_test,1620.0,advanced,0,0,0.0,0,0,0.0,0,0,0.0,0.8937746801781464,0.0,1,82.96914580675079,32,1.0,0.8937746801781464,3,0,advanced,1623,0.0,0,0,0.0,0,0,0.0,3,easy,easy,Strong Performer,4
s70_t6,70,1,1707000228,dsa-q56,programming-dsa,dsa-trees,hard,2400,high,0.0,binary-trees|bst|tree-traversal|balanced-trees,standard,0,0,none,0.0,practice_test,1623.0,advanced,0,0,0.0,0,0,0.0,0,0,0.0,0.0112867872249579,0.0,0,90.87604141966632,32,1.0,0.0112867872249579,0,0,advanced,1623,0.0,0,0,0.0,0,0,0.0,0,hard,hard,Strong Performer,10
s70_t6,70,1,1707000229,ga-q27,general-aptitude,ga-quantitative-aptitude,easy,730,low,0.0,arithmetic|algebra|geometry|permutations|combinations,standard,0,0,none,0.0,practice_test,1623.0,advanced,0,0,0.0,0,0,0.0,0,0,0.0,0.9941794399053988,0.0,1,47.54238451327484,32,1.0,0.9941794399053988,0,0,advanced,1623,0.0,0,0,0.0,0,0,0.0,0,easy,easy,Strong Performer,2
s70_t6,70,1,1707000230,la-23,linear-algebra,la-matrices,hard,1510,high,0.0,,standard,0,0,none,0.0,practice_test,1623.0,advanced,0,0,0.0,0,0,0.0,0,0,0.0,0.6571186864870786,0.0,1,101.77731513864757,32,1.0,0.6571186864870786,11,0,advanced,1634,0.0,0,0,0.0,0,0,0.0,11,hard,hard,Strong Performer,6
s70_t6,70,1,1707000231,ml-q83,machine-learning,ml-supervised,medium,1260,medium,0.0,linear-regression|logistic-regression|decision-trees|svm|naive-bayes|ensemble-methods,standard,0,0,none,0.0,practice_test,1634.0,advanced,0,0,0.0,0,0,0.0,0,0,0.0,0.8959410508417222,0.0,1,45.88465516045695,32,1.0,0.8959410508417222,3,0,advanced,1637,0.0,0,0,0.0,0,0,0.0,3,medium,medium,Strong Performer,4
s70_t6,70,1,1707000232,ds-q434,dbms,dbms,medium,1290,medium,0.0,database-fundamentals|acid-properties|transactions,standard,0,0,none,0.0,practice_test,1637.0,advanced,0,0,0.0,0,0,0.0,0,0,0.0,0.8805335622474012,0.0,1,88.30954364308363,32,1.0,0.8805335622474012,4,0,advanced,1641,0.0,0,0,0.0,0,0,0.0,4,medium,medium,Strong Performer,4
s70_t6,70,1,1707000233,ga-q15,general-aptitude,ga-quantitative-aptitude,easy,800,low,0.0,arithmetic|algebra|geometry|permutations|combinations,standard,0,0,none,0.0,practice_test,1641.0,advanced,0,0,0.0,0,0,0.0,0,0,0.0,0.9921641962431724,0.0,1,71.37138699626044,32,1.0,0.9921641962431724,0,0,advanced,1641,0.0,0,0,0.0,0,0,0.0,0,easy,easy,Strong Performer,2
s70_t6,70,1,1707000234,ds-q64,artificial-intelligence,regularization,easy,1300,medium,0.0,l1-regularization|l2-regularization|dropout,standard,0,0,none,0.0,practice_test,1641.0,advanced,0,0,0.0,0,0,0.0,0,0,0.0,0.8768522650807969,0.0,1,122.19993948809548,32,1.0,0.8768522650807969,4,0,advanced,1645,0.0,0,0,0.0,0,0,0.0,4,easy,easy,Strong Performer,4
s70_t6,70,1,1707000235,ds-q215,probability-statistics,probability,easy,870,low,0.0,sample-spaces|events|conditional-probability|independence,standard,0,0,none,0.0,practice_test,1645.0,advanced,0,0,0.0,0,0,0.0,0,0,0.0,0.9885840099495816,0.0,1,58.049354886477616,32,1.0,0.9885840099495816,0,0,advanced,1645,0.0,0,0,0.0,0,0,0.0,0,easy,easy,Strong Performer,2
s70_t6,70,1,1707000236,ga-q17,general-aptitude,ga-quantitative-aptitude,medium,1290,medium,0.0,arithmetic|algebra|geometry|permutations|combinations,standard,0,0,none,0.0,practice_test,1645.0,advanced,0,0,0.0,0,0,0.0,0,0,0.0,0.8852936760540788,0.0,1,30.975649570922144,32,1.0,0.8852936760540788,4,0,advanced,1649,0.0,0,0,0.0,0,0,0.0,4,medium,medium,Strong Performer,4
s70_t6,70,1,1707000237,co-q6,calculus-optimization,co-optimization,medium,1350,high,0.0,critical-points|extrema|optimization|lagrange-multipliers,standard,0,0,none,0.0,practice_test,1649.0,advanced,0,0,0.0,0,0,0.0,0,0,0.0,0.8482810687127118,0.0,1,29.7283294401776,32,1.0,0.8482810687127118,5,0,advanced,1654,0.0,0,0,0.0,0,0,0.0,5,medium,medium,Strong Performer,4
s70_t6,70,1,1707000238,ga-q3,general-aptitude,ga-quantitative-aptitude,easy,820,low,0.0,arithmetic|algebra|geometry|permutations|combinations,standard,0,0,none,0.0,practice_test,1654.0,advanced,0,0,0.0,0,0,0.0,0,0,0.0,0.9918446304274158,0.0,1,67.57427635380161,32,1.0,0.9918446304274158,0,0,advanced,1654,0.0,0,0,0.0,0,0,0.0,0,easy,easy,Strong Performer,2
s70_t6,70,1,1707000239,ps-q52,probability-statistics,ps-probability,medium,1060,medium,0.0,basic-probability|bayes-theorem|conditional-probability|independence|random-variables,standard,0,0,none,0.0,practice_test,1654.0,advanced,0,0,0.0,0,0,0.0,0,0,0.0,0.9683034863911132,0.0,1,26.4111913549723,32,1.0,0.9683034863911132,1,0,advanced,1655,0.0,0,0,0.0,0,0,0.0,1,medium,medium,Strong Performer,4
s70_t6,70,1,1707000240,co-q77,calculus-optimization,co-optimization,medium,1120,medium,0.0,critical-points|extrema|optimization|lagrange-multipliers|convexity|gradient-descent,standard,0,0,none,0.0,practice_test,1655.0,advanced,0,0,0.0,0,0,0.0,0,0,0.0,0.9560478979006848,0.0,1,59.695576502485125,32,1.0,0.9560478979006848,1,0,advanced,1656,0.0,0,0,0.0,0,0,0.0,1,medium,medium,Strong Performer,4
s70_t6,70,1,1707000241,ml-q100,machine-learning,ml-unsupervised,easy,960,medium,0.0,clustering|k-means|hierarchical-clustering|dimensionality-reduction|pca,standard,0,0,none,0.0,practice_test,1656.0,advanced,0,0,0.0,0,0,0.0,0,0,0.0,0.9821282046277382,0.0,1,56.932326549069295,32,1.0,0.9821282046277382,1,0,advanced,1657,0.0,0,0,0.0,0,0,0.0,1,easy,easy,Strong Performer,2
s70_t6,70,1,1707000242,la-q33,linear-algebra,la-matrices,hard,2330,high,0.0,addition|scalar-multiplication|matrix-multiplication|determinants|minors|cofactors|symmetric|orthogonal,standard,0,0,none,0.0,practice_test,1657.0,advanced,0,0,0.0,0,0,0.0,0,0,0.0,0.0203502997214468,0.0,0,59.50994914480918,32,1.0,0.0203502997214468,-1,0,advanced,1656,0.0,0,0,0.0,0,0,0.0,-1,hard,hard,Strong Performer,10
s70_t6,70,1,1707000243,ps-q5,probability-statistics,ps-probability,easy,940,medium,0.0,probability-theory|conditional-probability|independence,standard,0,0,none,0.0,practice_test,1656.0,advanced,0,0,0.0,0,0,0.0,0,0,0.0,0.9840407281093976,0.0,1,108.7848290948838,32,1.0,0.9840407281093976,1,0,advanced,1657,0.0,0,0,0.0,0,0,0.0,1,easy,easy,Strong Performer,2
s70_t6,70,1,1707000244,dsa-q5,programming-dsa,dsa-complexity,easy,980,medium,0.0,time-complexity|space-complexity|big-o-notation,standard,0,0,none,0.0,practice_test,1657.0,advanced,0,0,0.0,0,0,0.0,0,0,0.0,0.980103713110034,0.0,1,49.46911865953757,32,1.0,0.980103713110034,1,0,advanced,1658,0.0,0,0,0.0,0,0,0.0,1,easy,easy,Strong Performer,2
s70_t6,70,1,1707000245,ga-q29,general-aptitude,ga-logical-reasoning,easy,800,low,0.0,syllogisms|logical-deduction|critical-reasoning,standard,0,0,none,0.0,practice_test,1658.0,advanced,0,0,0.0,0,0,0.0,0,0,0.0,0.992889487365535,0.0,1,55.95624520691991,32,1.0,0.992889487365535,0,0,advanced,1658,0.0,0,0,0.0,0,0,0.0,0,easy,easy,Strong Performer,2
s70_t6,70,1,1707000246,dsa-q45,programming-dsa,dsa-trees,easy,730,low,0.0,binary-trees|bst|tree-traversal|balanced-trees,standard,0,0,none,0.0,practice_test,1658.0,advanced,0,0,0.0,0,0,0.0,0,0,0.0,0.9952364986277892,0.0,1,52.541243594340266,32,1.0,0.9952364986277892,0,0,advanced,1658,0.0,0,0,0.0,0,0,0.0,0,easy,easy,Strong Performer,2
s70_t6,70,1,1707000247,la-q15,linear-algebra,la-eigenvalues,hard,1700,high,0.0,eigenvalues|eigenvectors|diagonalization|spectral-theorem,standard,0,0,none,0.0,practice_test,1658.0,advanced,0,0,0.0,0,0,0.0,0,0,0.0,0.4398498547680971,0.0,1,62.411920513776295,32,1.0,0.4398498547680971,18,0,advanced,1676,0.0,0,0,0.0,0,0,0.0,18,hard,hard,Strong Performer,6
s70_t6,70,1,1707000248,ml-q33,machine-learning,ml-supervised,medium,1240,medium,0.0,linear-regression|logistic-regression|decision-trees|svm,standard,0,0,none,0.0,practice_test,1676.0,advanced,0,0,0.0,0,0,0.0,0,0,0.0,0.9248272212397116,0.0,1,125.30160049024596,32,1.0,0.9248272212397116,2,0,advanced,1678,0.0,0,0,0.0,0,0,0.0,2,medium,medium,Strong Performer,4
s70_t6,70,1,1707000249,ds-q160,machine-learning,machine-learning,medium,1100,medium,0.0,supervised|unsupervised|reinforcement|evaluation,standard,0,0,none,0.0,practice_test,1678.0,advanced,0,0,0.0,0,0,0.0,0,0,0.0,0.9653514200696306,0.0,1,97.66750743415508,32,1.0,0.9653514200696306,1,0,advanced,1679,0.0,0,0,0.0,0,0,0.0,1,medium,medium,Strong Performer,4
s70_t6,70,1,1707000250,dsa-q10,programming-dsa,dsa-trees,medium,1200,medium,0.0,binary-trees|bst|tree-traversal|balanced-trees,standard,0,0,none,0.0,practice_test,1679.0,advanced,0,0,0.0,0,0,0.0,0,0,0.0,0.9403268663710864,0.0,1,103.5624905252754,32,1.0,0.9403268663710864,2,0,advanced,1681,0.0,0,0,0.0,0,0,0.0,2,medium,medium,Strong Performer,4
s70_t6,70,1,1707000251,ps-q93,probability-statistics,ps-hypothesis,medium,1100,medium,0.0,hypothesis-testing|p-value|type-I-error|type-II-error|t-test|significance-level,standard,0,0,none,0.0,practice_test,1681.0,advanced,0,0,0.0,0,0,0.0,0,0,0.0,0.9659244284031272,0.0,1,61.999243694151815,32,1.0,0.9659244284031272,1,0,advanced,1682,0.0,0,0,0.0,0,0,0.0,1,medium,medium,Strong Performer,4
s70_t6,70,1,1707000252,ga-q21,general-aptitude,ga-verbal-reasoning,easy,750,low,0.0,reading-comprehension|vocabulary|sentence-correction|para-jumbles,standard,0,0,none,0.0,practice_test,1682.0,advanced,0,0,0.0,0,0,0.0,0,0,0.0,0.99534442435047,0.0,0,83.99942535880166,32,1.0,0.99534442435047,-32,0,advanced,1650,0.0,0,0,0.0,0,0,0.0,-32,easy,easy,Strong Performer,2
s70_t6,70,1,1707000253,dbms-q42,dbms,dbms-sql,medium,730,low,0.0,select|joins|group-by|aggregation,standard,0,0,none,0.0,practice_test,1650.0,advanced,0,0,0.0,0,0,0.0,0,0,0.0,0.995013121263312,0.0,1,45.97386498598893,32,1.0,0.995013121263312,0,0,advanced,1650,0.0,0,0,0.0,0,0,0.0,0,medium,medium,Strong Performer,2
s70_t6,70,1,1707000254,ds-q158,artificial-intelligence,algorithms,easy,910,medium,0.0,sorting|searching|dynamic-programming|greedy,standard,0,0,none,0.0,practice_test,1650.0,advanced,0,0,0.0,0,0,0.0,0,0,0.0,0.9860713716585464,0.0,1,104.63736141450649,32,1.0,0.9860713716585464,0,0,advanced,1650,0.0,0,0,0.0,0,0,0.0,0,easy,easy,Strong Performer,2
s79_t6,79,1,1707900215,dsa-q29,programming-dsa,dsa-arrays,medium,1370,high,0.0,array-operations|indexing|searching|sorting,standard,0,0,none,0.0,practice_test,1608.0,advanced,0,0,0.0,0,0,0.0,0,0,0.0,0.7973863140277038,0.0,1,91.991395914104,32,1.0,0.7973863140277038,6,0,advanced,1614,0.0,0,0,0.0,0,0,0.0,6,medium,medium,Strong Performer,4
s79_t6,79,1,1707900216,ga-q28,general-aptitude,ga-logical-reasoning,medium,1010,medium,0.0,syllogisms|logical-deduction|critical-reasoning,standard,0,0,none,0.0,practice_test,1614.0,advanced,0,0,0.0,0,0,0.0,0,0,0.0,0.970023410840484,0.0,1,22.28004358052935,32,1.0,0.970023410840484,1,0,advanced,1615,0.0,0,0,0.0,0,0,0.0,1,medium,medium,Strong Performer,2
s79_t6,79,1,1707900217,dsa-q27,programming-dsa,dsa-arrays,easy,990,medium,0.0,array-operations|indexing|searching|sorting,standard,0,0,none,0.0,practice_test,1615.0,advanced,0,0,0.0,0,0,0.0,0,0,0.0,0.9733457099689408,0.0,1,97.25322407466504,32,1.0,0.9733457099689408,1,0,advanced,1616,0.0,0,0,0.0,0,0,0.0,1,easy,easy,Strong Performer,2
s79_t6,79,1,1707900218,dsa-q81,programming-dsa,dsa-complexity,medium,1310,high,0.0,time-complexity|space-complexity|big-o-notation,standard,0,0,none,0.0,practice_test,1616.0,advanced,0,0,0.0,0,0,0.0,0,0,0.0,0.8533946221118819,0.0,1,46.10110210077801,32,1.0,0.8533946221118819,5,0,advanced,1621,0.0,0,0,0.0,0,0,0.0,5,medium,medium,Strong Performer,4
s79_t6,79,1,1707900219,ml-q27,machine-learning,ml-supervised,medium,1430,high,0.0,linear-regression|logistic-regression|decision-trees|svm,standard,0,0,none,0.0,practice_test,1621.0,advanced,0,0,0.0,0,0,0.0,0,0,0.0,0.750163481828642,0.0,0,49.74268367692329,32,1.0,0.750163481828642,-24,0,advanced,1597,0.0,0,0,0.0,0,0,0.0,-24,medium,medium,Strong Performer,6
s79_t6,79,1,1707900220,la-29,linear-algebra,la-matrices,medium,1210,medium,0.0,,standard,0,0,none,0.0,practice_test,1597.0,advanced,0,0,0.0,0,0,0.0,0,0,0.0,0.9027140342685218,0.0,1,90.75146486989526,32,1.0,0.9027140342685218,3,0,advanced,1600,0.0,0,0,0.0,0,0,0.0,3,medium,medium,Strong Performer,4
s79_t6,79,1,1707900221,ps-q44,probability-statistics,ps-probability,medium,1180,medium,0.0,basic-probability|bayes-theorem|conditional-probability|independence|random-variables,standard,0,0,none,0.0,practice_test,1600.0,advanced,0,0,0.0,0,0,0.0,0,0,0.0,0.918168175244848,0.0,1,37.41977598556426,32,1.0,0.918168175244848,3,0,advanced,1603,0.0,0,0,0.0,0,0,0.0,3,medium,medium,Strong Performer,4
s79_t6,79,1,1707900222,ga-q9,general-aptitude,ga-logical-reasoning,easy,960,medium,0.0,syllogisms|logical-deduction|critical-reasoning,standard,0,0,none,0.0,practice_test,1603.0,advanced,0,0,0.0,0,0,0.0,0,0,0.0,0.975906049696468,0.0,1,25.112960816593308,32,1.0,0.975906049696468,1,0,advanced,1604,0.0,0,0,0.0,0,0,0.0,1,easy,easy,Strong Performer,2
s79_t6,79,1,1707900223,ga-q18,general-aptitude,ga-quantitative-aptitude,medium,1190,medium,0.0,arithmetic|algebra|geometry|permutations|combinations,standard,0,0,none,0.0,practice_test,1604.0,advanced,0,0,0.0,0,0,0.0,0,0,0.0,0.9155353267032756,0.0,1,40.07952242142495,32,1.0,0.9155353267032756,3,0,advanced,1607,0.0,0,0,0.0,0,0,0.0,3,medium,medium,Strong Performer,4
s79_t6,79,1,1707900224,la-44,linear-algebra,la-eigenvalues,hard,1510,high,0.0,,standard,0,0,none,0.0,practice_test,1607.0,advanced,0,0,0.0,0,0,0.0,0,0,0.0,0.6360768996878818,0.0,1,71.66650254891246,32,1.0,0.6360768996878818,12,0,advanced,1619,0.0,0,0,0.0,0,0,0.0,12,hard,hard,Strong Performer,6
s79_t6,79,1,1707900225,ps-q20,probability-statistics,ps-probability,easy,960,medium,0.0,probability-theory|conditional-probability|independence,standard,0,0,none,0.0,practice_test,1619.0,advanced,0,0,0.0,0,0,0.0,0,0,0.0,0.977979372287188,0.0,1,67.52645122378144,32,1.0,0.977979372287188,1,0,advanced,1620,0.0,0,0,0.0,0,0,0.0,1,easy,easy,Strong Performer,2
s79_t6,79,1,1707900226,ml-q118,machine-learning,ml-unsupervised,hard,1500,high,0.0,clustering|k-means|hierarchical-clustering|dimensionality-reduction|pca,standard,0,0,none,0.0,practice_test,1620.0,advanced,0,0,0.0,0,0,0.0,0,0,0.0,0.6661394245831221,0.0,1,91.93194161029749,32,1.0,0.6661394245831221,11,0,advanced,1631,0.0,0,0,0.0,0,0,0.0,11,hard,hard,Strong Performer,6
s79_t6,79,1,1707900227,ps-q47,probability-statistics,ps-probability,medium,1210,medium,0.0,basic-probability|bayes-theorem|conditional-probability|independence|random-variables,standard,0,0,none,0.0,practice_test,1631.0,advanced,0,0,0.0,0,0,0.0,0,0,0.0,0.9185996494207048,0.0,1,89.60346060239146,32,1.0,0.9185996494207048,3,0,advanced,1634,0.0,0,0,0.0,0,0,0.0,3,medium,medium,Strong Performer,4
s79_t6,79,1,1707900228,ds-q442,machine-learning,machine-learning,easy,850,low,0.0,supervised|unsupervised|reinforcement|evaluation,standard,0,0,none,0.0,practice_test,1634.0,advanced,0,0,0.0,0,0,0.0,0,0,0.0,0.9891541405229188,0.0,1,132.86782864312875,32,1.0,0.9891541405229188,0,0,advanced,1634,0.0,0,0,0.0,0,0,0.0,0,easy,easy,Strong Performer,2
s79_t6,79,1,1707900229,ds-q445,artificial-intelligence,algorithms,easy,800,low,0.0,sorting|searching|dynamic-programming|greedy,standard,0,0,none,0.0,practice_test,1634.0,advanced,0,0,0.0,0,0,0.0,0,0,0.0,0.9918446304274158,0.0,1,78.64146842993144,32,1.0,0.9918446304274158,0,0,advanced,1634,0.0,0,0,0.0,0,0,0.0,0,easy,easy,Strong Performer,2
s79_t6,79,1,1707900230,ds-q119,dbms,dbms,medium,1260,medium,0.0,database-fundamentals|acid-properties|transactions,standard,0,0,none,0.0,practice_test,1634.0,advanced,0,0,0.0,0,0,0.0,0,0,0.0,0.8959410508417222,0.0,1,119.055604722841,32,1.0,0.8959410508417222,3,0,advanced,1637,0.0,0,0,0.0,0,0,0.0,3,medium,medium,Strong Performer,4
s79_t6,79,1,1707900231,dsa-q18,programming-dsa,dsa-trees,medium,1130,medium,0.0,binary-trees|bst|tree-traversal|balanced-trees,standard,0,0,none,0.0,practice_test,1637.0,advanced,0,0,0.0,0,0,0.0,0,0,0.0,0.9487547111474992,0.0,1,57.668842591816,32,1.0,0.9487547111474992,2,0,advanced,1639,0.0,0,0,0.0,0,0,0.0,2,medium,medium,Strong Performer,4
s79_t6,79,1,1707900232,co-q29,calculus-optimization,co-differentiation,medium,1460,high,0.0,partial-derivatives|chain-rule|product-rule|critical-points|gradients|implicit-differentiation,standard,0,0,none,0.0,practice_test,1639.0,advanced,0,0,0.0,0,0,0.0,0,0,0.0,0.7369947605406894,0.0,0,69.8707724505139,32,1.0,0.7369947605406894,-24,0,advanced,1615,0.0,0,0,0.0,0,0,0.0,-24,medium,medium,Strong Performer,6
s79_t6,79,1,1707900233,la-q36,linear-algebra,la-matrices,medium,1160,medium,0.0,addition|scalar-multiplication|matrix-multiplication|determinants|minors|cofactors|symmetric|orthogonal,standard,0,0,none,0.0,practice_test,1615.0,advanced,0,0,0.0,0,0,0.0,0,0,0.0,0.9320864847027436,0.0,1,105.27786523559242,32,1.0,0.9320864847027436,2,0,advanced,1617,0.0,0,0,0.0,0,0,0.0,2,medium,medium,Strong Performer,4
s79_t6,79,1,1707900234,ga-q22,general-aptitude,ga-quantitative-aptitude,easy,930,medium,0.0,arithmetic|algebra|geometry|permutations|combinations,standard,0,0,none,0.0,practice_test,1617.0,advanced,0,0,0.0,0,0,0.0,0,0,0.0,0.9811957652105316,0.0,1,106.34573266547255,32,1.0,0.9811957652105316,1,0,advanced,1618,0.0,0,0,0.0,0,0,0.0,1,easy,easy,Strong Performer,2
s79_t6,79,1,1707900235,ps-q59,probability-statistics,ps-distributions,medium,1170,medium,0.0,normal-distribution|binomial-distribution|poisson-distribution|cumulative-distribution|expected-value|variance,standard,0,0,none,0.0,practice_test,1618.0,advanced,0,0,0.0,0,0,0.0,0,0,0.0,0.9294909043747704,0.0,1,93.18193462229176,32,1.0,0.9294909043747704,2,0,advanced,1620,0.0,0,0,0.0,0,0,0.0,2,medium,medium,Strong Performer,4
s79_t6,79,1,1707900236,dsa-q46,programming-dsa,dsa-trees,medium,1350,high,0.0,binary-trees|bst|tree-traversal|balanced-trees,standard,0,0,none,0.0,practice_test,1620.0,advanced,0,0,0.0,0,0,0.0,0,0,0.0,0.8255259873611817,0.0,1,121.09213759845512,32,1.0,0.8255259873611817,6,0,advanced,1626,0.0,0,0,0.0,0,0,0.0,6,medium,medium,Strong Performer,4
s79_t6,79,1,1707900237,co-q71,calculus-optimization,co-optimization,medium,1060,medium,0.0,critical-points|extrema|optimization|lagrange-multipliers|convexity|gradient-descent,standard,0,0,none,0.0,practice_test,1626.0,advanced,0,0,0.0,0,0,0.0,0,0,0.0,0.9629651516287524,0.0,1,56.05478880584914,32,1.0,0.9629651516287524,1,0,advanced,1627,0.0,0,0,0.0,0,0,0.0,1,medium,medium,Strong Performer,4
s79_t6,79,1,1707900238,dbms-q58,dbms,dbms-normalization,medium,1350,high,0.0,functional-dependencies|closure-of-attributes|canonical-cover|lossless-join-decomposition|dependency-preservation|first-normal-form|second-normal-form|third-normal-form|boyce-codd-normal-form,standard,0,0,none,0.0,practice_test,1627.0,advanced,0,0,0.0,0,0,0.0,0,0,0.0,0.8312539156520465,0.0,1,102.52939125506268,32,1.0,0.8312539156520465,5,0,advanced,1632,0.0,0,0,0.0,0,0,0.0,5,medium,medium,Strong Performer,4
s79_t6,79,1,1707900239,ga-q5,general-aptitude,ga-logical-reasoning,easy,700,low,0.0,syllogisms|logical-deduction|critical-reasoning,standard,0,0,none,0.0,practice_test,1632.0,advanced,0,0,0.0,0,0,0.0,0,0,0.0,0.99534442435047,0.0,1,57.98654869900823,32,1.0,0.99534442435047,0,0,advanced,1632,0.0,0,0,0.0,0,0,0.0,0,easy,easy,Strong Performer,2
s79_t6,79,1,1707900240,ds-q106,dbms,dbms,medium,1080,medium,0.0,database-fundamentals|acid-properties|transactions,standard,0,0,none,0.0,practice_test,1632.0,advanced,0,0,0.0,0,0,0.0,0,0,0.0,0.9599813179829412,0.0,1,67.81831777155745,32,1.0,0.9599813179829412,1,0,advanced,1633,0.0,0,0,0.0,0,0,0.0,1,medium,medium,Strong Performer,4
s79_t6,79,1,1707900241,ml-q53,machine-learning,ml-supervised,easy,720,low,0.0,linear-regression|logistic-regression|decision-trees|svm,standard,0,0,none,0.0,practice_test,1633.0,advanced,0,0,0.0,0,0,0.0,0,0,0.0,0.9948091346389316,0.0,1,71.50794188910096,32,1.0,0.9948091346389316,0,0,advanced,1633,0.0,0,0,0.0,0,0,0.0,0,easy,easy,Strong Performer,2
s79_t6,79,1,1707900242,ds-q436,probability-statistics,conditional-probability,medium,1210,medium,0.0,bayes-rule|conditional-independence,standard,0,0,none,0.0,practice_test,1633.0,advanced,0,0,0.0,0,0,0.0,0,0,0.0,0.9194563824269116,0.0,0,17.298817909865523,32,1.0,0.9194563824269116,-29,0,advanced,1604,0.0,0,0,0.0,0,0,0.0,-29,medium,medium,Strong Performer,4
s79_t6,79,1,1707900243,dsa-q72,programming-dsa,dsa-complexity,medium,1080,medium,0.0,time-complexity|space-complexity|big-o-notation,standard,0,0,none,0.0,practice_test,1604.0,advanced,0,0,0.0,0,0,0.0,0,0,0.0,0.9533089469470878,0.0,1,45.59411081460525,32,1.0,0.9533089469470878,1,0,advanced,1605,0.0,0,0,0.0,0,0,0.0,1,medium,medium,Strong Performer,4
s79_t6,79,1,1707900244,ga-q11,general-aptitude,ga-verbal-reasoning,easy,830,low,0.0,reading-comprehension|vocabulary|sentence-correction|para-jumbles,standard,0,0,none,0.0,practice_test,1605.0,advanced,0,0,0.0,0,0,0.0,0,0,0.0,0.9885840099495816,0.0,1,11.979756703088295,32,1.0,0.9885840099495816,0,0,advanced,1605,0.0,0,0,0.0,0,0,0.0,0,easy,easy,Strong Performer,2
s79_t6,79,1,1707900245,ds-q338,artificial-intelligence,statistics,easy,750,low,0.0,descriptive-statistics|mean|variance|standard-deviation,standard,0,0,none,0.0,practice_test,1605.0,advanced,0,0,0.0,0,0,0.0,0,0,0.0,0.9927665226852324,0.0,0,84.89404428721392,32,1.0,0.9927665226852324,-32,0,advanced,1573,0.0,0,0,0.0,0,0,0.0,-32,easy,easy,Strong Performer,2
s79_t6,79,1,1707900246,dsa-q63,programming-dsa,dsa-trees,easy,820,low,0.0,binary-trees|bst|tree-traversal|balanced-trees,standard,0,0,none,0.0,practice_test,1573.0,advanced,0,0,0.0,0,0,0.0,0,0,0.0,0.9870626678999228,0.0,0,74.25823840299257,32,1.0,0.9870626678999228,-32,0,advanced,1541,0.0,0,0,0.0,0,0,0.0,-32,easy,easy,Strong Performer,2
s79_t6,79,1,1707900247,la-q2,linear-algebra,linear-systems,medium,1140,medium,0.0,gaussian-elimination|row-reduction|back-substitution,standard,0,0,none,0.0,practice_test,1541.0,advanced,0,0,0.0,0,0,0.0,0,0,0.0,0.909565530807434,0.0,1,111.89027815990796,32,1.0,0.909565530807434,3,0,advanced,1544,0.0,0,0,0.0,0,0,0.0,3,medium,medium,Strong Performer,4
s79_t6,79,1,1707900248,ml-q127,machine-learning,ml-evaluation,easy,940,medium,0.0,accuracy|precision|recall|f1-score|cross-validation,standard,0,0,none,0.0,practice_test,1544.0,advanced,0,0,0.0,0,0,0.0,0,0,0.0,0.970023410840484,0.0,1,66.95673809702211,32,1.0,0.970023410840484,1,0,advanced,1545,0.0,0,0,0.0,0,0,0.0,1,easy,easy,Strong Performer,2
s79_t6,79,1,1707900249,ds-q125,calculus-optimization,calculus,easy,970,medium,0.0,derivatives|integrals|limits|continuity,standard,0,0,none,0.0,practice_test,1545.0,advanced,0,0,0.0,0,0,0.0,0,0,0.0,0.964769127583238,0.0,1,20.23667812767404,32,1.0,0.964769127583238,1,0,advanced,1546,0.0,0,0,0.0,0,0,0.0,1,easy,easy,Strong Performer,2
s79_t6,79,1,1707900250,ds-q225,artificial-intelligence,programming,easy,740,low,0.0,c-programming|functions|pointers|memory,standard,0,0,none,0.0,practice_test,1546.0,advanced,0,0,0.0,0,0,0.0,0,0,0.0,0.9904319236953452,0.0,0,122.44145341836978,32,1.0,0.9904319236953452,-32,0,advanced,1514,0.0,0,0,0.0,0,0,0.0,-32,easy,easy,Strong Performer,2
s79_t6,79,1,1707900251,dsa-q10,programming-dsa,dsa-trees,medium,1200,medium,0.0,binary-trees|bst|tree-traversal|balanced-trees,standard,0,0,none,0.0,practice_test,1514.0,advanced,0,0,0.0,0,0,0.0,0,0,0.0,0.8590630023766738,0.0,1,52.08547195826532,32,1.0,0.8590630023766738,5,0,advanced,1519,0.0,0,0,0.0,0,0,0.0,5,medium,medium,Strong Performer,4
s79_t6,79,1,1707900252,la-q14,linear-algebra,la-eigenvalues,medium,1150,medium,0.0,eigenvalues|eigenvectors|diagonalization|spectral-theorem,standard,0,0,none,0.0,practice_test,1519.0,advanced,0,0,0.0,0,0,0.0,0,0,0.0,0.8932269128257911,0.0,1,56.64061250484488,32,1.0,0.8932269128257911,3,0,advanced,1522,0.0,0,0,0.0,0,0,0.0,3,medium,medium,Strong Performer,4
s79_t6,79,1,1707900253,ga-q16,general-aptitude,ga-verbal-reasoning,medium,1010,medium,0.0,reading-comprehension|vocabulary|sentence-correction|para-jumbles,standard,0,0,none,0.0,practice_test,1522.0,advanced,0,0,0.0,0,0,0.0,0,0,0.0,0.9501361462210238,0.0,0,106.9473597163562,32,1.0,0.9501361462210238,-30,0,intermediate,1492,0.0,0,0,0.0,0,0,0.0,-30,medium,medium,Strong Performer,2
s79_t6,79,1,1707900254,ps-q13,probability-statistics,ps-distributions,medium,1230,medium,0.0,probability-distributions|cumulative-distribution|expected-value,standard,0,0,none,0.0,practice_test,1492.0,intermediate,0,0,0.0,0,0,0.0,0,0,0.0,0.8187932901343153,0.0,1,35.12130761094921,32,1.0,0.8187932901343153,6,0,intermediate,1498,0.0,0,0,0.0,0,0,0.0,6,medium,medium,Strong Performer,4
s91_t6,91,1,1709100215,ps-q56,probability-statistics,ps-probability,hard,1830,high,0.0,basic-probability|bayes-theorem|conditional-probability|independence|random-variables,standard,0,0,none,0.0,practice_test,1668.0,advanced,0,0,0.0,0,0,0.0,0,0,0.0,0.2824082768084685,0.0,1,39.310248625860886,32,1.0,0.2824082768084685,23,0,advanced,1691,0.0,0,0,0.0,0,0,0.0,23,hard,hard,Competent,8
s91_t6,91,1,1709100216,ml-q115,machine-learning,ml-unsupervised,hard,1710,high,0.0,clustering|k-means|hierarchical-clustering|dimensionality-reduction|pca,standard,0,0,none,0.0,practice_test,1691.0,advanced,0,0,0.0,0,0,0.0,0,0,0.0,0.4726840269935071,0.0,0,47.54368307499659,32,1.0,0.4726840269935071,-15,0,advanced,1676,0.0,0,0,0.0,0,0,0.0,-15,hard,hard,Competent,6
s91_t6,91,1,1709100217,ds-q286,probability-statistics,probability,easy,880,low,0.0,sample-spaces|events|conditional-probability|independence,standard,0,0,none,0.0,practice_test,1676.0,advanced,0,0,0.0,0,0,0.0,0,0,0.0,0.989870722266409,0.0,1,57.166477757945,32,1.0,0.989870722266409,0,0,advanced,1676,0.0,0,0,0.0,0,0,0.0,0,easy,easy,Competent,2
s91_t6,91,1,1709100218,ml-q61,machine-learning,ml-supervised,easy,810,low,0.0,linear-regression|logistic-regression|decision-trees|svm,standard,0,0,none,0.0,practice_test,1676.0,advanced,0,0,0.0,0,0,0.0,0,0,0.0,0.9932073393247044,0.0,1,45.13632049445127,32,1.0,0.9932073393247044,0,0,advanced,1676,0.0,0,0,0.0,0,0,0.0,0,easy,easy,Competent,2
s91_t6,91,1,1709100219,dsa-q30,programming-dsa,dsa-arrays,medium,1000,medium,0.0,array-operations|indexing|searching|sorting,standard,0,0,none,0.0,practice_test,1676.0,advanced,0,0,0.0,0,0,0.0,0,0,0.0,0.979991148859336,0.0,0,69.81147933204528,32,1.0,0.979991148859336,-31,0,advanced,1645,0.0,0,0,0.0,0,0,0.0,-31,medium,medium,Competent,2
s91_t6,91,1,1709100220,dbms-q55,dbms,dbms-normalization,medium,1400,high,0.0,functional-dependencies|closure-of-attributes|canonical-cover|lossless-join-decomposition|dependency-preservation|first-normal-form|second-normal-form|third-normal-form|boyce-codd-normal-form,standard,0,0,none,0.0,practice_test,1645.0,advanced,0,0,0.0,0,0,0.0,0,0,0.0,0.8038185194246843,0.0,1,28.21654778917236,32,1.0,0.8038185194246843,6,0,advanced,1651,0.0,0,0,0.0,0,0,0.0,6,medium,medium,Competent,4
s91_t6,91,1,1709100221,ds-q334,artificial-intelligence,logical-reasoning,easy,900,low,0.0,logical-deduction|critical-reasoning,standard,0,0,none,0.0,practice_test,1651.0,advanced,0,0,0.0,0,0,0.0,0,0,0.0,0.9869148209092587,0.0,1,64.19114335910152,32,1.0,0.9869148209092587,0,0,advanced,1651,0.0,0,0,0.0,0,0,0.0,0,easy,easy,Competent,2
s91_t6,91,1,1709100222,ds-q55,probability-statistics,probability-theory,easy,740,low,0.0,bayes-theorem|permutations|combinations|probability-rules,standard,0,0,none,0.0,practice_test,1651.0,advanced,0,0,0.0,0,0,0.0,0,0,0.0,0.9947493428542002,0.0,1,31.996075316848582,32,1.0,0.9947493428542002,0,0,advanced,1651,0.0,0,0,0.0,0,0,0.0,0,easy,easy,Competent,2
s91_t6,91,1,1709100223,ga-q10,general-aptitude,ga-logical-reasoning,easy,760,low,0.0,syllogisms|logical-deduction|critical-reasoning,standard,0,0,none,0.0,practice_test,1651.0,advanced,0,0,0.0,0,0,0.0,0,0,0.0,0.9941124378112868,0.0,0,104.0997371879956,32,1.0,0.9941124378112868,-32,0,advanced,1619,0.0,0,0,0.0,0,0,0.0,-32,easy,easy,Competent,2
s91_t6,91,1,1709100224,ga-q19,general-aptitude,ga-quantitative-aptitude,medium,1120,medium,0.0,arithmetic|algebra|geometry|permutations|combinations,standard,0,0,none,0.0,practice_test,1619.0,advanced,0,0,0.0,0,0,0.0,0,0,0.0,0.9464688789594632,0.0,0,106.44337614640796,32,1.0,0.9464688789594632,-30,0,advanced,1589,0.0,0,0,0.0,0,0,0.0,-30,medium,medium,Competent,4
s91_t6,91,1,1709100225,co-q21,calculus-optimization,co-differentiation,medium,1110,medium,0.0,partial-derivatives|chain-rule|product-rule|critical-points|gradients|implicit-differentiation,standard,0,0,none,0.0,practice_test,1589.0,advanced,0,0,0.0,0,0,0.0,0,0,0.0,0.9403268663710864,0.0,1,135.3384884955439,32,1.0,0.9403268663710864,2,0,advanced,1591,0.0,0,0,0.0,0,0,0.0,2,medium,medium,Competent,4
s91_t6,91,1,1709100226,dsa-q45,programming-dsa,dsa-trees,easy,730,low,0.0,binary-trees|bst|tree-traversal|balanced-trees,standard,0,0,none,0.0,practice_test,1591.0,advanced,0,0,0.0,0,0,0.0,0,0,0.0,0.9930103764386832,0.0,1,112.32983208068802,32,1.0,0.9930103764386832,0,0,advanced,1591,0.0,0,0,0.0,0,0,0.0,0,easy,easy,Competent,2
s91_t6,91,1,1709100227,ga-q21,general-aptitude,ga-verbal-reasoning,easy,750,low,0.0,reading-comprehension|vocabulary|sentence-correction|para-jumbles,standard,0,0,none,0.0,practice_test,1591.0,advanced,0,0,0.0,0,0,0.0,0,0,0.0,0.9921641962431724,0.0,1,64.21691782466631,32,1.0,0.9921641962431724,0,0,advanced,1591,0.0,0,0,0.0,0,0,0.0,0,easy,easy,Competent,2
s91_t6,91,1,1709100228,la-q56,linear-algebra,la-eigenvalues,medium,1090,medium,0.0,eigenvalues|eigenvectors|diagonalization|spectral-theorem,standard,0,0,none,0.0,practice_test,1591.0,advanced,0,0,0.0,0,0,0.0,0,0,0.0,0.9470491982010916,0.0,1,94.0875919659295,32,1.0,0.9470491982010916,2,0,advanced,1593,0.0,0,0,0.0,0,0,0.0,2,medium,medium,Competent,4
s91_t6,91,1,1709100229,ga-q1,general-aptitude,ga-verbal-reasoning,easy,800,low,0.0,reading-comprehension|vocabulary|sentence-correction|para-jumbles,standard,0,0,none,0.0,practice_test,1593.0,advanced,0,0,0.0,0,0,0.0,0,0,0.0,0.9896960947471464,0.0,1,96.46036539111032,32,1.0,0.9896960947471464,0,0,advanced,1593,0.0,0,0,0.0,0,0,0.0,0,easy,easy,Competent,2
s91_t6,91,1,1709100230,ga-q13,general-aptitude,ga-quantitative-aptitude,easy,880,low,0.0,arithmetic|algebra|geometry|permutations|combinations,standard,0,0,none,0.0,practice_test,1593.0,advanced,0,0,0.0,0,0,0.0,0,0,0.0,0.9837672404220318,0.0,1,96.36158002213934,32,1.0,0.9837672404220318,1,0,advanced,1594,0.0,0,0,0.0,0,0,0.0,1,easy,easy,Competent,2
s91_t6,91,1,1709100231,dsa-q57,programming-dsa,dsa-trees,hard,2480,high,0.0,binary-trees|bst|tree-traversal|balanced-trees,standard,0,0,none,0.0,practice_test,1594.0,advanced,0,0,0.0,0,0,0.0,0,0,0.0,0.0060584405419014,0.0,0,97.67487287700824,32,1.0,0.0060584405419014,0,0,advanced,1594,0.0,0,0,0.0,0,0,0.0,0,hard,hard,Competent,10
s91_t6,91,1,1709100232,ds-q438,artificial-intelligence,graph-algorithms,easy,800,low,0.0,shortest-path|minimum-spanning-tree|traversal,standard,0,0,none,0.0,practice_test,1594.0,advanced,0,0,0.0,0,0,0.0,0,0,0.0,0.9897546324528188,0.0,1,73.77431604984261,32,1.0,0.9897546324528188,0,0,advanced,1594,0.0,0,0,0.0,0,0,0.0,0,easy,easy,Competent,2
s91_t6,91,1,1709100233,dsa-q71,programming-dsa,dsa-complexity,medium,1080,medium,0.0,time-complexity|space-complexity|big-o-notation,standard,0,0,none,0.0,practice_test,1594.0,advanced,0,0,0.0,0,0,0.0,0,0,0.0,0.9506787811338804,0.0,1,124.37750880684143,32,1.0,0.9506787811338804,2,0,advanced,1596,0.0,0,0,0.0,0,0,0.0,2,medium,medium,Competent,4
s91_t6,91,1,1709100234,co-q58,calculus-optimization,co-integration,medium,1200,medium,0.0,definite-integrals|indefinite-integrals|integration-by-parts|u-substitution|fundamental-theorem,standard,0,0,none,0.0,practice_test,1596.0,advanced,0,0,0.0,0,0,0.0,0,0,0.0,0.9071699361527148,0.0,1,83.52292353348795,32,1.0,0.9071699361527148,3,0,advanced,1599,0.0,0,0,0.0,0,0,0.0,3,medium,medium,Competent,4
s91_t6,91,1,1709100235,dsa-q28,programming-dsa,dsa-arrays,easy,830,low,0.0,array-operations|indexing|searching|sorting,standard,0,0,none,0.0,practice_test,1599.0,advanced,0,0,0.0,0,0,0.0,0,0,0.0,0.9881875662675944,0.0,1,61.682295935471565,32,1.0,0.9881875662675944,0,0,advanced,1599,0.0,0,0,0.0,0,0,0.0,0,easy,easy,Competent,2
s91_t6,91,1,1709100236,la-q3,linear-algebra,la-matrix,easy,930,medium,0.0,addition|scalar-multiplication|matrix-multiplication|determinants|minors|cofactors|gauss-jordan-elimination|symmetric|orthogonal|hermintian|unitary|identity-metrices,standard,0,0,none,0.0,practice_test,1599.0,advanced,0,0,0.0,0,0,0.0,0,0,0.0,0.9791855473580487,0.0,1,36.76807839113648,32,1.0,0.9791855473580487,1,0,advanced,1600,0.0,0,0,0.0,0,0,0.0,1,easy,easy,Competent,2
s91_t6,91,1,1709100237,ml-q84,machine-learning,ml-supervised,medium,1000,medium,0.0,linear-regression|logistic-regression|decision-trees|svm|naive-bayes|ensemble-methods,standard,0,0,none,0.0,practice_test,1600.0,advanced,0,0,0.0,0,0,0.0,0,0,0.0,0.9693465699682844,0.0,1,64.7473394356809,32,1.0,0.9693465699682844,1,0,advanced,1601,0.0,0,0,0.0,0,0,0.0,1,medium,medium,Competent,2
s91_t6,91,1,1709100238,ds-q360,artificial-intelligence,linear-algebra,medium,1230,medium,0.0,matrices|vectors|eigenvalues|linear-systems|transformations,standard,0,0,none,0.0,practice_test,1601.0,advanced,0,0,0.0,0,0,0.0,0,0,0.0,0.8943199698511277,0.0,1,56.942157520693904,32,1.0,0.8943199698511277,3,0,advanced,1604,0.0,0,0,0.0,0,0,0.0,3,medium,medium,Competent,4
s91_t6,91,1,1709100239,ml-q56,machine-learning,ml-supervised,easy,1430,high,0.0,linear-regression|logistic-regression|decision-trees|svm,standard,0,0,none,0.0,practice_test,1604.0,advanced,0,0,0.0,0,0,0.0,0,0,0.0,0.7313778578393882,0.0,1,66.76800613919245,32,1.0,0.7313778578393882,9,0,advanced,1613,0.0,0,0,0.0,0,0,0.0,9,easy,easy,Competent,6
s91_t6,91,1,1709100240,ga-q15,general-aptitude,ga-quantitative-aptitude,easy,800,low,0.0,arithmetic|algebra|geometry|permutations|combinations,standard,0,0,none,0.0,practice_test,1613.0,advanced,0,0,0.0,0,0,0.0,0,0,0.0,0.9908063329049522,0.0,1,86.5150084835631,32,1.0,0.9908063329049522,0,0,advanced,1613,0.0,0,0,0.0,0,0,0.0,0,easy,easy,Competent,2
s91_t6,91,1,1709100241,ga-q6,general-aptitude,ga-logical-reasoning,medium,1340,high,0.0,syllogisms|logical-deduction|critical-reasoning,standard,0,0,none,0.0,practice_test,1613.0,advanced,0,0,0.0,0,0,0.0,0,0,0.0,0.8279993802611698,0.0,1,53.61811455913923,32,1.0,0.8279993802611698,6,0,advanced,1619,0.0,0,0,0.0,0,0,0.0,6,medium,medium,Competent,4
s91_t6,91,1,1709100242,co-q16,calculus-optimization,co-optimization,hard,2030,high,0.0,critical-points|extrema|optimization|lagrange-multipliers,standard,0,0,none,0.0,practice_test,1619.0,advanced,0,0,0.0,0,0,0.0,0,0,0.0,0.0858097406904173,0.0,0,101.2520272428066,32,1.0,0.0858097406904173,-3,0,advanced,1616,0.0,0,0,0.0,0,0,0.0,-3,hard,hard,Competent,8
s91_t6,91,1,1709100243,ds-q120,probability-statistics,probability,medium,1020,medium,0.0,sample-spaces|events|conditional-probability|independence,standard,0,0,none,0.0,practice_test,1616.0,advanced,0,0,0.0,0,0,0.0,0,0,0.0,0.968654940548496,0.0,0,87.86251522989528,32,1.0,0.968654940548496,-31,0,advanced,1585,0.0,0,0,0.0,0,0,0.0,-31,medium,medium,Competent,2
s91_t6,91,1,1709100244,ml-q137,machine-learning,ml-evaluation,medium,1050,medium,0.0,accuracy|precision|recall|f1-score|cross-validation,standard,0,0,none,0.0,practice_test,1585.0,advanced,0,0,0.0,0,0,0.0,0,0,0.0,0.9560478979006848,0.0,1,132.68663783622776,32,1.0,0.9560478979006848,1,0,advanced,1586,0.0,0,0,0.0,0,0,0.0,1,medium,medium,Competent,2
s91_t6,91,1,1709100245,dsa-q53,programming-dsa,dsa-trees,easy,990,medium,0.0,binary-trees|bst|tree-traversal|balanced-trees,standard,0,0,none,0.0,practice_test,1586.0,advanced,0,0,0.0,0,0,0.0,0,0,0.0,0.968654940548496,0.0,1,135.82910797943504,32,1.0,0.968654940548496,1,0,advanced,1587,0.0,0,0,0.0,0,0,0.0,1,easy,easy,Competent,2
s91_t6,91,1,1709100246,dsa-q33,programming-dsa,dsa-arrays,medium,1010,medium,0.0,array-operations|indexing|searching|sorting,standard,0,0,none,0.0,practice_test,1587.0,advanced,0,0,0.0,0,0,0.0,0,0,0.0,0.965158360953298,0.0,1,108.6153375281896,32,1.0,0.965158360953298,1,0,advanced,1588,0.0,0,0,0.0,0,0,0.0,1,medium,medium,Competent,2
s91_t6,91,1,1709100247,dbms-q52,dbms,dbms-normalization,medium,1350,high,0.0,functional-dependencies|closure-of-attributes|canonical-cover|lossless-join-decomposition|dependency-preservation|first-normal-form|second-normal-form|third-normal-form|boyce-codd-normal-form,standard,0,0,none,0.0,practice_test,1588.0,advanced,0,0,0.0,0,0,0.0,0,0,0.0,0.7973863140277038,0.0,0,127.64514545337966,32,1.0,0.7973863140277038,-26,0,advanced,1562,0.0,0,0,0.0,0,0,0.0,-26,medium,medium,Competent,4
s91_t6,91,1,1709100248,la-q25,linear-algebra,la-eigenvalues,hard,1850,high,0.0,eigenvalues|eigenvectors|diagonalization|spectral-theorem,standard,0,0,none,0.0,practice_test,1562.0,advanced,0,0,0.0,0,0,0.0,0,0,0.0,0.1600493053652465,0.0,0,117.43178379440384,32,1.0,0.1600493053652465,-5,0,advanced,1557,0.0,0,0,0.0,0,0,0.0,-5,hard,hard,Competent,8
s91_t6,91,1,1709100249,dsa-q20,programming-dsa,dsa-complexity,hard,2460,high,0.0,time-complexity|space-complexity|big-o-notation,standard,0,0,none,0.0,practice_test,1557.0,advanced,0,0,0.0,0,0,0.0,0,0,0.0,0.0054967527897737,0.0,0,107.53266371162783,32,1.0,0.0054967527897737,0,0,advanced,1557,0.0,0,0,0.0,0,0,0.0,0,hard,hard,Competent,10
s91_t6,91,1,1709100250,ds-q67,probability-statistics,probability,easy,790,low,0.0,sample-spaces|events|conditional-probability|independence,standard,0,0,none,0.0,practice_test,1557.0,advanced,0,0,0.0,0,0,0.0,0,0,0.0,0.988052418939982,0.0,1,56.491003875648005,32,1.0,0.988052418939982,0,0,advanced,1557,0.0,0,0,0.0,0,0,0.0,0,easy,easy,Competent,2
s91_t6,91,1,1709100251,la-38,linear-algebra,la-eigenvalues,medium,1410,high,0.0,,standard,0,0,none,0.0,practice_test,1557.0,advanced,0,0,0.0,0,0,0.0,0,0,0.0,0.6997694032620582,0.0,1,107.12220480112263,32,1.0,0.6997694032620582,10,0,advanced,1567,0.0,0,0,0.0,0,0,0.0,10,medium,medium,Competent,4
s91_t6,91,1,1709100252,ps-q92,probability-statistics,ps-hypothesis,medium,1050,medium,0.0,hypothesis-testing|p-value|type-I-error|type-II-error|t-test|significance-level,standard,0,0,none,0.0,practice_test,1567.0,advanced,0,0,0.0,0,0,0.0,0,0,0.0,0.9514822459033808,0.0,1,115.06380091872472,32,1.0,0.9514822459033808,2,0,advanced,1569,0.0,0,0,0.0,0,0,0.0,2,medium,medium,Competent,2
s91_t6,91,1,1709100253,la-32,linear-algebra,la-eigenvalues,hard,1360,high,0.0,,standard,0,0,none,0.0,practice_test,1569.0,advanced,0,0,0.0,0,0,0.0,0,0,0.0,0.7690759234333929,0.0,1,124.1212110239746,32,1.0,0.7690759234333929,7,0,advanced,1576,0.0,0,0,0.0,0,0,0.0,7,hard,hard,Competent,4
s91_t6,91,1,1709100254,ds-q98,dbms,dbms,medium,1210,medium,0.0,database-fundamentals|acid-properties|transactions,standard,0,0,none,0.0,practice_test,1576.0,advanced,0,0,0.0,0,0,0.0,0,0,0.0,0.8915686668733666,0.0,1,43.587104544871295,32,1.0,0.8915686668733666,3,0,advanced,1579,0.0,0,0,0.0,0,0,0.0,3,medium,medium,Competent,4
s92_t1,92,0,1709200000,ps-q50,probability-statistics,ps-probability,medium,1350,high,0.0,basic-probability|bayes-theorem|conditional-probability|independence|random-variables,standard,0,0,none,0.0,practice_test,1377.0781918951525,intermediate,0,0,0.0,0,0,0.0,0,0,0.0,0.5388899404389554,0.0,1,87.80027049023646,32,1.0,0.5388899404389554,15,0,intermediate,1392,0.0,0,0,0.0,0,0,0.0,15,medium,medium,Competent,4
s92_t1,92,0,1709200001,ds-q68,artificial-intelligence,quantitative-aptitude,easy,740,low,0.0,numbers|algebra|geometry|probability,standard,0,0,none,0.0,practice_test,1392.0,intermediate,0,0,0.0,0,0,0.0,0,0,0.0,0.977094665303013,0.0,1,49.038365057012456,32,1.0,0.977094665303013,1,0,intermediate,1393,0.0,0,0,0.0,0,0,0.0,1,easy,easy,Competent,2
s92_t1,92,0,1709200002,co-q25,calculus-optimization,co-differentiation,easy,1150,medium,0.0,partial-derivatives|chain-rule|product-rule|critical-points|gradients|implicit-differentiation,standard,0,0,none,0.0,practice_test,1393.0,intermediate,0,0,0.0,0,0,0.0,0,0,0.0,0.8019966441144332,0.0,1,26.746522791826603,32,1.0,0.8019966441144332,6,0,intermediate,1399,0.0,0,0,0.0,0,0,0.0,6,easy,easy,Competent,4
s92_t1,92,0,1709200003,dbms-q16,dbms,dbms-sql,medium,1450,high,0.0,select|joins|group-by|aggregation,standard,0,0,none,0.0,practice_test,1399.0,intermediate,0,0,0.0,0,0,0.0,0,0,0.0,0.4271277486054956,0.0,1,5.0,32,1.0,0.4271277486054956,18,0,intermediate,1417,0.0,0,0,0.0,0,0,0.0,18,medium,medium,Competent,6
s92_t1,92,0,1709200004,dsa-q57,programming-dsa,dsa-trees,hard,2480,high,0.0,binary-trees|bst|tree-traversal|balanced-trees,standard,0,0,none,0.0,practice_test,1417.0,intermediate,0,0,0.0,0,0,0.0,0,0,0.0,0.0021955606162593,0.0,0,85.35832392017188,32,1.0,0.0021955606162593,0,0,intermediate,1417,0.0,0,0,0.0,0,0,0.0,0,hard,hard,Competent,10
s92_t1,92,0,1709200005,ds-q369,machine-learning,machine-learning,medium,1140,medium,0.0,supervised|unsupervised|reinforcement|evaluation,standard,0,0,none,0.0,practice_test,1417.0,intermediate,0,0,0.0,0,0,0.0,0,0,0.0,0.8312539156520465,0.0,1,101.6606323491273,32,1.0,0.8312539156520465,5,0,intermediate,1422,0.0,0,0,0.0,0,0,0.0,5,medium,medium,Competent,4
s92_t1,92,0,1709200006,dsa-q58,programming-dsa,dsa-trees,medium,1020,medium,0.0,binary-trees|bst|tree-traversal|balanced-trees,standard,0,0,none,0.0,practice_test,1422.0,intermediate,0,0,0.0,0,0,0.0,0,0,0.0,0.9100379198115164,0.0,1,127.48914271535152,32,1.0,0.9100379198115164,3,0,intermediate,1425,0.0,0,0,0.0,0,0,0.0,3,medium,medium,Competent,2
s92_t1,92,0,1709200007,ga-q22,general-aptitude,ga-quantitative-aptitude,easy,930,medium,0.0,arithmetic|algebra|geometry|permutations|combinations,standard,0,0,none,0.0,practice_test,1425.0,intermediate,0,0,0.0,0,0,0.0,0,0,0.0,0.9452901966235238,0.0,1,32.492871017571666,32,1.0,0.9452901966235238,2,0,intermediate,1427,0.0,0,0,0.0,0,0,0.0,2,easy,easy,Competent,2
s92_t1,92,0,1709200008,ps-q63,probability-statistics,ps-distributions,easy,730,low,0.0,normal-distribution|binomial-distribution|poisson-distribution|cumulative-distribution|expected-value|variance,standard,0,0,none,0.0,practice_test,1427.0,intermediate,0,0,0.0,0,0,0.0,0,0,0.0,0.9822289644092016,0.0,1,122.09500723685136,32,1.0,0.9822289644092016,1,0,intermediate,1428,0.0,0,0,0.0,0,0,0.0,1,easy,easy,Competent,2
s92_t1,92,0,1709200009,ds-q214,machine-learning,machine-learning,easy,960,medium,0.0,supervised|unsupervised|reinforcement|evaluation,standard,0,0,none,0.0,practice_test,1428.0,intermediate,0,0,0.0,0,0,0.0,0,0,0.0,0.936673124689052,0.0,0,79.53652986078338,32,1.0,0.936673124689052,-30,0,intermediate,1398,0.0,0,0,0.0,0,0,0.0,-30,easy,easy,Competent,2
s92_t1,92,0,1709200010,ps-q4,probability-statistics,prob-estimation,medium,1350,high,0.0,point-estimation|maximum-likelihood,standard,0,0,none,0.0,practice_test,1398.0,intermediate,0,0,0.0,0,0,0.0,0,0,0.0,0.5686413918836677,0.0,0,62.035767629981365,32,1.0,0.5686413918836677,-18,0,intermediate,1380,0.0,0,0,0.0,0,0,0.0,-18,medium,medium,Competent,4
s92_t1,92,0,1709200011,dsa-q14,programming-dsa,dsa-trees,medium,1240,medium,0.0,binary-trees|bst|tree-traversal|balanced-trees,standard,0,0,none,0.0,practice_test,1380.0,intermediate,0,0,0.0,0,0,0.0,0,0,0.0,0.691236152414763,0.0,0,44.06559833064112,32,1.0,0.691236152414763,-22,0,intermediate,1358,0.0,0,0,0.0,0,0,0.0,-22,medium,medium,Competent,4
s92_t1,92,0,1709200012,la-q43,linear-algebra,la-matrices,medium,1140,medium,0.0,addition|scalar-multiplication|matrix-multiplication|determinants|minors|cofactors|symmetric|orthogonal,standard,0,0,none,0.0,practice_test,1358.0,intermediate,0,0,0.0,0,0,0.0,0,0,0.0,0.7781484542191325,0.0,1,56.43599136729231,32,1.0,0.7781484542191325,7,0,intermediate,1365,0.0,0,0,0.0,0,0,0.0,7,medium,medium,Competent,4
s92_t1,92,0,1709200013,ds-q170,probability-statistics,probability,medium,1020,medium,0.0,sample-spaces|events|conditional-probability|independence,standard,0,0,none,0.0,practice_test,1365.0,intermediate,0,0,0.0,0,0,0.0,0,0,0.0,0.8793171534540078,0.0,1,133.03058898387542,32,1.0,0.8793171534540078,4,0,intermediate,1369,0.0,0,0,0.0,0,0,0.0,4,medium,medium,Competent,2
s92_t1,92,0,1709200014,co-q66,calculus-optimization,co-optimization,medium,1480,high,0.0,critical-points|extrema|optimization|lagrange-multipliers|convexity|gradient-descent,standard,0,0,none,0.0,practice_test,1369.0,intermediate,0,0,0.0,0,0,0.0,0,0,0.0,0.345480005617534,0.0,0,51.85881565688271,32,1.0,0.345480005617534,-11,0,intermediate,1358,0.0,0,0,0.0,0,0,0.0,-11,medium,medium,Competent,6
s92_t1,92,0,1709200015,ds-q85,artificial-intelligence,algorithms,easy,1200,medium,0.0,sorting|searching|dynamic-programming|greedy,standard,0,0,none,0.0,practice_test,1358.0,intermediate,0,0,0.0,0,0,0.0,0,0,0.0,0.7129021574054539,0.0,1,74.26764123037302,32,1.0,0.7129021574054539,9,0,intermediate,1367,0.0,0,0,0.0,0,0,0.0,9,easy,easy,Competent,4
s92_t1,92,0,1709200016,dsa-q10,programming-dsa,dsa-trees,medium,1200,medium,0.0,binary-trees|bst|tree-traversal|balanced-trees,standard,0,0,none,0.0,practice_test,1367.0,intermediate,0,0,0.0,0,0,0.0,0,0,0.0,0.7233878694391705,0.0,1,91.62408297743907,32,1.0,0.7233878694391705,9,0,intermediate,1376,0.0,0,0,0.0,0,0,0.0,9,medium,medium,Competent,4
s92_t1,92,0,1709200017,ga-q8,general-aptitude,ga-logical-reasoning,medium,1290,medium,0.0,syllogisms|logical-deduction|critical-reasoning,standard,0,0,none,0.0,practice_test,1376.0,intermediate,0,0,0.0,0,0,0.0,0,0,0.0,0.6212967231224545,0.0,1,41.76850945652849,32,1.0,0.6212967231224545,12,0,intermediate,1388,0.0,0,0,0.0,0,0,0.0,12,medium,medium,Competent,4
s92_t1,92,0,1709200018,ga-q23,general-aptitude,ga-logical-reasoning,easy,790,low,0.0,syllogisms|logical-deduction|critical-reasoning,standard,0,0,none,0.0,practice_test,1388.0,intermediate,0,0,0.0,0,0,0.0,0,0,0.0,0.969002622496188,0.0,1,60.33681551892281,32,1.0,0.969002622496188,1,0,intermediate,1389,0.0,0,0,0.0,0,0,0.0,1,easy,easy,Competent,2
s92_t1,92,0,1709200019,la-q46,linear-algebra,la-matrices,hard,2490,high,0.0,addition|scalar-multiplication|matrix-multiplication|determinants|minors|cofactors|symmetric|orthogonal,standard,0,0,none,0.0,practice_test,1389.0,intermediate,0,0,0.0,0,0,0.0,0,0,0.0,0.0017649516557461,0.0,0,27.82338558221003,32,1.0,0.0017649516557461,0,0,intermediate,1389,0.0,0,0,0.0,0,0,0.0,0,hard,hard,Competent,10
s92_t1,92,0,1709200020,ml-q2,machine-learning,ml-supervised,easy,950,medium,0.0,linear-regression|logistic-regression|decision-trees|svm,standard,0,0,none,0.0,practice_test,1389.0,intermediate,0,0,0.0,0,0,0.0,0,0,0.0,0.9260190472872636,0.0,1,23.823184548123123,32,1.0,0.9260190472872636,2,0,intermediate,1391,0.0,0,0,0.0,0,0,0.0,2,easy,easy,Competent,2
s92_t1,92,0,1709200021,ml-q100,machine-learning,ml-unsupervised,easy,960,medium,0.0,clustering|k-means|hierarchical-clustering|dimensionality-reduction|pca,standard,0,0,none,0.0,practice_test,1391.0,intermediate,0,0,0.0,0,0,0.0,0,0,0.0,0.9228015935156196,0.0,1,30.25213818900822,32,1.0,0.9228015935156196,2,0,intermediate,1393,0.0,0,0,0.0,0,0,0.0,2,easy,easy,Competent,2
s92_t1,92,0,1709200022,ps-q17,probability-statistics,ps-probability,medium,1200,medium,0.0,probability-theory|conditional-probability|independence,standard,0,0,none,0.0,practice_test,1393.0,intermediate,0,0,0.0,0,0,0.0,0,0,0.0,0.7523149936056823,0.0,1,76.43760120316112,32,1.0,0.7523149936056823,8,0,intermediate,1401,0.0,0,0,0.0,0,0,0.0,8,medium,medium,Competent,4
s92_t1,92,0,1709200023,la-24,linear-algebra,la-matrices,medium,1360,high,0.0,,standard,0,0,none,0.0,practice_test,1401.0,intermediate,0,0,0.0,0,0,0.0,0,0,0.0,0.558731369324761,0.0,1,81.21266379693711,32,1.0,0.558731369324761,14,0,intermediate,1415,0.0,0,0,0.0,0,0,0.0,14,medium,medium,Competent,4
s92_t1,92,0,1709200024,dbms-q43,dbms,dbms-sql,medium,1380,high,0.0,select|joins|group-by|aggregation,standard,0,0,none,0.0,practice_test,1415.0,intermediate,0,0,0.0,0,0,0.0,0,0,0.0,0.550199353253537,0.0,1,111.33197236115572,32,1.0,0.550199353253537,14,0,intermediate,1429,0.0,0,0,0.0,0,0,0.0,14,medium,medium,Competent,4
s92_t1,92,0,1709200025,dsa-q41,programming-dsa,dsa-arrays,easy,970,medium,0.0,array-operations|indexing|searching|sorting,standard,0,0,none,0.0,practice_test,1429.0,intermediate,0,0,0.0,0,0,0.0,0,0,0.0,0.9335296284754416,0.0,1,60.62487848607256,32,1.0,0.9335296284754416,2,0,intermediate,1431,0.0,0,0,0.0,0,0,0.0,2,easy,easy,Competent,2
s92_t1,92,0,1709200026,ds-q182,artificial-intelligence,statistics,medium,1330,high,0.0,descriptive-statistics|mean|variance|standard-deviation,standard,0,0,none,0.0,practice_test,1431.0,intermediate,0,0,0.0,0,0,0.0,0,0,0.0,0.641390111955618,0.0,1,67.7895033096357,32,1.0,0.641390111955618,11,0,intermediate,1442,0.0,0,0,0.0,0,0,0.0,11,medium,medium,Competent,4
s92_t1,92,0,1709200027,co-q65,calculus-optimization,co-optimization,medium,1060,medium,0.0,critical-points|extrema|optimization|lagrange-multipliers|convexity|gradient-descent,standard,0,0,none,0.0,practice_test,1442.0,intermediate,0,0,0.0,0,0,0.0,0,0,0.0,0.9001568673004807,0.0,0,114.84505958517876,32,1.0,0.9001568673004807,-29,0,intermediate,1413,0.0,0,0,0.0,0,0,0.0,-29,medium,medium,Competent,4
s92_t1,92,0,1709200028,dbms-q13,dbms,dbms-sql,medium,1390,high,0.0,select|joins|group-by|aggregation,standard,0,0,none,0.0,practice_test,1413.0,intermediate,0,0,0.0,0,0,0.0,0,0,0.0,0.5330513938844411,0.0,0,17.211697172730503,32,1.0,0.5330513938844411,-17,0,intermediate,1396,0.0,0,0,0.0,0,0,0.0,-17,medium,medium,Competent,4
s92_t1,92,0,1709200029,dsa-q38,programming-dsa,dsa-arrays,easy,710,low,0.0,array-operations|indexing|searching|sorting,standard,0,0,none,0.0,practice_test,1396.0,intermediate,0,0,0.0,0,0,0.0,0,0,0.0,0.9810892600911034,0.0,0,115.93446735120207,32,1.0,0.9810892600911034,-31,0,intermediate,1365,0.0,0,0,0.0,0,0,0.0,-31,easy,easy,Competent,2
s118_t11,118,2,1711800440,dsa-q32,programming-dsa,dsa-arrays,medium,1250,medium,0.0,array-operations|indexing|searching|sorting,standard,0,0,none,0.0,practice_test,1606.0,advanced,0,0,0.0,0,0,0.0,0,0,0.0,0.8858769425858495,0.0,1,32.14379561067364,32,1.0,0.8858769425858495,4,0,advanced,1610,0.0,0,0,0.0,0,0,0.0,4,medium,medium,Competent,4
s118_t11,118,2,1711800441,la-q12,linear-algebra,la-eigenvalues,easy,1200,medium,0.0,eigenvalues|eigenvectors|diagonalization|spectral-theorem,standard,0,0,none,0.0,practice_test,1610.0,advanced,0,0,0.0,0,0,0.0,0,0,0.0,0.9137376073691662,0.0,1,35.545298496419655,32,1.0,0.9137376073691662,3,0,advanced,1613,0.0,0,0,0.0,0,0,0.0,3,easy,easy,Competent,4
s118_t11,118,2,1711800442,dsa-q74,programming-dsa,dsa-complexity,medium,1300,medium,0.0,time-complexity|space-complexity|big-o-notation,standard,0,0,none,0.0,practice_test,1613.0,advanced,0,0,0.0,0,0,0.0,0,0,0.0,0.8583646041738978,0.0,1,27.162016747294537,32,1.0,0.8583646041738978,5,0,advanced,1618,0.0,0,0,0.0,0,0,0.0,5,medium,medium,Competent,4
s118_t11,118,2,1711800443,dbms-q51,dbms,dbms-normalization,medium,1350,high,0.0,functional-dependencies|closure-of-attributes|canonical-cover|lossless-join-decomposition|dependency-preservation|first-normal-form|second-normal-form|third-normal-form|boyce-codd-normal-form,standard,0,0,none,0.0,practice_test,1618.0,advanced,0,0,0.0,0,0,0.0,0,0,0.0,0.8238615285055724,0.0,0,111.49129881436784,32,1.0,0.8238615285055724,-26,0,advanced,1592,0.0,0,0,0.0,0,0,0.0,-26,medium,medium,Competent,4
s118_t11,118,2,1711800444,ps-q4,probability-statistics,prob-estimation,medium,1350,high,0.0,point-estimation|maximum-likelihood,standard,0,0,none,0.0,practice_test,1592.0,advanced,0,0,0.0,0,0,0.0,0,0,0.0,0.8010809398289457,0.0,1,34.6607046561861,32,1.0,0.8010809398289457,6,0,advanced,1598,0.0,0,0,0.0,0,0,0.0,6,medium,medium,Competent,4
s118_t11,118,2,1711800445,dsa-q27,programming-dsa,dsa-arrays,easy,990,medium,0.0,array-operations|indexing|searching|sorting,standard,0,0,none,0.0,practice_test,1598.0,advanced,0,0,0.0,0,0,0.0,0,0,0.0,0.9706857587295497,0.0,1,57.201352991649244,32,1.0,0.9706857587295497,1,0,advanced,1599,0.0,0,0,0.0,0,0,0.0,1,easy,easy,Competent,2
s118_t11,118,2,1711800446,ds-q331,artificial-intelligence,logical-reasoning,medium,1230,medium,0.0,logical-deduction|critical-reasoning,standard,0,0,none,0.0,practice_test,1599.0,advanced,0,0,0.0,0,0,0.0,0,0,0.0,0.8932269128257911,0.0,1,82.69154390958496,32,1.0,0.8932269128257911,3,0,advanced,1602,0.0,0,0,0.0,0,0,0.0,3,medium,medium,Competent,4
s118_t11,118,2,1711800447,ga-q9,general-aptitude,ga-logical-reasoning,easy,960,medium,0.0,syllogisms|logical-deduction|critical-reasoning,standard,0,0,none,0.0,practice_test,1602.0,advanced,0,0,0.0,0,0,0.0,0,0,0.0,0.9757703240518194,0.0,1,55.13047070830077,32,1.0,0.9757703240518194,1,0,advanced,1603,0.0,0,0,0.0,0,0,0.0,1,easy,easy,Competent,2
s118_t11,118,2,1711800448,dsa-q78,programming-dsa,dsa-complexity,easy,770,low,0.0,time-complexity|space-complexity|big-o-notation,standard,0,0,none,0.0,practice_test,1603.0,advanced,0,0,0.0,0,0,0.0,0,0,0.0,0.9917979351302794,0.0,1,90.87667127960788,32,1.0,0.9917979351302794,0,0,advanced,1603,0.0,0,0,0.0,0,0,0.0,0,easy,easy,Competent,2
s118_t11,118,2,1711800449,la-q28,linear-algebra,la-matrices,medium,1300,medium,0.0,addition|scalar-multiplication|matrix-multiplication|determinants|minors|cofactors|symmetric|orthogonal,standard,0,0,none,0.0,practice_test,1603.0,advanced,0,0,0.0,0,0,0.0,0,0,0.0,0.8512207976249028,0.0,1,30.94057459973351,32,1.0,0.8512207976249028,5,0,advanced,1608,0.0,0,0,0.0,0,0,0.0,5,medium,medium,Competent,4
s118_t11,118,2,1711800450,ml-q110,machine-learning,ml-unsupervised,medium,1370,high,0.0,clustering|k-means|hierarchical-clustering|dimensionality-reduction|pca,standard,0,0,none,0.0,practice_test,1608.0,advanced,0,0,0.0,0,0,0.0,0,0,0.0,0.7973863140277038,0.0,1,113.60528410057285,32,1.0,0.7973863140277038,6,0,advanced,1614,0.0,0,0,0.0,0,0,0.0,6,medium,medium,Competent,4
s118_t11,118,2,1711800451,co-q47,calculus-optimization,co-integration,medium,1410,high,0.0,definite-integrals|indefinite-integrals|integration-by-parts|u-substitution|fundamental-theorem,standard,0,0,none,0.0,practice_test,1614.0,advanced,0,0,0.0,0,0,0.0,0,0,0.0,0.7639246991448386,0.0,0,94.99255717649586,32,1.0,0.7639246991448386,-24,0,advanced,1590,0.0,0,0,0.0,0,0,0.0,-24,medium,medium,Competent,4
s118_t11,118,2,1711800452,ds-q310,machine-learning,machine-learning,easy,800,low,0.0,supervised|unsupervised|reinforcement|evaluation,standard,0,0,none,0.0,practice_test,1590.0,advanced,0,0,0.0,0,0,0.0,0,0,0.0,0.9895184885487296,0.0,1,93.86921541190117,32,1.0,0.9895184885487296,0,0,advanced,1590,0.0,0,0,0.0,0,0,0.0,0,easy,easy,Competent,2
s118_t11,118,2,1711800453,dsa-q36,programming-dsa,dsa-arrays,hard,1500,high,0.0,array-operations|indexing|searching|sorting,standard,0,0,none,0.0,practice_test,1590.0,advanced,0,0,0.0,0,0,0.0,0,0,0.0,0.626699081666732,0.0,1,22.08060519519409,32,1.0,0.626699081666732,12,0,advanced,1602,0.0,0,0,0.0,0,0,0.0,12,hard,hard,Competent,6
s118_t11,118,2,1711800454,dsa-q77,programming-dsa,dsa-complexity,medium,1180,medium,0.0,time-complexity|space-complexity|big-o-notation,standard,0,0,none,0.0,practice_test,1602.0,advanced,0,0,0.0,0,0,0.0,0,0,0.0,0.9190290491945512,0.0,0,46.682805398497415,32,1.0,0.9190290491945512,-29,0,advanced,1573,0.0,0,0,0.0,0,0,0.0,-29,medium,medium,Competent,4
s118_t11,118,2,1711800455,ga-q1,general-aptitude,ga-verbal-reasoning,easy,800,low,0.0,reading-comprehension|vocabulary|sentence-correction|para-jumbles,standard,0,0,none,0.0,practice_test,1573.0,advanced,0,0,0.0,0,0,0.0,0,0,0.0,0.9884533453780276,0.0,1,89.65018187475776,32,1.0,0.9884533453780276,0,0,advanced,1573,0.0,0,0,0.0,0,0,0.0,0,easy,easy,Competent,2
s118_t11,118,2,1711800456,ds-q389,machine-learning,machine-learning,hard,1600,high,0.0,supervised|unsupervised|reinforcement|evaluation,standard,0,0,none,0.0,practice_test,1573.0,advanced,0,0,0.0,0,0,0.0,0,0,0.0,0.4612219079428284,0.0,1,128.9976809081973,32,1.0,0.4612219079428284,17,0,advanced,1590,0.0,0,0,0.0,0,0,0.0,17,hard,hard,Competent,6
s118_t11,118,2,1711800457,ps-q94,probability-statistics,ps-hypothesis,medium,1370,high,0.0,hypothesis-testing|p-value|type-I-error|type-II-error|t-test|significance-level,standard,0,0,none,0.0,practice_test,1590.0,advanced,0,0,0.0,0,0,0.0,0,0,0.0,0.7801296039931584,0.0,1,92.68640480931936,32,1.0,0.7801296039931584,7,0,advanced,1597,0.0,0,0,0.0,0,0,0.0,7,medium,medium,Competent,4
s118_t11,118,2,1711800458,ps-q5,probability-statistics,ps-probability,easy,940,medium,0.0,probability-theory|conditional-probability|independence,standard,0,0,none,0.0,practice_test,1597.0,advanced,0,0,0.0,0,0,0.0,0,0,0.0,0.97773006397668,0.0,1,76.27441092614455,32,1.0,0.97773006397668,1,0,advanced,1598,0.0,0,0,0.0,0,0,0.0,1,easy,easy,Competent,2
s118_t11,118,2,1711800459,co-q73,calculus-optimization,co-optimization,hard,1700,high,0.0,critical-points|extrema|optimization|lagrange-multipliers|convexity|gradient-descent,standard,0,0,none,0.0,practice_test,1598.0,advanced,0,0,0.0,0,0,0.0,0,0,0.0,0.3572869311673796,0.0,1,60.01019807000021,32,1.0,0.3572869311673796,21,0,advanced,1619,0.0,0,0,0.0,0,0,0.0,21,hard,hard,Competent,6
s118_t11,118,2,1711800460,ps-q65,probability-statistics,ps-distributions,easy,950,medium,0.0,normal-distribution|binomial-distribution|poisson-distribution|cumulative-distribution|expected-value|variance,standard,0,0,none,0.0,practice_test,1619.0,advanced,0,0,0.0,0,0,0.0,0,0,0.0,0.9791855473580487,0.0,1,46.83372626978638,32,1.0,0.9791855473580487,1,0,advanced,1620,0.0,0,0,0.0,0,0,0.0,1,easy,easy,Competent,2
s118_t11,118,2,1711800461,ga-q10,general-aptitude,ga-logical-reasoning,easy,760,low,0.0,syllogisms|logical-deduction|critical-reasoning,standard,0,0,none,0.0,practice_test,1620.0,advanced,0,0,0.0,0,0,0.0,0,0,0.0,0.9929703085603608,0.0,1,118.72431150207,32,1.0,0.9929703085603608,0,0,advanced,1620,0.0,0,0,0.0,0,0,0.0,0,easy,easy,Competent,2
s118_t11,118,2,1711800462,ds-q252,artificial-intelligence,deep-learning,hard,2040,high,0.0,neural-networks|backpropagation|activation-functions,standard,0,0,none,0.0,practice_test,1620.0,advanced,0,0,0.0,0,0,0.0,0,0,0.0,0.081831824755152,0.0,0,92.53915895919113,32,1.0,0.081831824755152,-3,0,advanced,1617,0.0,0,0,0.0,0,0,0.0,-3,hard,hard,Competent,8
s118_t11,118,2,1711800463,dbms-q42,dbms,dbms-sql,medium,730,low,0.0,select|joins|group-by|aggregation,standard,0,0,none,0.0,practice_test,1617.0,advanced,0,0,0.0,0,0,0.0,0,0,0.0,0.9939761249785116,0.0,1,105.4378779463807,32,1.0,0.9939761249785116,0,0,advanced,1617,0.0,0,0,0.0,0,0,0.0,0,medium,medium,Competent,2
s118_t11,118,2,1711800464,ga-q12,general-aptitude,ga-verbal-reasoning,easy,820,low,0.0,reading-comprehension|vocabulary|sentence-correction|para-jumbles,standard,0,0,none,0.0,practice_test,1617.0,advanced,0,0,0.0,0,0,0.0,0,0,0.0,0.9899282779884474,0.0,1,90.46912828029096,32,1.0,0.9899282779884474,0,0,advanced,1617,0.0,0,0,0.0,0,0,0.0,0,easy,easy,Competent,2
s118_t11,118,2,1711800465,la-q17,linear-algebra,la-eigenvalues,medium,1200,medium,0.0,eigenvalues|eigenvectors|diagonalization|spectral-theorem,standard,0,0,none,0.0,practice_test,1617.0,advanced,0,0,0.0,0,0,0.0,0,0,0.0,0.91686122759573,0.0,1,49.68776887480085,32,1.0,0.91686122759573,3,0,advanced,1620,0.0,0,0,0.0,0,0,0.0,3,medium,medium,Competent,4
s118_t11,118,2,1711800466,ml-q25,machine-learning,ml-supervised,easy,1250,medium,0.0,linear-regression|logistic-regression|decision-trees|svm,standard,0,0,none,0.0,practice_test,1620.0,advanced,0,0,0.0,0,0,0.0,0,0,0.0,0.8937746801781464,0.0,1,35.346730982455455,32,1.0,0.8937746801781464,3,0,advanced,1623,0.0,0,0,0.0,0,0,0.0,3,easy,easy,Competent,4
s118_t11,118,2,1711800467,ps-q83,probability-statistics,ps-hypothesis,easy,730,low,0.0,hypothesis-testing|p-value|type-I-error|type-II-error|t-test|significance-level,standard,0,0,none,0.0,practice_test,1623.0,advanced,0,0,0.0,0,0,0.0,0,0,0.0,0.9941794399053988,0.0,1,109.77523460785535,32,1.0,0.9941794399053988,0,0,advanced,1623,0.0,0,0,0.0,0,0,0.0,0,easy,easy,Competent,2
s118_t11,118,2,1711800468,dsa-q31,programming-dsa,dsa-arrays,medium,1460,high,0.0,array-operations|indexing|searching|sorting,standard,0,0,none,0.0,practice_test,1623.0,advanced,0,0,0.0,0,0,0.0,0,0,0.0,0.718756829898782,0.0,0,17.162775774034863,32,1.0,0.718756829898782,-23,0,advanced,1600,0.0,0,0,0.0,0,0,0.0,-23,medium,medium,Competent,6
s118_t11,118,2,1711800469,dbms-q65,dbms,dbms-normalization,medium,1400,high,0.0,functional-dependencies|closure-of-attributes|canonical-cover|lossless-join-decomposition|dependency-preservation|first-normal-form|second-normal-form|third-normal-form|boyce-codd-normal-form,standard,0,0,none,0.0,practice_test,1600.0,advanced,0,0,0.0,0,0,0.0,0,0,0.0,0.7597469266479578,0.0,0,99.43152291031886,32,1.0,0.7597469266479578,-24,0,advanced,1576,0.0,0,0,0.0,0,0,0.0,-24,medium,medium,Competent,4
s118_t11,118,2,1711800470,ps-q73,probability-statistics,ps-distributions,medium,1200,medium,0.0,normal-distribution|binomial-distribution|poisson-distribution|cumulative-distribution|expected-value|variance,standard,0,0,none,0.0,practice_test,1576.0,advanced,0,0,0.0,0,0,0.0,0,0,0.0,0.8970095263772729,0.0,1,85.64374545522215,32,1.0,0.8970095263772729,3,0,advanced,1579,0.0,0,0,0.0,0,0,0.0,3,medium,medium,Competent,4
s118_t11,118,2,1711800471,ps-q93,probability-statistics,ps-hypothesis,medium,1100,medium,0.0,hypothesis-testing|p-value|type-I-error|type-II-error|t-test|significance-level,standard,0,0,none,0.0,practice_test,1579.0,advanced,0,0,0.0,0,0,0.0,0,0,0.0,0.9403268663710864,0.0,1,82.26297718280607,32,1.0,0.9403268663710864,2,0,advanced,1581,0.0,0,0,0.0,0,0,0.0,2,medium,medium,Competent,4
s118_t11,118,2,1711800472,ds-q193,artificial-intelligence,statistics,hard,1920,high,0.0,descriptive-statistics|mean|variance|standard-deviation,standard,0,0,none,0.0,practice_test,1581.0,advanced,0,0,0.0,0,0,0.0,0,0,0.0,0.1243963313590066,0.0,0,23.610251705926952,32,1.0,0.1243963313590066,-4,0,advanced,1577,0.0,0,0,0.0,0,0,0.0,-4,hard,hard,Competent,8
s118_t11,118,2,1711800473,dsa-q39,programming-dsa,dsa-arrays,easy,890,low,0.0,array-operations|indexing|searching|sorting,standard,0,0,none,0.0,practice_test,1577.0,advanced,0,0,0.0,0,0,0.0,0,0,0.0,0.9811957652105316,0.0,1,5.0,32,1.0,0.9811957652105316,1,0,advanced,1578,0.0,0,0,0.0,0,0,0.0,1,easy,easy,Competent,2
s118_t11,118,2,1711800474,dsa-q20,programming-dsa,dsa-complexity,hard,2460,high,0.0,time-complexity|space-complexity|big-o-notation,standard,0,0,none,0.0,practice_test,1578.0,advanced,0,0,0.0,0,0,0.0,0,0,0.0,0.0061986849971551,0.0,0,40.89526081266858,32,1.0,0.0061986849971551,0,0,advanced,1578,0.0,0,0,0.0,0,0,0.0,0,hard,hard,Competent,10
s118_t11,118,2,1711800475,la-33,linear-algebra,la-eigenvalues,hard,1360,high,0.0,,standard,0,0,none,0.0,practice_test,1578.0,advanced,0,0,0.0,0,0,0.0,0,0,0.0,0.7781484542191325,0.0,1,40.33981394127704,32,1.0,0.7781484542191325,7,0,advanced,1585,0.0,0,0,0.0,0,0,0.0,7,hard,hard,Competent,4
s118_t11,118,2,1711800476,ga-q29,general-aptitude,ga-logical-reasoning,easy,800,low,0.0,syllogisms|logical-deduction|critical-reasoning,standard,0,0,none,0.0,practice_test,1585.0,advanced,0,0,0.0,0,0,0.0,0,0,0.0,0.9892157235852383,0.0,1,91.55601533064512,32,1.0,0.9892157235852383,0,0,advanced,1585,0.0,0,0,0.0,0,0,0.0,0,easy,easy,Competent,2
s118_t11,118,2,1711800477,ds-q413,dbms,dbms,medium,1220,medium,0.0,database-fundamentals|acid-properties|transactions,standard,0,0,none,0.0,practice_test,1585.0,advanced,0,0,0.0,0,0,0.0,0,0,0.0,0.8910109110457655,0.0,1,69.8600234564196,32,1.0,0.8910109110457655,3,0,advanced,1588,0.0,0,0,0.0,0,0,0.0,3,medium,medium,Competent,4
s118_t11,118,2,1711800478,la-q45,linear-algebra,la-matrices,medium,1090,medium,0.0,addition|scalar-multiplication|matrix-multiplication|determinants|minors|cofactors|symmetric|orthogonal,standard,0,0,none,0.0,practice_test,1588.0,advanced,0,0,0.0,0,0,0.0,0,0,0.0,0.946176473968739,0.0,1,55.82010672531939,32,1.0,0.946176473968739,2,0,advanced,1590,0.0,0,0,0.0,0,0,0.0,2,medium,medium,Competent,4
s118_t11,118,2,1711800479,co-q43,calculus-optimization,co-integration,easy,740,low,0.0,definite-integrals|indefinite-integrals|integration-by-parts|u-substitution|fundamental-theorem,standard,0,0,none,0.0,practice_test,1590.0,advanced,0,0,0.0,0,0,0.0,0,0,0.0,0.9925568734814316,0.0,1,47.318710422627525,32,1.0,0.9925568734814316,0,0,advanced,1590,0.0,0,0,0.0,0,0,0.0,0,easy,easy,Competent,2
s118_t11,118,2,1711800480,ml-q6,machine-learning,ml-supervised,easy,890,low,0.0,linear-regression|logistic-regression|decision-trees|svm,standard,0,0,none,0.0,practice_test,1590.0,advanced,0,0,0.0,0,0,0.0,0,0,0.0,0.9825279085051666,0.0,1,126.24771025802356,32,1.0,0.9825279085051666,1,0,advanced,1591,0.0,0,0,0.0,0,0,0.0,1,easy,easy,Competent,2
s118_t11,118,2,1711800481,ga-q5,general-aptitude,ga-logical-reasoning,easy,700,low,0.0,syllogisms|logical-deduction|critical-reasoning,standard,0,0,none,0.0,practice_test,1591.0,advanced,0,0,0.0,0,0,0.0,0,0,0.0,0.9941124378112868,0.0,1,134.63645321645026,32,1.0,0.9941124378112868,0,0,advanced,1591,0.0,0,0,0.0,0,0,0.0,0,easy,easy,Competent,2
s118_t11,118,2,1711800482,ml-q107,machine-learning,ml-unsupervised,medium,1480,high,0.0,clustering|k-means|hierarchical-clustering|dimensionality-reduction|pca,standard,0,0,none,0.0,practice_test,1591.0,advanced,0,0,0.0,0,0,0.0,0,0,0.0,0.654519994382466,0.0,1,36.765241705734304,32,1.0,0.654519994382466,11,0,advanced,1602,0.0,0,0,0.0,0,0,0.0,11,medium,medium,Competent,6
s118_t11,118,2,1711800483,ds-q85,artificial-intelligence,algorithms,easy,1200,medium,0.0,sorting|searching|dynamic-programming|greedy,standard,0,0,none,0.0,practice_test,1602.0,advanced,0,0,0.0,0,0,0.0,0,0,0.0,0.9100379198115164,0.0,1,56.97094219175968,32,1.0,0.9100379198115164,3,0,advanced,1605,0.0,0,0,0.0,0,0,0.0,3,easy,easy,Competent,4
s118_t11,118,2,1711800484,co-q27,calculus-optimization,co-differentiation,medium,1480,high,0.0,partial-derivatives|chain-rule|product-rule|critical-points|gradients|implicit-differentiation,standard,0,0,none,0.0,practice_test,1605.0,advanced,0,0,0.0,0,0,0.0,0,0,0.0,0.672509643334985,0.0,1,108.73814017729528,32,1.0,0.672509643334985,10,0,advanced,1615,0.0,0,0,0.0,0,0,0.0,10,medium,medium,Competent,6
s118_t11,118,2,1711800485,ga-q13,general-aptitude,ga-quantitative-aptitude,easy,880,low,0.0,arithmetic|algebra|geometry|permutations|combinations,standard,0,0,none,0.0,practice_test,1615.0,advanced,0,0,0.0,0,0,0.0,0,0,0.0,0.9856704765188248,0.0,1,99.29638484635797,32,1.0,0.9856704765188248,0,0,advanced,1615,0.0,0,0,0.0,0,0,0.0,0,easy,easy,Competent,2
s118_t11,118,2,1711800486,dsa-q76,programming-dsa,dsa-complexity,medium,1270,medium,0.0,time-complexity|space-complexity|big-o-notation,standard,0,0,none,0.0,practice_test,1615.0,advanced,0,0,0.0,0,0,0.0,0,0,0.0,0.8793171534540078,0.0,1,128.65838195425425,32,1.0,0.8793171534540078,4,0,advanced,1619,0.0,0,0,0.0,0,0,0.0,4,medium,medium,Competent,4
s118_t11,118,2,1711800487,ga-q7,general-aptitude,ga-quantitative-aptitude,easy,820,low,0.0,arithmetic|algebra|geometry|permutations|combinations,standard,0,0,none,0.0,practice_test,1619.0,advanced,0,0,0.0,0,0,0.0,0,0,0.0,0.9900424200270772,0.0,1,65.56343404867914,32,1.0,0.9900424200270772,0,0,advanced,1619,0.0,0,0,0.0,0,0,0.0,0,easy,easy,Competent,2
s118_t11,118,2,1711800488,ga-q21,general-aptitude,ga-verbal-reasoning,easy,750,low,0.0,reading-comprehension|vocabulary|sentence-correction|para-jumbles,standard,0,0,none,0.0,practice_test,1619.0,advanced,0,0,0.0,0,0,0.0,0,0,0.0,0.9933228607928176,0.0,1,42.92948932026911,32,1.0,0.9933228607928176,0,0,advanced,1619,0.0,0,0,0.0,0,0,0.0,0,easy,easy,Competent,2
s118_t11,118,2,1711800489,ds-q419,probability-statistics,probability,easy,880,low,0.0,sample-spaces|events|conditional-probability|independence,standard,0,0,none,0.0,practice_test,1619.0,advanced,0,0,0.0,0,0,0.0,0,0,0.0,0.9859920871977638,0.0,1,81.8015987942663,32,1.0,0.9859920871977638,0,0,advanced,1619,0.0,0,0,0.0,0,0,0.0,0,easy,easy,Competent,2
s119_t16,119,3,1711900675,dbms-q62,dbms,dbms-normalization,easy,1250,medium,0.0,functional-dependencies|closure-of-attributes|canonical-cover|lossless-join-decomposition|dependency-preservation|first-normal-form|second-normal-form|third-normal-form|boyce-codd-normal-form,standard,0,0,none,0.0,practice_test,1738.0,advanced,0,0,0.0,0,0,0.0,0,0,0.0,0.9431684791599028,0.0,1,115.53000577768871,32,1.0,0.9431684791599028,2,0,advanced,1740,0.0,0,0,0.0,0,0,0.0,2,easy,easy,Competent,4
s119_t16,119,3,1711900676,dbms-q28,dbms,dbms-sql,medium,1060,medium,0.0,select|joins|group-by|aggregation,standard,0,0,none,0.0,practice_test,1740.0,advanced,0,0,0.0,0,0,0.0,0,0,0.0,0.9804376961274206,0.0,1,97.07077984139852,32,1.0,0.9804376961274206,1,0,advanced,1741,0.0,0,0,0.0,0,0,0.0,1,medium,medium,Competent,4
s119_t16,119,3,1711900677,dsa-q24,programming-dsa,dsa-arrays,easy,870,low,0.0,array-operations|indexing|searching|sorting,standard,0,0,none,0.0,practice_test,1741.0,advanced,0,0,0.0,0,0,0.0,0,0,0.0,0.9933987888256804,0.0,1,93.40675672077128,32,1.0,0.9933987888256804,0,0,advanced,1741,0.0,0,0,0.0,0,0,0.0,0,easy,easy,Competent,2
s119_t16,119,3,1711900678,dsa-q4,programming-dsa,dsa-complexity,easy,960,medium,0.0,time-complexity|space-complexity|big-o-notation,standard,0,0,none,0.0,practice_test,1741.0,advanced,0,0,0.0,0,0,0.0,0,0,0.0,0.9889672969116484,0.0,1,35.922776409451814,32,1.0,0.9889672969116484,0,0,advanced,1741,0.0,0,0,0.0,0,0,0.0,0,easy,easy,Competent,2
s119_t16,119,3,1711900679,ga-q26,general-aptitude,ga-verbal-reasoning,easy,830,low,0.0,reading-comprehension|vocabulary|sentence-correction|para-jumbles,standard,0,0,none,0.0,practice_test,1741.0,advanced,0,0,0.0,0,0,0.0,0,0,0.0,0.9947493428542002,0.0,1,90.97023290387298,32,1.0,0.9947493428542002,0,0,advanced,1741,0.0,0,0,0.0,0,0,0.0,0,easy,easy,Competent,2
s119_t16,119,3,1711900680,la-20,linear-algebra,la-matrices,medium,1210,medium,0.0,,standard,0,0,none,0.0,practice_test,1741.0,advanced,0,0,0.0,0,0,0.0,0,0,0.0,0.955070120057404,0.0,1,90.56702627535742,32,1.0,0.955070120057404,1,0,advanced,1742,0.0,0,0,0.0,0,0,0.0,1,medium,medium,Competent,4
s119_t16,119,3,1711900681,ps-q58,probability-statistics,ps-distributions,medium,1350,high,0.0,normal-distribution|binomial-distribution|poisson-distribution|cumulative-distribution|expected-value|variance,standard,0,0,none,0.0,practice_test,1742.0,advanced,0,0,0.0,0,0,0.0,0,0,0.0,0.905212604026804,0.0,1,41.73137466738834,32,1.0,0.905212604026804,3,0,advanced,1745,0.0,0,0,0.0,0,0,0.0,3,medium,medium,Competent,4
s119_t16,119,3,1711900682,dsa-q67,programming-dsa,dsa-complexity,easy,740,low,0.0,time-complexity|space-complexity|big-o-notation,standard,0,0,none,0.0,practice_test,1745.0,advanced,0,0,0.0,0,0,0.0,0,0,0.0,0.9969368543255356,0.0,1,35.40184039868065,32,1.0,0.9969368543255356,0,0,advanced,1745,0.0,0,0,0.0,0,0,0.0,0,easy,easy,Competent,2
s119_t16,119,3,1711900683,co-q12,calculus-optimization,co-optimization,medium,1200,medium,0.0,critical-points|extrema|optimization|lagrange-multipliers,standard,0,0,none,0.0,practice_test,1745.0,advanced,0,0,0.0,0,0,0.0,0,0,0.0,0.9584042709678974,0.0,0,101.4110227976187,32,1.0,0.9584042709678974,-31,0,advanced,1714,0.0,0,0,0.0,0,0,0.0,-31,medium,medium,Competent,4
s119_t16,119,3,1711900684,ml-q106,machine-learning,ml-unsupervised,easy,840,low,0.0,clustering|k-means|hierarchical-clustering|dimensionality-reduction|pca,standard,0,0,none,0.0,practice_test,1714.0,advanced,0,0,0.0,0,0,0.0,0,0,0.0,0.9935110756211816,0.0,1,116.79897076356724,32,1.0,0.9935110756211816,0,0,advanced,1714,0.0,0,0,0.0,0,0,0.0,0,easy,easy,Competent,2
s119_t16,119,3,1711900685,ps-q40,probability-statistics,ps-probability,medium,1350,high,0.0,basic-probability|bayes-theorem|conditional-probability|independence|random-variables,standard,0,0,none,0.0,practice_test,1714.0,advanced,0,0,0.0,0,0,0.0,0,0,0.0,0.8904506387229247,0.0,1,99.97254217664926,32,1.0,0.8904506387229247,4,0,advanced,1718,0.0,0,0,0.0,0,0,0.0,4,medium,medium,Competent,4
s119_t16,119,3,1711900686,ml-q20,machine-learning,ml-supervised,easy,1200,medium,0.0,linear-regression|logistic-regression|decision-trees|svm,standard,0,0,none,0.0,practice_test,1718.0,advanced,0,0,0.0,0,0,0.0,0,0,0.0,0.9517472964094822,0.0,1,58.30128276535381,32,1.0,0.9517472964094822,2,0,advanced,1720,0.0,0,0,0.0,0,0,0.0,2,easy,easy,Competent,4
s119_t16,119,3,1711900687,ga-q10,general-aptitude,ga-logical-reasoning,easy,760,low,0.0,syllogisms|logical-deduction|critical-reasoning,standard,0,0,none,0.0,practice_test,1720.0,advanced,0,0,0.0,0,0,0.0,0,0,0.0,0.9960347143808476,0.0,0,47.01067152252615,32,1.0,0.9960347143808476,-32,0,advanced,1688,0.0,0,0,0.0,0,0,0.0,-32,easy,easy,Competent,2
s119_t16,119,3,1711900688,ai-q14,artificial-intelligence,ai-search,easy,850,low,0.0,breadth-first-search|depth-first-search|a-star|heuristics,standard,0,0,none,0.0,practice_test,1688.0,advanced,0,0,0.0,0,0,0.0,0,0,0.0,0.9920287895364728,0.0,1,102.1272973830121,32,1.0,0.9920287895364728,0,0,advanced,1688,0.0,0,0,0.0,0,0,0.0,0,easy,easy,Competent,2
s119_t16,119,3,1711900689,ds-q303,machine-learning,machine-learning,medium,1010,medium,0.0,supervised|unsupervised|reinforcement|evaluation,standard,0,0,none,0.0,practice_test,1688.0,advanced,0,0,0.0,0,0,0.0,0,0,0.0,0.9802156568897962,0.0,1,52.41356081823256,32,1.0,0.9802156568897962,1,0,advanced,1689,0.0,0,0,0.0,0,0,0.0,1,medium,medium,Competent,2
s119_t16,119,3,1711900690,dsa-q73,programming-dsa,dsa-complexity,easy,700,low,0.0,time-complexity|space-complexity|big-o-notation,standard,0,0,none,0.0,practice_test,1689.0,advanced,0,0,0.0,0,0,0.0,0,0,0.0,0.9966423198407088,0.0,0,117.43359567787708,32,1.0,0.9966423198407088,-32,0,advanced,1657,0.0,0,0,0.0,0,0,0.0,-32,easy,easy,Competent,2
s119_t16,119,3,1711900691,dsa-q71,programming-dsa,dsa-complexity,medium,1080,medium,0.0,time-complexity|space-complexity|big-o-notation,standard,0,0,none,0.0,practice_test,1657.0,advanced,0,0,0.0,0,0,0.0,0,0,0.0,0.965158360953298,0.0,1,52.12038744301884,32,1.0,0.965158360953298,1,0,advanced,1658,0.0,0,0,0.0,0,0,0.0,1,medium,medium,Competent,4
s119_t16,119,3,1711900692,ga-q27,general-aptitude,ga-quantitative-aptitude,easy,730,low,0.0,arithmetic|algebra|geometry|permutations|combinations,standard,0,0,none,0.0,practice_test,1658.0,advanced,0,0,0.0,0,0,0.0,0,0,0.0,0.9952364986277892,0.0,1,94.35353884051092,32,1.0,0.9952364986277892,0,0,advanced,1658,0.0,0,0,0.0,0,0,0.0,0,easy,easy,Competent,2
s119_t16,119,3,1711900693,dbms-q43,dbms,dbms-sql,medium,1380,high,0.0,select|joins|group-by|aggregation,standard,0,0,none,0.0,practice_test,1658.0,advanced,0,0,0.0,0,0,0.0,0,0,0.0,0.8320598405303332,0.0,0,81.57574570986087,32,1.0,0.8320598405303332,-27,0,advanced,1631,0.0,0,0,0.0,0,0,0.0,-27,medium,medium,Competent,4
s119_t16,119,3,1711900694,ga-q2,general-aptitude,ga-quantitative-aptitude,easy,860,low,0.0,arithmetic|algebra|geometry|permutations|combinations,standard,0,0,none,0.0,practice_test,1631.0,advanced,0,0,0.0,0,0,0.0,0,0,0.0,0.9883212029203842,0.0,1,26.498261180488413,32,1.0,0.9883212029203842,0,0,advanced,1631,0.0,0,0,0.0,0,0,0.0,0,easy,easy,Competent,2
s119_t16,119,3,1711900695,ps-q69,probability-statistics,ps-distributions,medium,1490,high,0.0,normal-distribution|binomial-distribution|poisson-distribution|cumulative-distribution|expected-value|variance,standard,0,0,none,0.0,practice_test,1631.0,advanced,0,0,0.0,0,0,0.0,0,0,0.0,0.6924633925795177,0.0,1,64.9679809625341,32,1.0,0.6924633925795177,10,0,advanced,1641,0.0,0,0,0.0,0,0,0.0,10,medium,medium,Competent,6
s119_t16,119,3,1711900696,ml-q23,machine-learning,ml-supervised,easy,720,low,0.0,linear-regression|logistic-regression|decision-trees|svm,standard,0,0,none,0.0,practice_test,1641.0,advanced,0,0,0.0,0,0,0.0,0,0,0.0,0.9950416036477664,0.0,1,91.89484009707304,32,1.0,0.9950416036477664,0,0,advanced,1641,0.0,0,0,0.0,0,0,0.0,0,easy,easy,Competent,2
s119_t16,119,3,1711900697,ds-q353,artificial-intelligence,algorithms,medium,1440,high,0.0,sorting|searching|dynamic-programming|greedy,standard,0,0,none,0.0,practice_test,1641.0,advanced,0,0,0.0,0,0,0.0,0,0,0.0,0.7607960909891424,0.0,0,108.02433965809485,32,1.0,0.7607960909891424,-24,0,advanced,1617,0.0,0,0,0.0,0,0,0.0,-24,medium,medium,Competent,6
s119_t16,119,3,1711900698,dsa-q32,programming-dsa,dsa-arrays,medium,1250,medium,0.0,array-operations|indexing|searching|sorting,standard,0,0,none,0.0,practice_test,1617.0,advanced,0,0,0.0,0,0,0.0,0,0,0.0,0.8921239139432269,0.0,1,54.29037935205148,32,1.0,0.8921239139432269,3,0,advanced,1620,0.0,0,0,0.0,0,0,0.0,3,medium,medium,Competent,4
s119_t16,119,3,1711900699,la-34,linear-algebra,la-eigenvalues,medium,1410,high,0.0,,standard,0,0,none,0.0,practice_test,1620.0,advanced,0,0,0.0,0,0,0.0,0,0,0.0,0.770096676660982,0.0,1,80.6196768015618,32,1.0,0.770096676660982,7,0,advanced,1627,0.0,0,0,0.0,0,0,0.0,7,medium,medium,Competent,4
s119_t16,119,3,1711900700,ga-q19,general-aptitude,ga-quantitative-aptitude,medium,1120,medium,0.0,arithmetic|algebra|geometry|permutations|combinations,standard,0,0,none,0.0,practice_test,1627.0,advanced,0,0,0.0,0,0,0.0,0,0,0.0,0.9487547111474992,0.0,1,74.93234163648894,32,1.0,0.9487547111474992,2,0,advanced,1629,0.0,0,0,0.0,0,0,0.0,2,medium,medium,Competent,4
s119_t16,119,3,1711900701,ds-q30,calculus-optimization,calculus,easy,830,low,0.0,derivatives|integrals|limits|continuity,standard,0,0,none,0.0,practice_test,1629.0,advanced,0,0,0.0,0,0,0.0,0,0,0.0,0.9900424200270772,0.0,1,44.22153769326519,32,1.0,0.9900424200270772,0,0,advanced,1629,0.0,0,0,0.0,0,0,0.0,0,easy,easy,Competent,2
s119_t16,119,3,1711900702,dbms-q38,dbms,dbms-sql,easy,990,medium,0.0,select|joins|group-by|aggregation,standard,0,0,none,0.0,practice_test,1629.0,advanced,0,0,0.0,0,0,0.0,0,0,0.0,0.9753586587164796,0.0,1,51.94560450646179,32,1.0,0.9753586587164796,1,0,advanced,1630,0.0,0,0,0.0,0,0,0.0,1,easy,easy,Competent,2
s119_t16,119,3,1711900703,ds-q298,machine-learning,machine-learning,medium,1280,medium,0.0,supervised|unsupervised|reinforcement|evaluation,standard,0,0,none,0.0,practice_test,1630.0,advanced,0,0,0.0,0,0,0.0,0,0,0.0,0.8823382970469413,0.0,0,17.66829668193199,32,1.0,0.8823382970469413,-28,0,advanced,1602,0.0,0,0,0.0,0,0,0.0,-28,medium,medium,Competent,4
s119_t16,119,3,1711900704,ga-q30,general-aptitude,ga-logical-reasoning,medium,1130,medium,0.0,syllogisms|logical-deduction|critical-reasoning,standard,0,0,none,0.0,practice_test,1602.0,advanced,0,0,0.0,0,0,0.0,0,0,0.0,0.938025284074642,0.0,1,123.66054116876484,32,1.0,0.938025284074642,2,0,advanced,1604,0.0,0,0,0.0,0,0,0.0,2,medium,medium,Competent,4
s119_t16,119,3,1711900705,ds-q58,artificial-intelligence,graph-algorithms,easy,980,medium,0.0,shortest-path|minimum-spanning-tree|traversal,standard,0,0,none,0.0,practice_test,1604.0,advanced,0,0,0.0,0,0,0.0,0,0,0.0,0.9731959575961598,0.0,0,96.79397752841724,32,1.0,0.9731959575961598,-31,0,advanced,1573,0.0,0,0,0.0,0,0,0.0,-31,easy,easy,Competent,2
s119_t16,119,3,1711900706,la-q39,linear-algebra,la-matrices,medium,1410,high,0.0,addition|scalar-multiplication|matrix-multiplication|determinants|minors|cofactors|symmetric|orthogonal,standard,0,0,none,0.0,practice_test,1573.0,advanced,0,0,0.0,0,0,0.0,0,0,0.0,0.718756829898782,0.0,1,88.81833752680103,32,1.0,0.718756829898782,9,0,advanced,1582,0.0,0,0,0.0,0,0,0.0,9,medium,medium,Competent,4
s119_t16,119,3,1711900707,dsa-q59,programming-dsa,dsa-trees,medium,1390,high,0.0,binary-trees|bst|tree-traversal|balanced-trees,standard,0,0,none,0.0,practice_test,1582.0,advanced,0,0,0.0,0,0,0.0,0,0,0.0,0.7512407935337106,0.0,1,45.59144469506062,32,1.0,0.7512407935337106,8,0,advanced,1590,0.0,0,0,0.0,0,0,0.0,8,medium,medium,Competent,4
s119_t16,119,3,1711900708,dsa-q43,programming-dsa,dsa-arrays,easy,1250,medium,0.0,array-operations|indexing|searching|sorting,standard,0,0,none,0.0,practice_test,1590.0,advanced,0,0,0.0,0,0,0.0,0,0,0.0,0.8762293189310646,0.0,1,60.72943537172508,32,1.0,0.8762293189310646,4,0,advanced,1594,0.0,0,0,0.0,0,0,0.0,4,easy,easy,Competent,4
s119_t16,119,3,1711900709,la-q59,linear-algebra,la-eigenvalues,hard,1840,high,0.0,eigenvalues|eigenvectors|diagonalization|spectral-theorem,standard,0,0,none,0.0,practice_test,1594.0,advanced,0,0,0.0,0,0,0.0,0,0,0.0,0.1952753065007405,0.0,1,38.88881842446847,32,1.0,0.1952753065007405,26,0,advanced,1620,0.0,0,0,0.0,0,0,0.0,26,hard,hard,Competent,8
s119_t16,119,3,1711900710,ml-q130,machine-learning,ml-evaluation,medium,1230,medium,0.0,accuracy|precision|recall|f1-score|cross-validation,standard,0,0,none,0.0,practice_test,1620.0,advanced,0,0,0.0,0,0,0.0,0,0,0.0,0.904220144369614,0.0,1,45.20541237215579,32,1.0,0.904220144369614,3,0,advanced,1623,0.0,0,0,0.0,0,0,0.0,3,medium,medium,Competent,4
s119_t16,119,3,1711900711,ml-q22,general-aptitude,unknown,easy,1340,high,0.0,,standard,0,0,none,0.0,practice_test,1623.0,advanced,0,0,0.0,0,0,0.0,0,0,0.0,0.836043425542047,0.0,0,113.636403405346,32,1.0,0.836043425542047,-27,0,advanced,1596,0.0,0,0,0.0,0,0,0.0,-27,easy,easy,Competent,4
s119_t16,119,3,1711900712,ds-q109,probability-statistics,probability,medium,1200,medium,0.0,sample-spaces|events|conditional-probability|independence,standard,0,0,none,0.0,practice_test,1596.0,advanced,0,0,0.0,0,0,0.0,0,0,0.0,0.9071699361527148,0.0,0,98.64157811118784,32,1.0,0.9071699361527148,-29,0,advanced,1567,0.0,0,0,0.0,0,0,0.0,-29,medium,medium,Competent,4
s119_t16,119,3,1711900713,ps-q53,probability-statistics,ps-probability,medium,1340,high,0.0,basic-probability|bayes-theorem|conditional-probability|independence|random-variables,standard,0,0,none,0.0,practice_test,1567.0,advanced,0,0,0.0,0,0,0.0,0,0,0.0,0.7869632793894692,0.0,1,85.33153311078503,32,1.0,0.7869632793894692,7,0,advanced,1574,0.0,0,0,0.0,0,0,0.0,7,medium,medium,Competent,4
s119_t16,119,3,1711900714,ml-q74,machine-learning,ml-unsupervised,hard,2320,high,0.0,clustering|dimensionality-reduction|pca,standard,0,0,none,0.0,practice_test,1574.0,advanced,0,0,0.0,0,0,0.0,0,0,0.0,0.0134621294180251,0.0,0,60.07290597188067,32,1.0,0.0134621294180251,0,0,advanced,1574,0.0,0,0,0.0,0,0,0.0,0,hard,hard,Competent,10
s119_t16,119,3,1711900715,ga-q21,general-aptitude,ga-verbal-reasoning,easy,750,low,0.0,reading-comprehension|vocabulary|sentence-correction|para-jumbles,standard,0,0,none,0.0,practice_test,1574.0,advanced,0,0,0.0,0,0,0.0,0,0,0.0,0.9913655668692074,0.0,1,80.14747321736994,32,1.0,0.9913655668692074,0,0,advanced,1574,0.0,0,0,0.0,0,0,0.0,0,easy,easy,Competent,2
s119_t16,119,3,1711900716,ds-q170,probability-statistics,probability,medium,1020,medium,0.0,sample-spaces|events|conditional-probability|independence,standard,0,0,none,0.0,practice_test,1574.0,advanced,0,0,0.0,0,0,0.0,0,0,0.0,0.9604212774283488,0.0,1,87.72285028494848,32,1.0,0.9604212774283488,1,0,advanced,1575,0.0,0,0,0.0,0,0,0.0,1,medium,medium,Competent,2
s119_t16,119,3,1711900717,ga-q4,general-aptitude,ga-quantitative-aptitude,easy,870,low,0.0,arithmetic|algebra|geometry|permutations|combinations,standard,0,0,none,0.0,practice_test,1575.0,advanced,0,0,0.0,0,0,0.0,0,0,0.0,0.983015207846485,0.0,1,120.60547169280538,32,1.0,0.983015207846485,1,0,advanced,1576,0.0,0,0,0.0,0,0,0.0,1,easy,easy,Competent,2
s119_t16,119,3,1711900718,dsa-q69,programming-dsa,dsa-complexity,medium,1170,medium,0.0,time-complexity|space-complexity|big-o-notation,standard,0,0,none,0.0,practice_test,1576.0,advanced,0,0,0.0,0,0,0.0,0,0,0.0,0.9119053076034236,0.0,1,86.20484027284964,32,1.0,0.9119053076034236,3,0,advanced,1579,0.0,0,0,0.0,0,0,0.0,3,medium,medium,Competent,4
s119_t16,119,3,1711900719,la-30,linear-algebra,la-matrices,medium,1210,medium,0.0,,standard,0,0,none,0.0,practice_test,1579.0,advanced,0,0,0.0,0,0,0.0,0,0,0.0,0.8932269128257911,0.0,1,121.49759634523826,32,1.0,0.8932269128257911,3,0,advanced,1582,0.0,0,0,0.0,0,0,0.0,3,medium,medium,Competent,4
s119_t16,119,3,1711900720,ds-q339,probability-statistics,probability,easy,980,medium,0.0,sample-spaces|events|conditional-probability|independence,standard,0,0,none,0.0,practice_test,1582.0,advanced,0,0,0.0,0,0,0.0,0,0,0.0,0.9696868203823084,0.0,1,98.11987613643224,32,1.0,0.9696868203823084,1,0,advanced,1583,0.0,0,0,0.0,0,0,0.0,1,easy,easy,Competent,2
s119_t16,119,3,1711900721,ga-q22,general-aptitude,ga-quantitative-aptitude,easy,930,medium,0.0,arithmetic|algebra|geometry|permutations|combinations,standard,0,0,none,0.0,practice_test,1583.0,advanced,0,0,0.0,0,0,0.0,0,0,0.0,0.9772231456449872,0.0,1,55.8875468211575,32,1.0,0.9772231456449872,1,0,advanced,1584,0.0,0,0,0.0,0,0,0.0,1,easy,easy,Competent,2
s119_t16,119,3,1711900722,co-q45,calculus-optimization,co-integration,easy,990,medium,0.0,definite-integrals|indefinite-integrals|integration-by-parts|u-substitution|fundamental-theorem,standard,0,0,none,0.0,practice_test,1584.0,advanced,0,0,0.0,0,0,0.0,0,0,0.0,0.9683034863911132,0.0,1,13.672846800941304,32,1.0,0.9683034863911132,1,0,advanced,1585,0.0,0,0,0.0,0,0,0.0,1,easy,easy,Competent,2
s119_t16,119,3,1711900723,ds-q208,artificial-intelligence,programming,easy,900,low,0.0,c-programming|functions|pointers|memory,standard,0,0,none,0.0,practice_test,1585.0,advanced,0,0,0.0,0,0,0.0,0,0,0.0,0.9809821634304348,0.0,1,86.3486790465234,32,1.0,0.9809821634304348,1,0,advanced,1586,0.0,0,0,0.0,0,0,0.0,1,easy,easy,Competent,2
s119_t16,119,3,1711900724,dsa-q48,programming-dsa,dsa-trees,medium,1410,high,0.0,binary-trees|bst|tree-traversal|balanced-trees,standard,0,0,none,0.0,practice_test,1586.0,advanced,0,0,0.0,0,0,0.0,0,0,0.0,0.7336337024138074,0.0,0,73.15142641300628,32,1.0,0.7336337024138074,-23,0,advanced,1563,0.0,0,0,0.0,0,0,0.0,-23,medium,medium,Competent,4
s119_t16,119,3,1711900725,ps-q87,probability-statistics,ps-hypothesis,medium,1030,medium,0.0,hypothesis-testing|p-value|type-I-error|type-II-error|t-test|significance-level,standard,0,0,none,0.0,practice_test,1563.0,advanced,0,0,0.0,0,0,0.0,0,0,0.0,0.95556157309804,0.0,1,56.90878171248684,32,1.0,0.95556157309804,1,0,advanced,1564,0.0,0,0,0.0,0,0,0.0,1,medium,medium,Competent,2
s119_t16,119,3,1711900726,la-q16,linear-algebra,la-eigenvalues,medium,1200,medium,0.0,eigenvalues|eigenvectors|diagonalization|spectral-theorem,standard,0,0,none,0.0,practice_test,1564.0,advanced,0,0,0.0,0,0,0.0,0,0,0.0,0.8904506387229247,0.0,1,108.44928511827074,32,1.0,0.8904506387229247,4,0,advanced,1568,0.0,0,0,0.0,0,0,0.0,4,medium,medium,Competent,4
s119_t16,119,3,1711900727,ps-q89,probability-statistics,ps-hypothesis,medium,1140,medium,0.0,hypothesis-testing|p-value|type-I-error|type-II-error|t-test|significance-level,standard,0,0,none,0.0,practice_test,1568.0,advanced,0,0,0.0,0,0,0.0,0,0,0.0,0.9215623250569782,0.0,1,64.97159499223984,32,1.0,0.9215623250569782,3,0,advanced,1571,0.0,0,0,0.0,0,0,0.0,3,medium,medium,Competent,4
s119_t16,119,3,1711900728,ds-q291,machine-learning,machine-learning,medium,1360,high,0.0,supervised|unsupervised|reinforcement|evaluation,standard,0,0,none,0.0,practice_test,1571.0,advanced,0,0,0.0,0,0,0.0,0,0,0.0,0.7711142606875975,0.0,1,95.9391185204138,32,1.0,0.7711142606875975,7,0,advanced,1578,0.0,0,0,0.0,0,0,0.0,7,medium,medium,Competent,4
s119_t16,119,3,1711900729,dsa-q63,programming-dsa,dsa-trees,easy,820,low,0.0,binary-trees|bst|tree-traversal|balanced-trees,standard,0,0,none,0.0,practice_test,1578.0,advanced,0,0,0.0,0,0,0.0,0,0,0.0,0.98742511079134,0.0,1,50.86918871628077,32,1.0,0.98742511079134,0,0,advanced,1578,0.0,0,0,0.0,0,0,0.0,0,easy,easy,Competent,2
s119_t16,119,3,1711900730,dsa-q49,programming-dsa,dsa-trees,easy,1250,medium,0.0,binary-trees|bst|tree-traversal|balanced-trees,standard,0,0,none,0.0,practice_test,1578.0,advanced,0,0,0.0,0,0,0.0,0,0,0.0,0.8685409999758518,0.0,1,60.1279134415289,32,1.0,0.8685409999758518,4,0,advanced,1582,0.0,0,0,0.0,0,0,0.0,4,easy,easy,Competent,4
s119_t16,119,3,1711900731,dsa-q22,programming-dsa,dsa-trees,medium,1120,medium,0.0,binary-trees|bst|tree-traversal|balanced-trees,standard,0,0,none,0.0,practice_test,1582.0,advanced,0,0,0.0,0,0,0.0,0,0,0.0,0.934593240137214,0.0,1,76.96143699946101,32,1.0,0.934593240137214,2,0,advanced,1584,0.0,0,0,0.0,0,0,0.0,2,medium,medium,Competent,4
s119_t16,119,3,1711900732,co-q41,calculus-optimization,co-integration,easy,950,medium,0.0,definite-integrals|indefinite-integrals|integration-by-parts|u-substitution|fundamental-theorem,standard,0,0,none,0.0,practice_test,1584.0,advanced,0,0,0.0,0,0,0.0,0,0,0.0,0.9746573536119648,0.0,1,45.51358453654315,32,1.0,0.9746573536119648,1,0,advanced,1585,0.0,0,0,0.0,0,0,0.0,1,easy,easy,Competent,2
s119_t16,119,3,1711900733,co-q54,calculus-optimization,co-integration,hard,2460,high,0.0,definite-integrals|indefinite-integrals|integration-by-parts|u-substitution|fundamental-theorem,standard,0,0,none,0.0,practice_test,1585.0,advanced,0,0,0.0,0,0,0.0,0,0,0.0,0.0064519187405765,0.0,0,70.40274861901088,32,1.0,0.0064519187405765,0,0,advanced,1585,0.0,0,0,0.0,0,0,0.0,0,hard,hard,Competent,10
s119_t16,119,3,1711900734,ga-q18,general-aptitude,ga-quantitative-aptitude,medium,1190,medium,0.0,arithmetic|algebra|geometry|permutations|combinations,standard,0,0,none,0.0,practice_test,1585.0,advanced,0,0,0.0,0,0,0.0,0,0,0.0,0.9066840316615196,0.0,1,128.8225702294836,32,1.0,0.9066840316615196,3,0,advanced,1588,0.0,0,0,0.0,0,0,0.0,3,medium,medium,Competent,4
s119_t16,119,3,1711900735,dsa-q12,programming-dsa,dsa-trees,easy,880,low,0.0,binary-trees|bst|tree-traversal|balanced-trees,standard,0,0,none,0.0,practice_test,1588.0,advanced,0,0,0.0,0,0,0.0,0,0,0.0,0.9833011506249288,0.0,1,47.55810945405647,32,1.0,0.9833011506249288,1,0,advanced,1589,0.0,0,0,0.0,0,0,0.0,1,easy,easy,Competent,2
s119_t16,119,3,1711900736,ps-q74,probability-statistics,ps-distributions,medium,1340,high,0.0,normal-distribution|binomial-distribution|poisson-distribution|cumulative-distribution|expected-value|variance,standard,0,0,none,0.0,practice_test,1589.0,advanced,0,0,0.0,0,0,0.0,0,0,0.0,0.8074241816712792,0.0,0,81.40963211542801,32,1.0,0.8074241816712792,-26,0,advanced,1563,0.0,0,0,0.0,0,0,0.0,-26,medium,medium,Competent,4
s119_t16,119,3,1711900737,la-q5,linear-algebra,la-eigenvalues,easy,760,low,0.0,eigenvalues|eigenvectors|diagonalization|spectral-theorem,standard,0,0,none,0.0,practice_test,1563.0,advanced,0,0,0.0,0,0,0.0,0,0,0.0,0.9902668760886076,0.0,1,74.87271984344045,32,1.0,0.9902668760886076,0,0,advanced,1563,0.0,0,0,0.0,0,0,0.0,0,easy,easy,Competent,2
s119_t16,119,3,1711900738,dbms-q14,dbms,dbms-sql,medium,1430,high,0.0,select|joins|group-by|aggregation,standard,0,0,none,0.0,practice_test,1563.0,advanced,0,0,0.0,0,0,0.0,0,0,0.0,0.6825703854747719,0.0,1,89.64954878100784,32,1.0,0.6825703854747719,10,0,advanced,1573,0.0,0,0,0.0,0,0,0.0,10,medium,medium,Competent,6
s119_t16,119,3,1711900739,ds-q249,artificial-intelligence,natural-language-processing,hard,1610,high,0.0,tokenization|embeddings|language-models,standard,0,0,none,0.0,practice_test,1573.0,advanced,0,0,0.0,0,0,0.0,0,0,0.0,0.4469531048305375,0.0,1,45.76519408742751,32,1.0,0.4469531048305375,18,0,advanced,1591,0.0,0,0,0.0,0,0,0.0,18,hard,hard,Competent,6
s123_t2,123,0,1712300030,dsa-q1,programming-dsa,dsa-complexity,easy,710,low,0.0,time-complexity|space-complexity|big-o-notation,standard,0,0,none,0.0,practice_test,1423.0,intermediate,0,0,0.0,0,0,0.0,0,0,0.0,0.9837672404220318,0.0,1,71.27703031886531,32,1.0,0.9837672404220318,1,0,intermediate,1424,0.0,0,0,0.0,0,0,0.0,1,easy,easy,Competent,2
s123_t2,123,0,1712300031,ml-q113,machine-learning,ml-unsupervised,medium,1060,medium,0.0,clustering|k-means|hierarchical-clustering|dimensionality-reduction|pca,standard,0,0,none,0.0,practice_test,1424.0,intermediate,0,0,0.0,0,0,0.0,0,0,0.0,0.8904506387229247,0.0,1,53.95699430628374,32,1.0,0.8904506387229247,4,0,intermediate,1428,0.0,0,0,0.0,0,0,0.0,4,medium,medium,Competent,4
s123_t2,123,0,1712300032,ds-q184,artificial-intelligence,linear-algebra,hard,1940,high,0.0,matrices|vectors|eigenvalues|linear-systems|transformations,standard,0,0,none,0.0,practice_test,1428.0,intermediate,0,0,0.0,0,0,0.0,0,0,0.0,0.0498638537789762,0.0,0,89.90177533706691,32,1.0,0.0498638537789762,-2,0,intermediate,1426,0.0,0,0,0.0,0,0,0.0,-2,hard,hard,Competent,8
s123_t2,123,0,1712300033,ps-q56,probability-statistics,ps-probability,hard,1830,high,0.0,basic-probability|bayes-theorem|conditional-probability|independence|random-variables,standard,0,0,none,0.0,practice_test,1426.0,intermediate,0,0,0.0,0,0,0.0,0,0,0.0,0.0890239685346547,0.0,0,63.85680200492988,32,1.0,0.0890239685346547,-3,0,intermediate,1423,0.0,0,0,0.0,0,0,0.0,-3,hard,hard,Competent,8
s123_t2,123,0,1712300034,ds-q376,machine-learning,machine-learning,medium,1060,medium,0.0,supervised|unsupervised|reinforcement|evaluation,standard,0,0,none,0.0,practice_test,1423.0,intermediate,0,0,0.0,0,0,0.0,0,0,0.0,0.8898878421811328,0.0,1,63.72687003189206,32,1.0,0.8898878421811328,4,0,intermediate,1427,0.0,0,0,0.0,0,0,0.0,4,medium,medium,Competent,4
s123_t2,123,0,1712300035,dbms-q24,dbms,dbms-normalization,medium,1110,medium,0.0,functional-dependencies|closure-of-attributes|canonical-cover|lossless-join-decomposition|dependency-preservation|first-normal-form|second-normal-form|third-normal-form|boyce-codd-normal-form,standard,0,0,none,0.0,practice_test,1427.0,intermediate,0,0,0.0,0,0,0.0,0,0,0.0,0.8611409356570433,0.0,1,138.6594537025684,32,1.0,0.8611409356570433,4,0,intermediate,1431,0.0,0,0,0.0,0,0,0.0,4,medium,medium,Competent,4
s123_t2,123,0,1712300036,ds-q243,artificial-intelligence,linear-algebra,medium,1230,medium,0.0,matrices|vectors|eigenvalues|linear-systems|transformations,standard,0,0,none,0.0,practice_test,1431.0,intermediate,0,0,0.0,0,0,0.0,0,0,0.0,0.7607960909891424,0.0,1,49.16759810205017,32,1.0,0.7607960909891424,8,0,intermediate,1439,0.0,0,0,0.0,0,0,0.0,8,medium,medium,Competent,4
s123_t2,123,0,1712300037,dsa-q2,programming-dsa,dsa-arrays,easy,990,medium,0.0,array-operations|indexing|searching|sorting,standard,0,0,none,0.0,practice_test,1439.0,intermediate,0,0,0.0,0,0,0.0,0,0,0.0,0.9298672374484248,0.0,1,45.360847559948965,32,1.0,0.9298672374484248,2,0,intermediate,1441,0.0,0,0,0.0,0,0,0.0,2,easy,easy,Competent,2
s123_t2,123,0,1712300038,ps-q64,probability-statistics,ps-distributions,easy,1150,medium,0.0,normal-distribution|binomial-distribution|poisson-distribution|cumulative-distribution|expected-value|variance,standard,0,0,none,0.0,practice_test,1441.0,intermediate,0,0,0.0,0,0,0.0,0,0,0.0,0.8422586724704255,0.0,1,64.80217451347514,32,1.0,0.8422586724704255,5,0,intermediate,1446,0.0,0,0,0.0,0,0,0.0,5,easy,easy,Competent,4
s123_t2,123,0,1712300039,ga-q23,general-aptitude,ga-logical-reasoning,easy,790,low,0.0,syllogisms|logical-deduction|critical-reasoning,standard,0,0,none,0.0,practice_test,1446.0,intermediate,0,0,0.0,0,0,0.0,0,0,0.0,0.9776043775428296,0.0,1,23.97456207909252,32,1.0,0.9776043775428296,1,0,intermediate,1447,0.0,0,0,0.0,0,0,0.0,1,easy,easy,Competent,2
s123_t2,123,0,1712300040,dsa-q70,programming-dsa,dsa-complexity,hard,2010,high,0.0,time-complexity|space-complexity|big-o-notation,standard,0,0,none,0.0,practice_test,1447.0,intermediate,0,0,0.0,0,0,0.0,0,0,0.0,0.0376556793895777,0.0,0,107.65301926945628,32,1.0,0.0376556793895777,-1,0,intermediate,1446,0.0,0,0,0.0,0,0,0.0,-1,hard,hard,Competent,8
s123_t2,123,0,1712300041,co-q78,calculus-optimization,co-optimization,medium,1220,medium,0.0,critical-points|extrema|optimization|lagrange-multipliers|convexity|gradient-descent,standard,0,0,none,0.0,practice_test,1446.0,intermediate,0,0,0.0,0,0,0.0,0,0,0.0,0.7859966022821575,0.0,1,97.605944710478,32,1.0,0.7859966022821575,7,0,intermediate,1453,0.0,0,0,0.0,0,0,0.0,7,medium,medium,Competent,4
s123_t2,123,0,1712300042,ml-q40,machine-learning,ml-supervised,medium,1260,medium,0.0,linear-regression|logistic-regression|decision-trees|svm,standard,0,0,none,0.0,practice_test,1453.0,intermediate,0,0,0.0,0,0,0.0,0,0,0.0,0.7523149936056823,0.0,1,84.60411735880324,32,1.0,0.7523149936056823,8,0,intermediate,1461,0.0,0,0,0.0,0,0,0.0,8,medium,medium,Competent,4
s123_t2,123,0,1712300043,ga-q5,general-aptitude,ga-logical-reasoning,easy,700,low,0.0,syllogisms|logical-deduction|critical-reasoning,standard,0,0,none,0.0,practice_test,1461.0,intermediate,0,0,0.0,0,0,0.0,0,0,0.0,0.9876377455191498,0.0,0,121.29446473656016,32,1.0,0.9876377455191498,-32,0,intermediate,1429,0.0,0,0,0.0,0,0,0.0,-32,easy,easy,Competent,2
s123_t2,123,0,1712300044,dsa-q47,programming-dsa,dsa-trees,medium,1280,medium,0.0,binary-trees|bst|tree-traversal|balanced-trees,standard,0,0,none,0.0,practice_test,1429.0,intermediate,0,0,0.0,0,0,0.0,0,0,0.0,0.7021826020905207,0.0,1,105.81438263930788,32,1.0,0.7021826020905207,10,0,intermediate,1439,0.0,0,0,0.0,0,0,0.0,10,medium,medium,Competent,4
s123_t2,123,0,1712300045,ds-q31,dbms,dbms,medium,1430,high,0.0,database-fundamentals|acid-properties|transactions,standard,0,0,none,0.0,practice_test,1439.0,intermediate,0,0,0.0,0,0,0.0,0,0,0.0,0.5129491448928637,0.0,1,105.15181820216112,32,1.0,0.5129491448928637,16,0,intermediate,1455,0.0,0,0,0.0,0,0,0.0,16,medium,medium,Competent,6
s123_t2,123,0,1712300046,la-q10,linear-algebra,la-matrix,medium,1200,medium,0.0,addition|scalar-multiplication|matrix-multiplication|determinants|minors|cofactors|symmetric|orthogonal,standard,0,0,none,0.0,practice_test,1455.0,intermediate,0,0,0.0,0,0,0.0,0,0,0.0,0.8127376816365348,0.0,1,99.73975437836428,32,1.0,0.8127376816365348,6,0,intermediate,1461,0.0,0,0,0.0,0,0,0.0,6,medium,medium,Competent,4
s123_t2,123,0,1712300047,ds-q396,machine-learning,machine-learning,easy,790,low,0.0,supervised|unsupervised|reinforcement|evaluation,standard,0,0,none,0.0,practice_test,1461.0,intermediate,0,0,0.0,0,0,0.0,0,0,0.0,0.9794189047534508,0.0,1,130.95945326679112,32,1.0,0.9794189047534508,1,0,intermediate,1462,0.0,0,0,0.0,0,0,0.0,1,easy,easy,Competent,2
s123_t2,123,0,1712300048,ml-q22,general-aptitude,unknown,easy,1340,high,0.0,,standard,0,0,none,0.0,practice_test,1462.0,intermediate,0,0,0.0,0,0,0.0,0,0,0.0,0.6686949563073317,0.0,1,70.51030108190953,32,1.0,0.6686949563073317,11,0,intermediate,1473,0.0,0,0,0.0,0,0,0.0,11,easy,easy,Competent,4
s123_t2,123,0,1712300049,la-q4,linear-algebra,la-vector-spaces,easy,750,low,0.0,vector-addition|scalar-multiplication-axioms|sub-spaces|linear-combinations|spanning-sets|linear-independence|coordinates|change-of-basis|dimension-theorems,standard,0,0,none,0.0,practice_test,1473.0,intermediate,0,0,0.0,0,0,0.0,0,0,0.0,0.9846613585709786,0.0,1,110.94019244820208,32,1.0,0.9846613585709786,0,0,intermediate,1473,0.0,0,0,0.0,0,0,0.0,0,easy,easy,Competent,2
s123_t2,123,0,1712300050,la-25,linear-algebra,la-matrices,medium,1210,medium,0.0,,standard,0,0,none,0.0,practice_test,1473.0,intermediate,0,0,0.0,0,0,0.0,0,0,0.0,0.8196458144946892,0.0,1,120.388707467684,32,1.0,0.8196458144946892,6,0,intermediate,1479,0.0,0,0,0.0,0,0,0.0,6,medium,medium,Competent,4
s123_t2,123,0,1712300051,dsa-q35,programming-dsa,dsa-arrays,medium,1300,medium,0.0,array-operations|indexing|searching|sorting,standard,0,0,none,0.0,practice_test,1479.0,intermediate,0,0,0.0,0,0,0.0,0,0,0.0,0.7369947605406894,0.0,1,68.73819955216922,32,1.0,0.7369947605406894,8,0,intermediate,1487,0.0,0,0,0.0,0,0,0.0,8,medium,medium,Competent,4
s123_t2,123,0,1712300052,ps-q68,probability-statistics,ps-distributions,medium,1270,medium,0.0,normal-distribution|binomial-distribution|poisson-distribution|cumulative-distribution|expected-value|variance,standard,0,0,none,0.0,practice_test,1487.0,intermediate,0,0,0.0,0,0,0.0,0,0,0.0,0.777153105314726,0.0,1,83.19490840953374,32,1.0,0.777153105314726,7,0,intermediate,1494,0.0,0,0,0.0,0,0,0.0,7,medium,medium,Competent,4
s123_t2,123,0,1712300053,dbms-q14,dbms,dbms-sql,medium,1430,high,0.0,select|joins|group-by|aggregation,standard,0,0,none,0.0,practice_test,1494.0,intermediate,0,0,0.0,0,0,0.0,0,0,0.0,0.5910755963149433,0.0,0,61.315098978555,32,1.0,0.5910755963149433,-19,0,intermediate,1475,0.0,0,0,0.0,0,0,0.0,-19,medium,medium,Competent,6
s123_t2,123,0,1712300054,la-40,linear-algebra,la-eigenvalues,medium,1210,medium,0.0,,standard,0,0,none,0.0,practice_test,1475.0,intermediate,0,0,0.0,0,0,0.0,0,0,0.0,0.821341471737012,0.0,0,113.01002416535884,32,1.0,0.821341471737012,-26,0,intermediate,1449,0.0,0,0,0.0,0,0,0.0,-26,medium,medium,Competent,4
s123_t2,123,0,1712300055,ps-q81,probability-statistics,ps-hypothesis,medium,1410,high,0.0,hypothesis-testing|p-value|type-I-error|type-II-error|t-test|significance-level,standard,0,0,none,0.0,practice_test,1449.0,intermediate,0,0,0.0,0,0,0.0,0,0,0.0,0.5558909611168531,0.0,0,120.94715266086811,32,1.0,0.5558909611168531,-18,0,intermediate,1431,0.0,0,0,0.0,0,0,0.0,-18,medium,medium,Competent,4
s123_t2,123,0,1712300056,ai-q41,artificial-intelligence,ai-logic,medium,1430,high,0.0,propositional-logic|syntax-semantics|truth-tables|validity-satisfiability|inference-rules|soundness-completeness|predicate-logic|first-order-logic|quantifiers|unification|resolution,standard,0,0,none,0.0,practice_test,1431.0,intermediate,0,0,0.0,0,0,0.0,0,0,0.0,0.5014391117091528,0.0,1,53.958184169005605,32,1.0,0.5014391117091528,16,0,intermediate,1447,0.0,0,0,0.0,0,0,0.0,16,medium,medium,Competent,6
s123_t2,123,0,1712300057,ps-q25,probability-statistics,ps-distributions,medium,1200,medium,0.0,probability-distributions|cumulative-distribution|expected-value,standard,0,0,none,0.0,practice_test,1447.0,intermediate,0,0,0.0,0,0,0.0,0,0,0.0,0.8056276940436502,0.0,1,75.05751307636353,32,1.0,0.8056276940436502,6,0,intermediate,1453,0.0,0,0,0.0,0,0,0.0,6,medium,medium,Competent,4
s123_t2,123,0,1712300058,ga-q22,general-aptitude,ga-quantitative-aptitude,easy,930,medium,0.0,arithmetic|algebra|geometry|permutations|combinations,standard,0,0,none,0.0,practice_test,1453.0,intermediate,0,0,0.0,0,0,0.0,0,0,0.0,0.9530520513940942,0.0,1,65.71216330302524,32,1.0,0.9530520513940942,2,0,intermediate,1455,0.0,0,0,0.0,0,0,0.0,2,easy,easy,Competent,2
s123_t2,123,0,1712300059,dsa-q63,programming-dsa,dsa-trees,easy,820,low,0.0,binary-trees|bst|tree-traversal|balanced-trees,standard,0,0,none,0.0,practice_test,1455.0,intermediate,0,0,0.0,0,0,0.0,0,0,0.0,0.9747991526889288,0.0,1,98.47145840946598,32,1.0,0.9747991526889288,1,0,intermediate,1456,0.0,0,0,0.0,0,0,0.0,1,easy,easy,Competent,2
s123_t2,123,0,1712300060,co-q51,calculus-optimization,co-integration,medium,1190,medium,0.0,definite-integrals|indefinite-integrals|integration-by-parts|u-substitution|fundamental-theorem,standard,0,0,none,0.0,practice_test,1456.0,intermediate,0,0,0.0,0,0,0.0,0,0,0.0,0.8221846111535023,0.0,1,77.85332931719032,32,1.0,0.8221846111535023,6,0,intermediate,1462,0.0,0,0,0.0,0,0,0.0,6,medium,medium,Competent,4
s123_t2,123,0,1712300061,ps-q39,probability-statistics,ps-probability,medium,1170,medium,0.0,basic-probability|bayes-theorem|conditional-probability|independence|random-variables,standard,0,0,none,0.0,practice_test,1462.0,intermediate,0,0,0.0,0,0,0.0,0,0,0.0,0.8430219644140362,0.0,0,80.7264141092538,32,1.0,0.8430219644140362,-27,0,intermediate,1435,0.0,0,0,0.0,0,0,0.0,-27,medium,medium,Competent,4
s123_t2,123,0,1712300062,ga-q12,general-aptitude,ga-verbal-reasoning,easy,820,low,0.0,reading-comprehension|vocabulary|sentence-correction|para-jumbles,standard,0,0,none,0.0,practice_test,1435.0,intermediate,0,0,0.0,0,0,0.0,0,0,0.0,0.9718108649534384,0.0,0,85.44347378555624,32,1.0,0.9718108649534384,-31,0,intermediate,1404,0.0,0,0,0.0,0,0,0.0,-31,easy,easy,Competent,2
s123_t2,123,0,1712300063,ml-q24,machine-learning,ml-supervised,easy,770,low,0.0,linear-regression|logistic-regression|decision-trees|svm,standard,0,0,none,0.0,practice_test,1404.0,intermediate,0,0,0.0,0,0,0.0,0,0,0.0,0.9746573536119648,0.0,1,128.56131215817604,32,1.0,0.9746573536119648,1,0,intermediate,1405,0.0,0,0,0.0,0,0,0.0,1,easy,easy,Competent,2
s123_t2,123,0,1712300064,dsa-q3,programming-dsa,dsa-arrays,easy,880,low,0.0,array-operations|indexing|searching|sorting,standard,0,0,none,0.0,practice_test,1405.0,intermediate,0,0,0.0,0,0,0.0,0,0,0.0,0.953564505277882,0.0,1,122.0710229376913,32,1.0,0.953564505277882,1,0,intermediate,1406,0.0,0,0,0.0,0,0,0.0,1,easy,easy,Competent,2
s123_t2,123,0,1712300065,ga-q4,general-aptitude,ga-quantitative-aptitude,easy,870,low,0.0,arithmetic|algebra|geometry|permutations|combinations,standard,0,0,none,0.0,practice_test,1406.0,intermediate,0,0,0.0,0,0,0.0,0,0,0.0,0.956289152264316,0.0,1,97.3517258690357,32,1.0,0.956289152264316,1,0,intermediate,1407,0.0,0,0,0.0,0,0,0.0,1,easy,easy,Competent,2
s123_t2,123,0,1712300066,la-17,linear-algebra,la-matrices,medium,1210,medium,0.0,,standard,0,0,none,0.0,practice_test,1407.0,intermediate,0,0,0.0,0,0,0.0,0,0,0.0,0.7565805942950526,0.0,0,38.76694221147002,32,1.0,0.7565805942950526,-24,0,intermediate,1383,0.0,0,0,0.0,0,0,0.0,-24,medium,medium,Competent,4
s123_t2,123,0,1712300067,dsa-q8,programming-dsa,dsa-complexity,medium,1200,medium,0.0,time-complexity|space-complexity|big-o-notation,standard,0,0,none,0.0,practice_test,1383.0,intermediate,0,0,0.0,0,0,0.0,0,0,0.0,0.7414335229692995,0.0,1,134.5599281775871,32,1.0,0.7414335229692995,8,0,intermediate,1391,0.0,0,0,0.0,0,0,0.0,8,medium,medium,Competent,4
s123_t2,123,0,1712300068,ga-q21,general-aptitude,ga-verbal-reasoning,easy,750,low,0.0,reading-comprehension|vocabulary|sentence-correction|para-jumbles,standard,0,0,none,0.0,practice_test,1391.0,intermediate,0,0,0.0,0,0,0.0,0,0,0.0,0.9756338529292063,0.0,1,60.08239393133781,32,1.0,0.9756338529292063,1,0,intermediate,1392,0.0,0,0,0.0,0,0,0.0,1,easy,easy,Competent,2
s123_t2,123,0,1712300069,co-q22,calculus-optimization,co-differentiation,medium,1330,high,0.0,partial-derivatives|chain-rule|product-rule|critical-points|gradients|implicit-differentiation,standard,0,0,none,0.0,practice_test,1392.0,intermediate,0,0,0.0,0,0,0.0,0,0,0.0,0.5882899718631628,0.0,1,98.05294497672378,32,1.0,0.5882899718631628,13,0,intermediate,1405,0.0,0,0,0.0,0,0,0.0,13,medium,medium,Competent,4
s124_t2,124,0,1712400030,ds-q48,artificial-intelligence,ai,medium,1250,medium,0.0,search|logic|reasoning,standard,0,0,none,0.0,practice_test,1477.0,intermediate,0,0,0.0,0,0,0.0,0,0,0.0,0.7869632793894692,0.0,1,123.30972234186837,32,1.0,0.7869632793894692,7,0,intermediate,1484,0.0,0,0,0.0,0,0,0.0,7,medium,medium,Competent,4
s124_t2,124,0,1712400031,dsa-q54,programming-dsa,dsa-trees,easy,920,medium,0.0,binary-trees|bst|tree-traversal|balanced-trees,standard,0,0,none,0.0,practice_test,1484.0,intermediate,0,0,0.0,0,0,0.0,0,0,0.0,0.9625523674635552,0.0,1,73.82564417915843,32,1.0,0.9625523674635552,1,0,intermediate,1485,0.0,0,0,0.0,0,0,0.0,1,easy,easy,Competent,2
s124_t2,124,0,1712400032,la-q8,linear-algebra,la-eigenvalues,medium,1130,medium,0.0,eigenvalues|eigenvectors|diagonalization|spectral-theorem,standard,0,0,none,0.0,practice_test,1485.0,intermediate,0,0,0.0,0,0,0.0,0,0,0.0,0.8852936760540788,0.0,1,53.11823068842012,32,1.0,0.8852936760540788,4,0,intermediate,1489,0.0,0,0,0.0,0,0,0.0,4,medium,medium,Competent,4
s124_t2,124,0,1712400033,ga-q2,general-aptitude,ga-quantitative-aptitude,easy,860,low,0.0,arithmetic|algebra|geometry|permutations|combinations,standard,0,0,none,0.0,practice_test,1489.0,intermediate,0,0,0.0,0,0,0.0,0,0,0.0,0.9739366223620762,0.0,1,21.47783801305202,32,1.0,0.9739366223620762,1,0,intermediate,1490,0.0,0,0,0.0,0,0,0.0,1,easy,easy,Competent,2
s124_t2,124,0,1712400034,dsa-q32,programming-dsa,dsa-arrays,medium,1250,medium,0.0,array-operations|indexing|searching|sorting,standard,0,0,none,0.0,practice_test,1490.0,intermediate,0,0,0.0,0,0,0.0,0,0,0.0,0.7992399910868982,0.0,1,126.13134905306904,32,1.0,0.7992399910868982,6,0,intermediate,1496,0.0,0,0,0.0,0,0,0.0,6,medium,medium,Competent,4
s124_t2,124,0,1712400035,dsa-q33,programming-dsa,dsa-arrays,medium,1010,medium,0.0,array-operations|indexing|searching|sorting,standard,0,0,none,0.0,practice_test,1496.0,intermediate,0,0,0.0,0,0,0.0,0,0,0.0,0.942548208923358,0.0,1,68.13494980423614,32,1.0,0.942548208923358,2,0,intermediate,1498,0.0,0,0,0.0,0,0,0.0,2,medium,medium,Competent,2
s124_t2,124,0,1712400036,ps-q43,probability-statistics,ps-probability,medium,1480,high,0.0,basic-probability|bayes-theorem|conditional-probability|independence|random-variables,standard,0,0,none,0.0,practice_test,1498.0,intermediate,0,0,0.0,0,0,0.0,0,0,0.0,0.525880930891169,0.0,0,115.65992578328124,32,1.0,0.525880930891169,-17,0,intermediate,1481,0.0,0,0,0.0,0,0,0.0,-17,medium,medium,Competent,6
s124_t2,124,0,1712400037,ml-q57,machine-learning,ml-supervised,medium,1270,medium,0.0,linear-regression|logistic-regression|decision-trees|svm,standard,0,0,none,0.0,practice_test,1481.0,intermediate,0,0,0.0,0,0,0.0,0,0,0.0,0.7711142606875975,0.0,1,96.27336136007982,32,1.0,0.7711142606875975,7,0,intermediate,1488,0.0,0,0,0.0,0,0,0.0,7,medium,medium,Competent,4
s124_t2,124,0,1712400038,ds-q242,probability-statistics,probability,medium,1140,medium,0.0,sample-spaces|events|conditional-probability|independence,standard,0,0,none,0.0,practice_test,1488.0,intermediate,0,0,0.0,0,0,0.0,0,0,0.0,0.8811377835536983,0.0,1,76.76461726583878,32,1.0,0.8811377835536983,4,0,intermediate,1492,0.0,0,0,0.0,0,0,0.0,4,medium,medium,Competent,4
s124_t2,124,0,1712400039,dbms-q65,dbms,dbms-normalization,medium,1400,high,0.0,functional-dependencies|closure-of-attributes|canonical-cover|lossless-join-decomposition|dependency-preservation|first-normal-form|second-normal-form|third-normal-form|boyce-codd-normal-form,standard,0,0,none,0.0,practice_test,1492.0,intermediate,0,0,0.0,0,0,0.0,0,0,0.0,0.6293885472175023,0.0,1,106.98495067961603,32,1.0,0.6293885472175023,12,0,advanced,1504,0.0,0,0,0.0,0,0,0.0,12,medium,medium,Competent,4
s124_t2,124,0,1712400040,dsa-q75,programming-dsa,dsa-complexity,medium,1040,medium,0.0,time-complexity|space-complexity|big-o-notation,standard,0,0,none,0.0,practice_test,1504.0,advanced,0,0,0.0,0,0,0.0,0,0,0.0,0.9352934990460784,0.0,1,95.4737571190409,32,1.0,0.9352934990460784,2,0,advanced,1506,0.0,0,0,0.0,0,0,0.0,2,medium,medium,Competent,2
s124_t2,124,0,1712400041,ml-q59,machine-learning,ml-supervised,medium,1440,high,0.0,linear-regression|logistic-regression|decision-trees|svm,standard,0,0,none,0.0,practice_test,1506.0,advanced,0,0,0.0,0,0,0.0,0,0,0.0,0.5938553852361779,0.0,1,103.00478289014195,32,1.0,0.5938553852361779,13,0,advanced,1519,0.0,0,0,0.0,0,0,0.0,13,medium,medium,Competent,6
s124_t2,124,0,1712400042,co-q47,calculus-optimization,co-integration,medium,1410,high,0.0,definite-integrals|indefinite-integrals|integration-by-parts|u-substitution|fundamental-theorem,standard,0,0,none,0.0,practice_test,1519.0,advanced,0,0,0.0,0,0,0.0,0,0,0.0,0.6519120398746636,0.0,1,70.58218155285155,32,1.0,0.6519120398746636,11,0,advanced,1530,0.0,0,0,0.0,0,0,0.0,11,medium,medium,Competent,4
s124_t2,124,0,1712400043,dbms-q26,dbms,dbms-sql,easy,880,low,0.0,select|joins|group-by|aggregation,standard,0,0,none,0.0,practice_test,1530.0,advanced,0,0,0.0,0,0,0.0,0,0,0.0,0.9768355779567848,0.0,1,85.0550754219004,32,1.0,0.9768355779567848,1,0,advanced,1531,0.0,0,0,0.0,0,0,0.0,1,easy,easy,Competent,2
s124_t2,124,0,1712400044,la-32,linear-algebra,la-eigenvalues,hard,1360,high,0.0,,standard,0,0,none,0.0,practice_test,1531.0,advanced,0,0,0.0,0,0,0.0,0,0,0.0,0.7279715135441962,0.0,0,132.50633096085448,32,1.0,0.7279715135441962,-23,0,advanced,1508,0.0,0,0,0.0,0,0,0.0,-23,hard,hard,Competent,4
s124_t2,124,0,1712400045,ds-q50,artificial-intelligence,data-structures,medium,1170,medium,0.0,arrays|linked-lists|stacks|queues|trees,standard,0,0,none,0.0,practice_test,1508.0,advanced,0,0,0.0,0,0,0.0,0,0,0.0,0.8749753069983639,0.0,1,17.589961895948782,32,1.0,0.8749753069983639,4,0,advanced,1512,0.0,0,0,0.0,0,0,0.0,4,medium,medium,Competent,4
s124_t2,124,0,1712400046,la-28,linear-algebra,la-matrices,hard,1360,high,0.0,,standard,0,0,none,0.0,practice_test,1512.0,advanced,0,0,0.0,0,0,0.0,0,0,0.0,0.7057813597120025,0.0,1,9.49706594678796,32,1.0,0.7057813597120025,9,0,advanced,1521,0.0,0,0,0.0,0,0,0.0,9,hard,hard,Competent,4
s124_t2,124,0,1712400047,ds-q121,machine-learning,machine-learning,easy,920,medium,0.0,supervised|unsupervised|reinforcement|evaluation,standard,0,0,none,0.0,practice_test,1521.0,advanced,0,0,0.0,0,0,0.0,0,0,0.0,0.969517154981292,0.0,1,39.99882444221427,32,1.0,0.969517154981292,1,0,advanced,1522,0.0,0,0,0.0,0,0,0.0,1,easy,easy,Competent,2
s124_t2,124,0,1712400048,ds-q152,artificial-intelligence,statistics,medium,1110,medium,0.0,descriptive-statistics|mean|variance|standard-deviation,standard,0,0,none,0.0,practice_test,1522.0,advanced,0,0,0.0,0,0,0.0,0,0,0.0,0.9146407579005128,0.0,1,21.14654990361163,32,1.0,0.9146407579005128,3,0,advanced,1525,0.0,0,0,0.0,0,0,0.0,3,medium,medium,Competent,4
s124_t2,124,0,1712400049,ga-q6,general-aptitude,ga-logical-reasoning,medium,1340,high,0.0,syllogisms|logical-deduction|critical-reasoning,standard,0,0,none,0.0,practice_test,1525.0,advanced,0,0,0.0,0,0,0.0,0,0,0.0,0.7436345220073278,0.0,1,82.9968186217478,32,1.0,0.7436345220073278,8,0,advanced,1533,0.0,0,0,0.0,0,0,0.0,8,medium,medium,Competent,4
s124_t2,124,0,1712400050,dsa-q12,programming-dsa,dsa-trees,easy,880,low,0.0,binary-trees|bst|tree-traversal|balanced-trees,standard,0,0,none,0.0,practice_test,1533.0,advanced,0,0,0.0,0,0,0.0,0,0,0.0,0.9772231456449872,0.0,1,21.99381239420244,32,1.0,0.9772231456449872,1,0,advanced,1534,0.0,0,0,0.0,0,0,0.0,1,easy,easy,Competent,2
s124_t2,124,0,1712400051,dsa-q47,programming-dsa,dsa-trees,medium,1280,medium,0.0,binary-trees|bst|tree-traversal|balanced-trees,standard,0,0,none,0.0,practice_test,1534.0,advanced,0,0,0.0,0,0,0.0,0,0,0.0,0.8118599983337865,0.0,1,69.13638301325157,32,1.0,0.8118599983337865,6,0,advanced,1540,0.0,0,0,0.0,0,0,0.0,6,medium,medium,Competent,4
s124_t2,124,0,1712400052,dsa-q40,programming-dsa,dsa-arrays,medium,1280,medium,0.0,array-operations|indexing|searching|sorting,standard,0,0,none,0.0,practice_test,1540.0,advanced,0,0,0.0,0,0,0.0,0,0,0.0,0.8170788341999742,0.0,0,14.228193157657271,32,1.0,0.8170788341999742,-26,0,advanced,1514,0.0,0,0,0.0,0,0,0.0,-26,medium,medium,Competent,4
s124_t2,124,0,1712400053,ds-q8,calculus-optimization,calculus,medium,1120,medium,0.0,derivatives|integrals|limits|continuity,standard,0,0,none,0.0,practice_test,1514.0,advanced,0,0,0.0,0,0,0.0,0,0,0.0,0.9061958467735052,0.0,1,75.94186557993635,32,1.0,0.9061958467735052,3,0,advanced,1517,0.0,0,0,0.0,0,0,0.0,3,medium,medium,Competent,4
s124_t2,124,0,1712400054,la-q48,linear-algebra,la-matrices,medium,1340,high,0.0,addition|scalar-multiplication|matrix-multiplication|determinants|minors|cofactors|symmetric|orthogonal,standard,0,0,none,0.0,practice_test,1517.0,advanced,0,0,0.0,0,0,0.0,0,0,0.0,0.7347570893165466,0.0,1,114.44535879647007,32,1.0,0.7347570893165466,8,0,advanced,1525,0.0,0,0,0.0,0,0,0.0,8,medium,medium,Competent,4
s124_t2,124,0,1712400055,ga-q14,general-aptitude,ga-logical-reasoning,easy,850,low,0.0,syllogisms|logical-deduction|critical-reasoning,standard,0,0,none,0.0,practice_test,1525.0,advanced,0,0,0.0,0,0,0.0,0,0,0.0,0.9798779608453038,0.0,1,29.00070942933052,32,1.0,0.9798779608453038,1,0,advanced,1526,0.0,0,0,0.0,0,0,0.0,1,easy,easy,Competent,2
s124_t2,124,0,1712400056,ps-q29,probability-statistics,ps-probability,medium,1180,medium,0.0,probability-theory|conditional-probability|independence,standard,0,0,none,0.0,practice_test,1526.0,advanced,0,0,0.0,0,0,0.0,0,0,0.0,0.8799266880106169,0.0,1,45.86742551782851,32,1.0,0.8799266880106169,4,0,advanced,1530,0.0,0,0,0.0,0,0,0.0,4,medium,medium,Competent,4
s124_t2,124,0,1712400057,ga-q20,general-aptitude,ga-quantitative-aptitude,medium,1170,medium,0.0,arithmetic|algebra|geometry|permutations|combinations,standard,0,0,none,0.0,practice_test,1530.0,advanced,0,0,0.0,0,0,0.0,0,0,0.0,0.8881842302218831,0.0,1,44.34236221986447,32,1.0,0.8881842302218831,4,0,advanced,1534,0.0,0,0,0.0,0,0,0.0,4,medium,medium,Competent,4
s124_t2,124,0,1712400058,co-q24,calculus-optimization,co-differentiation,easy,990,medium,0.0,partial-derivatives|chain-rule|product-rule|critical-points|gradients|implicit-differentiation,standard,0,0,none,0.0,practice_test,1534.0,advanced,0,0,0.0,0,0,0.0,0,0,0.0,0.9581741800370106,0.0,1,78.79142322611426,32,1.0,0.9581741800370106,1,0,advanced,1535,0.0,0,0,0.0,0,0,0.0,1,easy,easy,Competent,2
s124_t2,124,0,1712400059,ps-q78,probability-statistics,ps-hypothesis,medium,1210,medium,0.0,hypothesis-testing|p-value|type-I-error|type-II-error|t-test|significance-level,standard,0,0,none,0.0,practice_test,1535.0,advanced,0,0,0.0,0,0,0.0,0,0,0.0,0.8665566437895401,0.0,1,109.14579704426964,32,1.0,0.8665566437895401,4,0,advanced,1539,0.0,0,0,0.0,0,0,0.0,4,medium,medium,Competent,4
s124_t2,124,0,1712400060,ga-q18,general-aptitude,ga-quantitative-aptitude,medium,1190,medium,0.0,arithmetic|algebra|geometry|permutations|combinations,standard,0,0,none,0.0,practice_test,1539.0,advanced,0,0,0.0,0,0,0.0,0,0,0.0,0.8817393593419074,0.0,1,15.638129984863212,32,1.0,0.8817393593419074,4,0,advanced,1543,0.0,0,0,0.0,0,0,0.0,4,medium,medium,Competent,4
s124_t2,124,0,1712400061,ps-q21,probability-statistics,ps-distributions,easy,860,low,0.0,probability-distributions|cumulative-distribution|expected-value,standard,0,0,none,0.0,practice_test,1543.0,advanced,0,0,0.0,0,0,0.0,0,0,0.0,0.9807661828592752,0.0,1,81.75677396606484,32,1.0,0.9807661828592752,1,0,advanced,1544,0.0,0,0,0.0,0,0,0.0,1,easy,easy,Competent,2
s124_t2,124,0,1712400062,dsa-q30,programming-dsa,dsa-arrays,medium,1000,medium,0.0,array-operations|indexing|searching|sorting,standard,0,0,none,0.0,practice_test,1544.0,advanced,0,0,0.0,0,0,0.0,0,0,0.0,0.9581741800370106,0.0,1,107.70853712917354,32,1.0,0.9581741800370106,1,0,advanced,1545,0.0,0,0,0.0,0,0,0.0,1,medium,medium,Competent,2
s124_t2,124,0,1712400063,ds-q239,machine-learning,machine-learning,medium,1140,medium,0.0,supervised|unsupervised|reinforcement|evaluation,standard,0,0,none,0.0,practice_test,1545.0,advanced,0,0,0.0,0,0,0.0,0,0,0.0,0.9114417700030158,0.0,1,88.91638333122113,32,1.0,0.9114417700030158,3,0,advanced,1548,0.0,0,0,0.0,0,0,0.0,3,medium,medium,Competent,4
s124_t2,124,0,1712400064,ga-q16,general-aptitude,ga-verbal-reasoning,medium,1010,medium,0.0,reading-comprehension|vocabulary|sentence-correction|para-jumbles,standard,0,0,none,0.0,practice_test,1548.0,advanced,0,0,0.0,0,0,0.0,0,0,0.0,0.9567678748368028,0.0,1,129.6332876479308,32,1.0,0.9567678748368028,1,0,advanced,1549,0.0,0,0,0.0,0,0,0.0,1,medium,medium,Competent,2
s124_t2,124,0,1712400065,ps-q60,probability-statistics,ps-distributions,medium,1070,medium,0.0,normal-distribution|binomial-distribution|poisson-distribution|cumulative-distribution|expected-value|variance,standard,0,0,none,0.0,practice_test,1549.0,advanced,0,0,0.0,0,0,0.0,0,0,0.0,0.9403268663710864,0.0,1,91.86390408135628,32,1.0,0.9403268663710864,2,0,advanced,1551,0.0,0,0,0.0,0,0,0.0,2,medium,medium,Competent,4
s124_t2,124,0,1712400066,la-q24,linear-algebra,la-eigenvalues,hard,1940,high,0.0,eigenvalues|eigenvectors|diagonalization|spectral-theorem,standard,0,0,none,0.0,practice_test,1551.0,advanced,0,0,0.0,0,0,0.0,0,0,0.0,0.0962795616480201,0.0,0,72.36189464794673,32,1.0,0.0962795616480201,-3,0,advanced,1548,0.0,0,0,0.0,0,0,0.0,-3,hard,hard,Competent,8
s124_t2,124,0,1712400067,ga-q8,general-aptitude,ga-logical-reasoning,medium,1290,medium,0.0,syllogisms|logical-deduction|critical-reasoning,standard,0,0,none,0.0,practice_test,1548.0,advanced,0,0,0.0,0,0,0.0,0,0,0.0,0.8153518152833006,0.0,1,84.10321025478547,32,1.0,0.8153518152833006,6,0,advanced,1554,0.0,0,0,0.0,0,0,0.0,6,medium,medium,Competent,4
s124_t2,124,0,1712400068,dbms-q41,dbms,dbms-sql,easy,730,low,0.0,select|joins|group-by|aggregation,standard,0,0,none,0.0,practice_test,1554.0,advanced,0,0,0.0,0,0,0.0,0,0,0.0,0.9913655668692074,0.0,1,32.043553104976155,32,1.0,0.9913655668692074,0,0,advanced,1554,0.0,0,0,0.0,0,0,0.0,0,easy,easy,Competent,2
s124_t2,124,0,1712400069,ml-q87,machine-learning,ml-supervised,medium,1370,high,0.0,linear-regression|logistic-regression|decision-trees|svm|naive-bayes|ensemble-methods,standard,0,0,none,0.0,practice_test,1554.0,advanced,0,0,0.0,0,0,0.0,0,0,0.0,0.7425355589430698,0.0,1,87.62390754260886,32,1.0,0.7425355589430698,8,0,advanced,1562,0.0,0,0,0.0,0,0,0.0,8,medium,medium,Competent,4
s125_t2,125,0,1712500030,la-q52,linear-algebra,la-eigenvalues,medium,1060,medium,0.0,eigenvalues|eigenvectors|diagonalization|spectral-theorem,standard,0,0,none,0.0,practice_test,1409.0,intermediate,0,0,0.0,0,0,0.0,0,0,0.0,0.8817393593419074,0.0,1,75.20507187624102,32,1.0,0.8817393593419074,4,0,intermediate,1413,0.0,0,0,0.0,0,0,0.0,4,medium,medium,Competent,4
s125_t2,125,0,1712500031,co-q22,calculus-optimization,co-differentiation,medium,1330,high,0.0,partial-derivatives|chain-rule|product-rule|critical-points|gradients|implicit-differentiation,standard,0,0,none,0.0,practice_test,1413.0,intermediate,0,0,0.0,0,0,0.0,0,0,0.0,0.6172250309049463,0.0,1,61.04929203301361,32,1.0,0.6172250309049463,12,0,intermediate,1425,0.0,0,0,0.0,0,0,0.0,12,medium,medium,Competent,4
s125_t2,125,0,1712500032,ds-q412,machine-learning,machine-learning,medium,1200,medium,0.0,supervised|unsupervised|reinforcement|evaluation,standard,0,0,none,0.0,practice_test,1425.0,intermediate,0,0,0.0,0,0,0.0,0,0,0.0,0.785026736998172,0.0,1,84.74510054422338,32,1.0,0.785026736998172,7,0,intermediate,1432,0.0,0,0,0.0,0,0,0.0,7,medium,medium,Competent,4
s125_t2,125,0,1712500033,ml-q66,machine-learning,ml-supervised,easy,1200,medium,0.0,linear-regression|logistic-regression|decision-trees|svm,standard,0,0,none,0.0,practice_test,1432.0,intermediate,0,0,0.0,0,0,0.0,0,0,0.0,0.7917488375081845,0.0,1,78.27336022914464,32,1.0,0.7917488375081845,7,0,intermediate,1439,0.0,0,0,0.0,0,0,0.0,7,easy,easy,Competent,4
s125_t2,125,0,1712500034,la-25,linear-algebra,la-matrices,medium,1210,medium,0.0,,standard,0,0,none,0.0,practice_test,1439.0,intermediate,0,0,0.0,0,0,0.0,0,0,0.0,0.7888870682101548,0.0,1,62.747890319160994,32,1.0,0.7888870682101548,7,0,intermediate,1446,0.0,0,0,0.0,0,0,0.0,7,medium,medium,Competent,4
s125_t2,125,0,1712500035,ps-q16,probability-statistics,ps-distributions,medium,1200,medium,0.0,probability-distributions|cumulative-distribution|expected-value,standard,0,0,none,0.0,practice_test,1446.0,intermediate,0,0,0.0,0,0,0.0,0,0,0.0,0.8047246934992595,0.0,0,47.22080893334582,32,1.0,0.8047246934992595,-26,0,intermediate,1420,0.0,0,0,0.0,0,0,0.0,-26,medium,medium,Competent,4
s125_t2,125,0,1712500036,dsa-q70,programming-dsa,dsa-complexity,hard,2010,high,0.0,time-complexity|space-complexity|big-o-notation,standard,0,0,none,0.0,practice_test,1420.0,intermediate,0,0,0.0,0,0,0.0,0,0,0.0,0.0324108910793922,0.0,0,64.64033362696823,32,1.0,0.0324108910793922,-1,0,intermediate,1419,0.0,0,0,0.0,0,0,0.0,-1,hard,hard,Competent,8
s125_t2,125,0,1712500037,dsa-q9,programming-dsa,dsa-complexity,medium,1200,medium,0.0,time-complexity|space-complexity|big-o-notation,standard,0,0,none,0.0,practice_test,1419.0,intermediate,0,0,0.0,0,0,0.0,0,0,0.0,0.7791406208194696,0.0,1,29.76208934877181,32,1.0,0.7791406208194696,7,0,intermediate,1426,0.0,0,0,0.0,0,0,0.0,7,medium,medium,Competent,4
s125_t2,125,0,1712500038,ds-q392,artificial-intelligence,linear-algebra,easy,810,low,0.0,matrices|vectors|eigenvalues|linear-systems|transformations,standard,0,0,none,0.0,practice_test,1426.0,intermediate,0,0,0.0,0,0,0.0,0,0,0.0,0.9719681328483034,0.0,1,33.38117283281824,32,1.0,0.9719681328483034,1,0,intermediate,1427,0.0,0,0,0.0,0,0,0.0,1,easy,easy,Competent,2
s125_t2,125,0,1712500039,ga-q1,general-aptitude,ga-verbal-reasoning,easy,800,low,0.0,reading-comprehension|vocabulary|sentence-correction|para-jumbles,standard,0,0,none,0.0,practice_test,1427.0,intermediate,0,0,0.0,0,0,0.0,0,0,0.0,0.9736427772744868,0.0,1,81.03218626462656,32,1.0,0.9736427772744868,1,0,intermediate,1428,0.0,0,0,0.0,0,0,0.0,1,easy,easy,Competent,2
s125_t2,125,0,1712500040,co-q42,calculus-optimization,co-integration,easy,750,low,0.0,definite-integrals|indefinite-integrals|integration-by-parts|u-substitution|fundamental-theorem,standard,0,0,none,0.0,practice_test,1428.0,intermediate,0,0,0.0,0,0,0.0,0,0,0.0,0.9802156568897962,0.0,1,102.22315203318573,32,1.0,0.9802156568897962,1,0,intermediate,1429,0.0,0,0,0.0,0,0,0.0,1,easy,easy,Competent,2
s125_t2,125,0,1712500041,dsa-q74,programming-dsa,dsa-complexity,medium,1300,medium,0.0,time-complexity|space-complexity|big-o-notation,standard,0,0,none,0.0,practice_test,1429.0,intermediate,0,0,0.0,0,0,0.0,0,0,0.0,0.6775605800851006,0.0,0,31.703763278688378,32,1.0,0.6775605800851006,-22,0,intermediate,1407,0.0,0,0,0.0,0,0,0.0,-22,medium,medium,Competent,4
s125_t2,125,0,1712500042,dsa-q62,programming-dsa,dsa-trees,easy,750,low,0.0,binary-trees|bst|tree-traversal|balanced-trees,standard,0,0,none,0.0,practice_test,1407.0,intermediate,0,0,0.0,0,0,0.0,0,0,0.0,0.97773006397668,0.0,1,105.06924696275264,32,1.0,0.97773006397668,1,0,intermediate,1408,0.0,0,0,0.0,0,0,0.0,1,easy,easy,Competent,2
s125_t2,125,0,1712500043,dsa-q39,programming-dsa,dsa-arrays,easy,890,low,0.0,array-operations|indexing|searching|sorting,standard,0,0,none,0.0,practice_test,1408.0,intermediate,0,0,0.0,0,0,0.0,0,0,0.0,0.9517472964094822,0.0,1,47.15731023093837,32,1.0,0.9517472964094822,2,0,intermediate,1410,0.0,0,0,0.0,0,0,0.0,2,easy,easy,Competent,2
s125_t2,125,0,1712500044,ga-q13,general-aptitude,ga-quantitative-aptitude,easy,880,low,0.0,arithmetic|algebra|geometry|permutations|combinations,standard,0,0,none,0.0,practice_test,1410.0,intermediate,0,0,0.0,0,0,0.0,0,0,0.0,0.9548224553181524,0.0,0,32.80316977805441,32,1.0,0.9548224553181524,-31,0,intermediate,1379,0.0,0,0,0.0,0,0,0.0,-31,easy,easy,Competent,2
s125_t2,125,0,1712500045,ga-q9,general-aptitude,ga-logical-reasoning,easy,960,medium,0.0,syllogisms|logical-deduction|critical-reasoning,standard,0,0,none,0.0,practice_test,1379.0,intermediate,0,0,0.0,0,0,0.0,0,0,0.0,0.9177346187993988,0.0,1,48.46841585851048,32,1.0,0.9177346187993988,3,0,intermediate,1382,0.0,0,0,0.0,0,0,0.0,3,easy,easy,Competent,2
s125_t2,125,0,1712500046,dbms-q53,dbms,dbms-normalization,medium,1400,high,0.0,functional-dependencies|closure-of-attributes|canonical-cover|lossless-join-decomposition|dependency-preservation|first-normal-form|second-normal-form|third-normal-form|boyce-codd-normal-form,standard,0,0,none,0.0,practice_test,1382.0,intermediate,0,0,0.0,0,0,0.0,0,0,0.0,0.4741190691088309,0.0,1,93.91967113110444,32,1.0,0.4741190691088309,17,0,intermediate,1399,0.0,0,0,0.0,0,0,0.0,17,medium,medium,Competent,4
s125_t2,125,0,1712500047,ds-q169,machine-learning,machine-learning,hard,2040,high,0.0,supervised|unsupervised|reinforcement|evaluation,standard,0,0,none,0.0,practice_test,1399.0,intermediate,0,0,0.0,0,0,0.0,0,0,0.0,0.0243661470707935,0.0,0,38.33149508175497,32,1.0,0.0243661470707935,-1,0,intermediate,1398,0.0,0,0,0.0,0,0,0.0,-1,hard,hard,Competent,8
s125_t2,125,0,1712500048,ps-q14,probability-statistics,ps-probability,medium,1170,medium,0.0,probability-theory|conditional-probability|independence,standard,0,0,none,0.0,practice_test,1398.0,intermediate,0,0,0.0,0,0,0.0,0,0,0.0,0.7879267680774021,0.0,1,50.10918889915317,32,1.0,0.7879267680774021,7,0,intermediate,1405,0.0,0,0,0.0,0,0,0.0,7,medium,medium,Competent,4
s125_t2,125,0,1712500049,ps-q32,probability-statistics,ps-distributions,medium,1210,medium,0.0,probability-distributions|cumulative-distribution|expected-value,standard,0,0,none,0.0,practice_test,1405.0,intermediate,0,0,0.0,0,0,0.0,0,0,0.0,0.7544540419421866,0.0,1,66.26482369940523,32,1.0,0.7544540419421866,8,0,intermediate,1413,0.0,0,0,0.0,0,0,0.0,8,medium,medium,Competent,4
s125_t2,125,0,1712500050,ds-q141,probability-statistics,probability,easy,740,low,0.0,sample-spaces|events|conditional-probability|independence,standard,0,0,none,0.0,practice_test,1413.0,intermediate,0,0,0.0,0,0,0.0,0,0,0.0,0.9796497002785532,0.0,1,67.97604653532107,32,1.0,0.9796497002785532,1,0,intermediate,1414,0.0,0,0,0.0,0,0,0.0,1,easy,easy,Competent,2
s125_t2,125,0,1712500051,ds-q229,probability-statistics,probability,easy,760,low,0.0,sample-spaces|events|conditional-probability|independence,standard,0,0,none,0.0,practice_test,1414.0,intermediate,0,0,0.0,0,0,0.0,0,0,0.0,0.9773509220216526,0.0,0,70.33735995018091,32,1.0,0.9773509220216526,-31,0,intermediate,1383,0.0,0,0,0.0,0,0,0.0,-31,easy,easy,Competent,2
s125_t2,125,0,1712500052,dbms-q59,dbms,dbms-normalization,medium,1350,high,0.0,functional-dependencies|closure-of-attributes|canonical-cover|lossless-join-decomposition|dependency-preservation|first-normal-form|second-normal-form|third-normal-form|boyce-codd-normal-form,standard,0,0,none,0.0,practice_test,1383.0,intermediate,0,0,0.0,0,0,0.0,0,0,0.0,0.5473485180458647,0.0,0,108.96206489727254,32,1.0,0.5473485180458647,-18,0,intermediate,1365,0.0,0,0,0.0,0,0,0.0,-18,medium,medium,Competent,4
s125_t2,125,0,1712500053,ds-q331,artificial-intelligence,logical-reasoning,medium,1230,medium,0.0,logical-deduction|critical-reasoning,standard,0,0,none,0.0,practice_test,1365.0,intermediate,0,0,0.0,0,0,0.0,0,0,0.0,0.6850596089933503,0.0,1,50.34374568237159,32,1.0,0.6850596089933503,10,0,intermediate,1375,0.0,0,0,0.0,0,0,0.0,10,medium,medium,Competent,4
s125_t2,125,0,1712500054,la-q34,linear-algebra,la-matrices,hard,2160,high,0.0,addition|scalar-multiplication|matrix-multiplication|determinants|minors|cofactors|symmetric|orthogonal,standard,0,0,none,0.0,practice_test,1375.0,intermediate,0,0,0.0,0,0,0.0,0,0,0.0,0.0107842764147616,0.0,1,49.98977812112901,32,1.0,0.0107842764147616,32,0,intermediate,1407,0.0,0,0,0.0,0,0,0.0,32,hard,hard,Competent,10
s125_t2,125,0,1712500055,ga-q22,general-aptitude,ga-quantitative-aptitude,easy,930,medium,0.0,arithmetic|algebra|geometry|permutations|combinations,standard,0,0,none,0.0,practice_test,1407.0,intermediate,0,0,0.0,0,0,0.0,0,0,0.0,0.939677565785312,0.0,1,123.83908647487593,32,1.0,0.939677565785312,2,0,intermediate,1409,0.0,0,0,0.0,0,0,0.0,2,easy,easy,Competent,2
s125_t2,125,0,1712500056,ml-q118,machine-learning,ml-unsupervised,hard,1500,high,0.0,clustering|k-means|hierarchical-clustering|dimensionality-reduction|pca,standard,0,0,none,0.0,practice_test,1409.0,intermediate,0,0,0.0,0,0,0.0,0,0,0.0,0.3719551943780582,0.0,1,121.0506492072415,32,1.0,0.3719551943780582,20,0,intermediate,1429,0.0,0,0,0.0,0,0,0.0,20,hard,hard,Competent,6
s125_t2,125,0,1712500057,la-q47,linear-algebra,la-matrices,medium,1340,high,0.0,addition|scalar-multiplication|matrix-multiplication|determinants|minors|cofactors|symmetric|orthogonal,standard,0,0,none,0.0,practice_test,1429.0,intermediate,0,0,0.0,0,0,0.0,0,0,0.0,0.6253513933075368,0.0,0,127.66121350613054,32,1.0,0.6253513933075368,-20,0,intermediate,1409,0.0,0,0,0.0,0,0,0.0,-20,medium,medium,Competent,4
s125_t2,125,0,1712500058,dsa-q63,programming-dsa,dsa-trees,easy,820,low,0.0,binary-trees|bst|tree-traversal|balanced-trees,standard,0,0,none,0.0,practice_test,1409.0,intermediate,0,0,0.0,0,0,0.0,0,0,0.0,0.9674080970792048,0.0,1,42.2787300619987,32,1.0,0.9674080970792048,1,0,intermediate,1410,0.0,0,0,0.0,0,0,0.0,1,easy,easy,Competent,2
s125_t2,125,0,1712500059,ps-q41,probability-statistics,ps-probability,easy,1200,medium,0.0,basic-probability|bayes-theorem|conditional-probability|independence|random-variables,standard,0,0,none,0.0,practice_test,1410.0,intermediate,0,0,0.0,0,0,0.0,0,0,0.0,0.770096676660982,0.0,1,62.34040161891006,32,1.0,0.770096676660982,7,0,intermediate,1417,0.0,0,0,0.0,0,0,0.0,7,easy,easy,Competent,4
s125_t2,125,0,1712500060,ga-q24,general-aptitude,ga-quantitative-aptitude,easy,800,low,0.0,arithmetic|algebra|geometry|permutations|combinations,standard,0,0,none,0.0,practice_test,1417.0,intermediate,0,0,0.0,0,0,0.0,0,0,0.0,0.9721245485090316,0.0,1,95.32363643548976,32,1.0,0.9721245485090316,1,0,intermediate,1418,0.0,0,0,0.0,0,0,0.0,1,easy,easy,Competent,2
s125_t2,125,0,1712500061,dsa-q38,programming-dsa,dsa-arrays,easy,710,low,0.0,array-operations|indexing|searching|sorting,standard,0,0,none,0.0,practice_test,1418.0,intermediate,0,0,0.0,0,0,0.0,0,0,0.0,0.9833011506249288,0.0,1,63.394032596445136,32,1.0,0.9833011506249288,1,0,intermediate,1419,0.0,0,0,0.0,0,0,0.0,1,easy,easy,Competent,2
s125_t2,125,0,1712500062,la-44,linear-algebra,la-eigenvalues,hard,1510,high,0.0,,standard,0,0,none,0.0,practice_test,1419.0,intermediate,0,0,0.0,0,0,0.0,0,0,0.0,0.3719551943780582,0.0,0,98.72044267901342,32,1.0,0.3719551943780582,-12,0,intermediate,1407,0.0,0,0,0.0,0,0,0.0,-12,hard,hard,Competent,6
s125_t2,125,0,1712500063,ds-q160,machine-learning,machine-learning,medium,1100,medium,0.0,supervised|unsupervised|reinforcement|evaluation,standard,0,0,none,0.0,practice_test,1407.0,intermediate,0,0,0.0,0,0,0.0,0,0,0.0,0.8541133619456244,0.0,1,31.44876842575132,32,1.0,0.8541133619456244,5,0,intermediate,1412,0.0,0,0,0.0,0,0,0.0,5,medium,medium,Competent,4
s125_t2,125,0,1712500064,ga-q26,general-aptitude,ga-verbal-reasoning,easy,830,low,0.0,reading-comprehension|vocabulary|sentence-correction|para-jumbles,standard,0,0,none,0.0,practice_test,1412.0,intermediate,0,0,0.0,0,0,0.0,0,0,0.0,0.9661133917396642,0.0,1,75.8794687599335,32,1.0,0.9661133917396642,1,0,intermediate,1413,0.0,0,0,0.0,0,0,0.0,1,easy,easy,Competent,2
s125_t2,125,0,1712500065,co-q18,calculus-optimization,co-differentiation,medium,1130,medium,0.0,partial-derivatives|chain-rule|product-rule|critical-points|gradients|implicit-differentiation,standard,0,0,none,0.0,practice_test,1413.0,intermediate,0,0,0.0,0,0,0.0,0,0,0.0,0.836043425542047,0.0,1,82.31172536032123,32,1.0,0.836043425542047,5,0,intermediate,1418,0.0,0,0,0.0,0,0,0.0,5,medium,medium,Competent,4
s125_t2,125,0,1712500066,ds-q421,dbms,dbms,medium,1030,medium,0.0,database-fundamentals|acid-properties|transactions,standard,0,0,none,0.0,practice_test,1418.0,intermediate,0,0,0.0,0,0,0.0,0,0,0.0,0.9032184042951809,0.0,1,67.46744545864357,32,1.0,0.9032184042951809,3,0,intermediate,1421,0.0,0,0,0.0,0,0,0.0,3,medium,medium,Competent,2
s125_t2,125,0,1712500067,dsa-q75,programming-dsa,dsa-complexity,medium,1040,medium,0.0,time-complexity|space-complexity|big-o-notation,standard,0,0,none,0.0,practice_test,1421.0,intermediate,0,0,0.0,0,0,0.0,0,0,0.0,0.8996383151500511,0.0,1,116.04094919326258,32,1.0,0.8996383151500511,3,0,intermediate,1424,0.0,0,0,0.0,0,0,0.0,3,medium,medium,Competent,2
s125_t2,125,0,1712500068,ds-q27,artificial-intelligence,probabilistic-graphical-models,medium,1060,medium,0.0,bayesian-networks|markov-models,standard,0,0,none,0.0,practice_test,1424.0,intermediate,0,0,0.0,0,0,0.0,0,0,0.0,0.8904506387229247,0.0,1,45.29133097979928,32,1.0,0.8904506387229247,4,0,intermediate,1428,0.0,0,0,0.0,0,0,0.0,4,medium,medium,Competent,4
s125_t2,125,0,1712500069,ga-q18,general-aptitude,ga-quantitative-aptitude,medium,1190,medium,0.0,arithmetic|algebra|geometry|permutations|combinations,standard,0,0,none,0.0,practice_test,1428.0,intermediate,0,0,0.0,0,0,0.0,0,0,0.0,0.7973863140277038,0.0,1,57.62237967922468,32,1.0,0.7973863140277038,6,0,intermediate,1434,0.0,0,0,0.0,0,0,0.0,6,medium,medium,Competent,4
s126_t10,126,2,1712600400,dbms-q16,dbms,dbms-sql,medium,1450,high,0.0,select|joins|group-by|aggregation,standard,0,0,none,0.0,practice_test,1311.0,intermediate,0,0,0.0,0,0,0.0,0,0,0.0,0.3099937927196861,0.0,0,17.875522743294848,32,1.0,0.3099937927196861,-10,0,intermediate,1301,0.0,0,0,0.0,0,0,0.0,-10,medium,medium,Competent,6
s126_t10,126,2,1712600401,ml-q124,machine-learning,ml-evaluation,easy,920,medium,0.0,accuracy|precision|recall|f1-score|cross-validation,standard,0,0,none,0.0,practice_test,1301.0,intermediate,0,0,0.0,0,0,0.0,0,0,0.0,0.8996383151500511,0.0,1,58.75802378135533,32,1.0,0.8996383151500511,3,0,intermediate,1304,0.0,0,0,0.0,0,0,0.0,3,easy,easy,Competent,2
s126_t10,126,2,1712600402,ga-q16,general-aptitude,ga-verbal-reasoning,medium,1010,medium,0.0,reading-comprehension|vocabulary|sentence-correction|para-jumbles,standard,0,0,none,0.0,practice_test,1304.0,intermediate,0,0,0.0,0,0,0.0,0,0,0.0,0.8445395282300351,0.0,1,33.31459740362896,32,1.0,0.8445395282300351,5,0,intermediate,1309,0.0,0,0,0.0,0,0,0.0,5,medium,medium,Competent,2
s126_t10,126,2,1712600403,ml-q6,machine-learning,ml-supervised,easy,890,low,0.0,linear-regression|logistic-regression|decision-trees|svm,standard,0,0,none,0.0,practice_test,1309.0,intermediate,0,0,0.0,0,0,0.0,0,0,0.0,0.9177346187993988,0.0,1,7.590786382666685,32,1.0,0.9177346187993988,3,0,intermediate,1312,0.0,0,0,0.0,0,0,0.0,3,easy,easy,Competent,2
s126_t10,126,2,1712600404,co-q15,calculus-optimization,co-integration,medium,1160,medium,0.0,definite-integrals|indefinite-integrals|integration-by-parts,standard,0,0,none,0.0,practice_test,1312.0,intermediate,0,0,0.0,0,0,0.0,0,0,0.0,0.7057813597120025,0.0,1,116.045932571245,32,1.0,0.7057813597120025,9,0,intermediate,1321,0.0,0,0,0.0,0,0,0.0,9,medium,medium,Competent,4
s126_t10,126,2,1712600405,dbms-q17,dbms,dbms-sql,hard,1660,high,0.0,select|joins|group-by|aggregation,standard,0,0,none,0.0,practice_test,1321.0,intermediate,0,0,0.0,0,0,0.0,0,0,0.0,0.1243963313590066,0.0,1,104.3971754416881,32,1.0,0.1243963313590066,28,0,intermediate,1349,0.0,0,0,0.0,0,0,0.0,28,hard,hard,Competent,6
s126_t10,126,2,1712600406,ds-q427,artificial-intelligence,linear-algebra,easy,1280,medium,0.0,matrices|vectors|eigenvalues|linear-systems|transformations,standard,0,0,none,0.0,practice_test,1349.0,intermediate,0,0,0.0,0,0,0.0,0,0,0.0,0.5980137657693436,0.0,1,83.34026009540116,32,1.0,0.5980137657693436,13,0,intermediate,1362,0.0,0,0,0.0,0,0,0.0,13,easy,easy,Competent,4
s126_t10,126,2,1712600407,ds-q170,probability-statistics,probability,medium,1020,medium,0.0,sample-spaces|events|conditional-probability|independence,standard,0,0,none,0.0,practice_test,1362.0,intermediate,0,0,0.0,0,0,0.0,0,0,0.0,0.8774725143294195,0.0,1,51.8692302107961,32,1.0,0.8774725143294195,4,0,intermediate,1366,0.0,0,0,0.0,0,0,0.0,4,medium,medium,Competent,2
s126_t10,126,2,1712600408,la-30,linear-algebra,la-matrices,medium,1210,medium,0.0,,standard,0,0,none,0.0,practice_test,1366.0,intermediate,0,0,0.0,0,0,0.0,0,0,0.0,0.7105400123698378,0.0,1,116.87810464436257,32,1.0,0.7105400123698378,9,0,intermediate,1375,0.0,0,0,0.0,0,0,0.0,9,medium,medium,Competent,4
s126_t10,126,2,1712600409,dsa-q64,programming-dsa,dsa-complexity,easy,860,low,0.0,time-complexity|space-complexity|big-o-notation,standard,0,0,none,0.0,practice_test,1375.0,intermediate,0,0,0.0,0,0,0.0,0,0,0.0,0.9509479946527072,0.0,1,107.7294001553582,32,1.0,0.9509479946527072,2,0,intermediate,1377,0.0,0,0,0.0,0,0,0.0,2,easy,easy,Competent,2
s126_t10,126,2,1712600410,dsa-q14,programming-dsa,dsa-trees,medium,1240,medium,0.0,binary-trees|bst|tree-traversal|balanced-trees,standard,0,0,none,0.0,practice_test,1377.0,intermediate,0,0,0.0,0,0,0.0,0,0,0.0,0.6875382482123418,0.0,0,18.629431959090056,32,1.0,0.6875382482123418,-22,0,intermediate,1355,0.0,0,0,0.0,0,0,0.0,-22,medium,medium,Competent,4
s126_t10,126,2,1712600411,co-q2,calculus-optimization,co-differentiation,easy,940,medium,0.0,derivatives|chain-rule|product-rule|critical-points,standard,0,0,none,0.0,practice_test,1355.0,intermediate,0,0,0.0,0,0,0.0,0,0,0.0,0.915979412738272,0.0,1,84.66243967641887,32,1.0,0.915979412738272,3,0,intermediate,1358,0.0,0,0,0.0,0,0,0.0,3,easy,easy,Competent,2
s126_t10,126,2,1712600412,la-q25,linear-algebra,la-eigenvalues,hard,1850,high,0.0,eigenvalues|eigenvectors|diagonalization|spectral-theorem,standard,0,0,none,0.0,practice_test,1358.0,intermediate,0,0,0.0,0,0,0.0,0,0,0.0,0.0556098167582033,0.0,0,18.009296300079377,32,1.0,0.0556098167582033,-2,0,intermediate,1356,0.0,0,0,0.0,0,0,0.0,-2,hard,hard,Competent,8
s126_t10,126,2,1712600413,dsa-q70,programming-dsa,dsa-complexity,hard,2010,high,0.0,time-complexity|space-complexity|big-o-notation,standard,0,0,none,0.0,practice_test,1356.0,intermediate,0,0,0.0,0,0,0.0,0,0,0.0,0.0226490779783473,0.0,0,40.81982036909273,32,1.0,0.0226490779783473,-1,0,intermediate,1355,0.0,0,0,0.0,0,0,0.0,-1,hard,hard,Competent,8
s126_t10,126,2,1712600414,ga-q19,general-aptitude,ga-quantitative-aptitude,medium,1120,medium,0.0,arithmetic|algebra|geometry|permutations|combinations,standard,0,0,none,0.0,practice_test,1355.0,intermediate,0,0,0.0,0,0,0.0,0,0,0.0,0.7945819150362295,0.0,1,122.9602624488532,32,1.0,0.7945819150362295,7,0,intermediate,1362,0.0,0,0,0.0,0,0,0.0,7,medium,medium,Competent,4
s126_t10,126,2,1712600415,ga-q7,general-aptitude,ga-quantitative-aptitude,easy,820,low,0.0,arithmetic|algebra|geometry|permutations|combinations,standard,0,0,none,0.0,practice_test,1362.0,intermediate,0,0,0.0,0,0,0.0,0,0,0.0,0.9577103416023746,0.0,1,34.26485799794581,32,1.0,0.9577103416023746,1,0,intermediate,1363,0.0,0,0,0.0,0,0,0.0,1,easy,easy,Competent,2
s126_t10,126,2,1712600416,ml-q123,machine-learning,ml-evaluation,hard,2050,high,0.0,accuracy|precision|recall|f1-score|cross-validation,standard,0,0,none,0.0,practice_test,1363.0,intermediate,0,0,0.0,0,0,0.0,0,0,0.0,0.0188042347894683,0.0,0,48.24011414832388,32,1.0,0.0188042347894683,-1,0,intermediate,1362,0.0,0,0,0.0,0,0,0.0,-1,hard,hard,Competent,8
s126_t10,126,2,1712600417,dsa-q74,programming-dsa,dsa-complexity,medium,1300,medium,0.0,time-complexity|space-complexity|big-o-notation,standard,0,0,none,0.0,practice_test,1362.0,intermediate,0,0,0.0,0,0,0.0,0,0,0.0,0.5882899718631628,0.0,1,91.42960735460578,32,1.0,0.5882899718631628,13,0,intermediate,1375,0.0,0,0,0.0,0,0,0.0,13,medium,medium,Competent,4
s126_t10,126,2,1712600418,la-q16,linear-algebra,la-eigenvalues,medium,1200,medium,0.0,eigenvalues|eigenvectors|diagonalization|spectral-theorem,standard,0,0,none,0.0,practice_test,1375.0,intermediate,0,0,0.0,0,0,0.0,0,0,0.0,0.7325072897556676,0.0,1,72.8031028802097,32,1.0,0.7325072897556676,9,0,intermediate,1384,0.0,0,0,0.0,0,0,0.0,9,medium,medium,Competent,4
s126_t10,126,2,1712600419,ps-q20,probability-statistics,ps-probability,easy,960,medium,0.0,probability-theory|conditional-probability|independence,standard,0,0,none,0.0,practice_test,1384.0,intermediate,0,0,0.0,0,0,0.0,0,0,0.0,0.9198816569709808,0.0,1,53.73487480442351,32,1.0,0.9198816569709808,3,0,intermediate,1387,0.0,0,0,0.0,0,0,0.0,3,easy,easy,Competent,2
s126_t10,126,2,1712600420,ds-q15,artificial-intelligence,data-structures,easy,970,medium,0.0,arrays|linked-lists|stacks|queues|trees,standard,0,0,none,0.0,practice_test,1387.0,intermediate,0,0,0.0,0,0,0.0,0,0,0.0,0.91686122759573,0.0,1,116.16693255500768,32,1.0,0.91686122759573,3,0,intermediate,1390,0.0,0,0,0.0,0,0,0.0,3,easy,easy,Competent,2
s126_t10,126,2,1712600421,ga-q2,general-aptitude,ga-quantitative-aptitude,easy,860,low,0.0,arithmetic|algebra|geometry|permutations|combinations,standard,0,0,none,0.0,practice_test,1390.0,intermediate,0,0,0.0,0,0,0.0,0,0,0.0,0.9548224553181524,0.0,1,41.01982518651858,32,1.0,0.9548224553181524,1,0,intermediate,1391,0.0,0,0,0.0,0,0,0.0,1,easy,easy,Competent,2
s126_t10,126,2,1712600422,ga-q15,general-aptitude,ga-quantitative-aptitude,easy,800,low,0.0,arithmetic|algebra|geometry|permutations|combinations,standard,0,0,none,0.0,practice_test,1391.0,intermediate,0,0,0.0,0,0,0.0,0,0,0.0,0.9677691489361132,0.0,1,69.54367424912702,32,1.0,0.9677691489361132,1,0,intermediate,1392,0.0,0,0,0.0,0,0,0.0,1,easy,easy,Competent,2
s126_t10,126,2,1712600423,la-23,linear-algebra,la-matrices,hard,1510,high,0.0,,standard,0,0,none,0.0,practice_test,1392.0,intermediate,0,0,0.0,0,0,0.0,0,0,0.0,0.3364259019587045,0.0,0,103.86424120084358,32,1.0,0.3364259019587045,-11,0,intermediate,1381,0.0,0,0,0.0,0,0,0.0,-11,hard,hard,Competent,6
s126_t10,126,2,1712600424,ps-q71,probability-statistics,ps-distributions,easy,1150,medium,0.0,normal-distribution|binomial-distribution|poisson-distribution|cumulative-distribution|expected-value|variance,standard,0,0,none,0.0,practice_test,1381.0,intermediate,0,0,0.0,0,0,0.0,0,0,0.0,0.7907981027972382,0.0,1,118.93005934577076,32,1.0,0.7907981027972382,7,0,intermediate,1388,0.0,0,0,0.0,0,0,0.0,7,easy,easy,Competent,4
s126_t10,126,2,1712600425,ps-q45,probability-statistics,ps-probability,medium,1210,medium,0.0,basic-probability|bayes-theorem|conditional-probability|independence|random-variables,standard,0,0,none,0.0,practice_test,1388.0,intermediate,0,0,0.0,0,0,0.0,0,0,0.0,0.7358774441014764,0.0,1,90.01294498233645,32,1.0,0.7358774441014764,8,0,intermediate,1396,0.0,0,0,0.0,0,0,0.0,8,medium,medium,Competent,4
s126_t10,126,2,1712600426,co-q20,calculus-optimization,co-differentiation,easy,1200,medium,0.0,partial-derivatives|chain-rule|product-rule|critical-points|gradients|implicit-differentiation,standard,0,0,none,0.0,practice_test,1396.0,intermediate,0,0,0.0,0,0,0.0,0,0,0.0,0.7555188820711969,0.0,1,16.307249698152418,32,1.0,0.7555188820711969,8,0,intermediate,1404,0.0,0,0,0.0,0,0,0.0,8,easy,easy,Competent,4
s126_t10,126,2,1712600427,ds-q300,machine-learning,machine-learning,medium,1330,high,0.0,supervised|unsupervised|reinforcement|evaluation,standard,0,0,none,0.0,practice_test,1404.0,intermediate,0,0,0.0,0,0,0.0,0,0,0.0,0.6049129020079569,0.0,1,135.8033916589884,32,1.0,0.6049129020079569,13,0,intermediate,1417,0.0,0,0,0.0,0,0,0.0,13,medium,medium,Competent,4
s126_t10,126,2,1712600428,la-q11,linear-algebra,la-eigenvalues,easy,720,low,0.0,eigenvalues|eigenvectors|diagonalization|spectral-theorem,standard,0,0,none,0.0,practice_test,1417.0,intermediate,0,0,0.0,0,0,0.0,0,0,0.0,0.9822289644092016,0.0,1,15.005010358638124,32,1.0,0.9822289644092016,1,0,intermediate,1418,0.0,0,0,0.0,0,0,0.0,1,easy,easy,Competent,2
s126_t10,126,2,1712600429,dsa-q9,programming-dsa,dsa-complexity,medium,1200,medium,0.0,time-complexity|space-complexity|big-o-notation,standard,0,0,none,0.0,practice_test,1418.0,intermediate,0,0,0.0,0,0,0.0,0,0,0.0,0.7781484542191325,0.0,1,125.76293035450152,32,1.0,0.7781484542191325,7,0,intermediate,1425,0.0,0,0,0.0,0,0,0.0,7,medium,medium,Competent,4
s126_t10,126,2,1712600430,ps-q93,probability-statistics,ps-hypothesis,medium,1100,medium,0.0,hypothesis-testing|p-value|type-I-error|type-II-error|t-test|significance-level,standard,0,0,none,0.0,practice_test,1425.0,intermediate,0,0,0.0,0,0,0.0,0,0,0.0,0.8665566437895401,0.0,1,91.87769322327918,32,1.0,0.8665566437895401,4,0,intermediate,1429,0.0,0,0,0.0,0,0,0.0,4,medium,medium,Competent,4
s126_t10,126,2,1712600431,ds-q156,probability-statistics,probability,easy,800,low,0.0,sample-spaces|events|conditional-probability|independence,standard,0,0,none,0.0,practice_test,1429.0,intermediate,0,0,0.0,0,0,0.0,0,0,0.0,0.9739366223620762,0.0,1,118.7901109090182,32,1.0,0.9739366223620762,1,0,intermediate,1430,0.0,0,0,0.0,0,0,0.0,1,easy,easy,Competent,2
s126_t10,126,2,1712600432,ga-q20,general-aptitude,ga-quantitative-aptitude,medium,1170,medium,0.0,arithmetic|algebra|geometry|permutations|combinations,standard,0,0,none,0.0,practice_test,1430.0,intermediate,0,0,0.0,0,0,0.0,0,0,0.0,0.8170788341999742,0.0,1,75.21430866459022,32,1.0,0.8170788341999742,6,0,intermediate,1436,0.0,0,0,0.0,0,0,0.0,6,medium,medium,Competent,4
s126_t10,126,2,1712600433,ga-q13,general-aptitude,ga-quantitative-aptitude,easy,880,low,0.0,arithmetic|algebra|geometry|permutations|combinations,standard,0,0,none,0.0,practice_test,1436.0,intermediate,0,0,0.0,0,0,0.0,0,0,0.0,0.9608565972483072,0.0,1,55.81996273969461,32,1.0,0.9608565972483072,1,0,intermediate,1437,0.0,0,0,0.0,0,0,0.0,1,easy,easy,Competent,2
s126_t10,126,2,1712600434,dsa-q56,programming-dsa,dsa-trees,hard,2400,high,0.0,binary-trees|bst|tree-traversal|balanced-trees,standard,0,0,none,0.0,practice_test,1437.0,intermediate,0,0,0.0,0,0,0.0,0,0,0.0,0.0038976600732363,0.0,0,107.628486733816,32,1.0,0.0038976600732363,0,0,intermediate,1437,0.0,0,0,0.0,0,0,0.0,0,hard,hard,Competent,10
s126_t10,126,2,1712600435,dbms-q47,dbms,dbms-normalization,medium,1170,medium,0.0,functional-dependencies|closure-of-attributes|canonical-cover|lossless-join-decomposition|dependency-preservation|first-normal-form|second-normal-form|third-normal-form|boyce-codd-normal-form,standard,0,0,none,0.0,practice_test,1437.0,intermediate,0,0,0.0,0,0,0.0,0,0,0.0,0.8230246289217321,0.0,1,9.29528257192532,32,1.0,0.8230246289217321,6,0,intermediate,1443,0.0,0,0,0.0,0,0,0.0,6,medium,medium,Competent,4
s126_t10,126,2,1712600436,dsa-q1,programming-dsa,dsa-complexity,easy,710,low,0.0,time-complexity|space-complexity|big-o-notation,standard,0,0,none,0.0,practice_test,1443.0,intermediate,0,0,0.0,0,0,0.0,0,0,0.0,0.985506953260262,0.0,1,108.96850845362196,32,1.0,0.985506953260262,0,0,intermediate,1443,0.0,0,0,0.0,0,0,0.0,0,easy,easy,Competent,2
s126_t10,126,2,1712600437,dsa-q75,programming-dsa,dsa-complexity,medium,1040,medium,0.0,time-complexity|space-complexity|big-o-notation,standard,0,0,none,0.0,practice_test,1443.0,intermediate,0,0,0.0,0,0,0.0,0,0,0.0,0.9105080840492276,0.0,0,80.24058584326029,32,1.0,0.9105080840492276,-29,0,intermediate,1414,0.0,0,0,0.0,0,0,0.0,-29,medium,medium,Competent,2
s126_t10,126,2,1712600438,ds-q18,machine-learning,machine-learning,easy,850,low,0.0,supervised|unsupervised|reinforcement|evaluation,standard,0,0,none,0.0,practice_test,1414.0,intermediate,0,0,0.0,0,0,0.0,0,0,0.0,0.9625523674635552,0.0,1,33.7873765551297,32,1.0,0.9625523674635552,1,0,intermediate,1415,0.0,0,0,0.0,0,0,0.0,1,easy,easy,Competent,2
s126_t10,126,2,1712600439,ds-q66,artificial-intelligence,verbal-reasoning,easy,830,low,0.0,comprehension|sentence-correction|para-jumbles,standard,0,0,none,0.0,practice_test,1415.0,intermediate,0,0,0.0,0,0,0.0,0,0,0.0,0.9666742338227894,0.0,1,77.38291518450072,32,1.0,0.9666742338227894,1,0,intermediate,1416,0.0,0,0,0.0,0,0,0.0,1,easy,easy,Competent,2
s135_t13,135,3,1713500555,co-q52,calculus-optimization,co-integration,medium,1160,medium,0.0,definite-integrals|indefinite-integrals|integration-by-parts|u-substitution|fundamental-theorem,standard,0,0,none,0.0,practice_test,1521.0,advanced,0,0,0.0,0,0,0.0,0,0,0.0,0.8887546456176784,0.0,1,67.50646101208557,32,1.0,0.8887546456176784,4,0,advanced,1525,0.0,0,0,0.0,0,0,0.0,4,medium,medium,Competent,4
s135_t13,135,3,1713500556,la-q17,linear-algebra,la-eigenvalues,medium,1200,medium,0.0,eigenvalues|eigenvectors|diagonalization|spectral-theorem,standard,0,0,none,0.0,practice_test,1525.0,advanced,0,0,0.0,0,0,0.0,0,0,0.0,0.8665566437895401,0.0,1,29.333045686671475,32,1.0,0.8665566437895401,4,0,advanced,1529,0.0,0,0,0.0,0,0,0.0,4,medium,medium,Competent,4
s135_t13,135,3,1713500557,ml-q123,machine-learning,ml-evaluation,hard,2050,high,0.0,accuracy|precision|recall|f1-score|cross-validation,standard,0,0,none,0.0,practice_test,1529.0,advanced,0,0,0.0,0,0,0.0,0,0,0.0,0.0474657763323367,0.0,0,94.35630084543612,32,1.0,0.0474657763323367,-2,0,advanced,1527,0.0,0,0,0.0,0,0,0.0,-2,hard,hard,Competent,8
s135_t13,135,3,1713500558,ps-q72,probability-statistics,ps-distributions,medium,1050,medium,0.0,normal-distribution|binomial-distribution|poisson-distribution|cumulative-distribution|expected-value|variance,standard,0,0,none,0.0,practice_test,1527.0,advanced,0,0,0.0,0,0,0.0,0,0,0.0,0.939677565785312,0.0,1,50.06591286131479,32,1.0,0.939677565785312,2,0,advanced,1529,0.0,0,0,0.0,0,0,0.0,2,medium,medium,Competent,2
s135_t13,135,3,1713500559,dsa-q83,programming-dsa,dsa-complexity,hard,2240,high,0.0,time-complexity|space-complexity|big-o-notation,standard,0,0,none,0.0,practice_test,1529.0,advanced,0,0,0.0,0,0,0.0,0,0,0.0,0.0164176401087121,0.0,0,47.68129407893784,32,1.0,0.0164176401087121,-1,0,advanced,1528,0.0,0,0,0.0,0,0,0.0,-1,hard,hard,Competent,10
s135_t13,135,3,1713500560,dsa-q82,programming-dsa,dsa-complexity,easy,840,low,0.0,time-complexity|space-complexity|big-o-notation,standard,0,0,none,0.0,practice_test,1528.0,advanced,0,0,0.0,0,0,0.0,0,0,0.0,0.981301681926184,0.0,1,40.92224609759728,32,1.0,0.981301681926184,1,0,advanced,1529,0.0,0,0,0.0,0,0,0.0,1,easy,easy,Competent,2
s135_t13,135,3,1713500561,dsa-q47,programming-dsa,dsa-trees,medium,1280,medium,0.0,binary-trees|bst|tree-traversal|balanced-trees,standard,0,0,none,0.0,practice_test,1529.0,advanced,0,0,0.0,0,0,0.0,0,0,0.0,0.8074241816712792,0.0,0,134.02513428011414,32,1.0,0.8074241816712792,-26,0,advanced,1503,0.0,0,0,0.0,0,0,0.0,-26,medium,medium,Competent,4
s135_t13,135,3,1713500562,ds-q136,artificial-intelligence,quantitative-aptitude,easy,850,low,0.0,numbers|algebra|geometry|probability,standard,0,0,none,0.0,practice_test,1503.0,advanced,0,0,0.0,0,0,0.0,0,0,0.0,0.9772231456449872,0.0,1,111.58211931829074,32,1.0,0.9772231456449872,1,0,advanced,1504,0.0,0,0,0.0,0,0,0.0,1,easy,easy,Competent,2
s135_t13,135,3,1713500563,ds-q191,probability-statistics,probability,hard,2090,high,0.0,sample-spaces|events|conditional-probability|independence,standard,0,0,none,0.0,practice_test,1504.0,advanced,0,0,0.0,0,0,0.0,0,0,0.0,0.0331408181659373,0.0,0,138.81722189135232,32,1.0,0.0331408181659373,-1,0,advanced,1503,0.0,0,0,0.0,0,0,0.0,-1,hard,hard,Competent,8
s135_t13,135,3,1713500564,ds-q417,artificial-intelligence,normalization,medium,1330,high,0.0,1nf|2nf|3nf|bcnf,standard,0,0,none,0.0,practice_test,1503.0,advanced,0,0,0.0,0,0,0.0,0,0,0.0,0.730245413297424,0.0,1,76.73781487012609,32,1.0,0.730245413297424,9,0,advanced,1512,0.0,0,0,0.0,0,0,0.0,9,medium,medium,Competent,4
s135_t13,135,3,1713500565,ds-q30,calculus-optimization,calculus,easy,830,low,0.0,derivatives|integrals|limits|continuity,standard,0,0,none,0.0,practice_test,1512.0,advanced,0,0,0.0,0,0,0.0,0,0,0.0,0.9806572925974398,0.0,1,139.28415285780213,32,1.0,0.9806572925974398,1,0,advanced,1513,0.0,0,0,0.0,0,0,0.0,1,easy,easy,Competent,2
s135_t13,135,3,1713500566,ds-q457,machine-learning,machine-learning,medium,1110,medium,0.0,supervised|unsupervised|reinforcement|evaluation,standard,0,0,none,0.0,practice_test,1513.0,advanced,0,0,0.0,0,0,0.0,0,0,0.0,0.9105080840492276,0.0,1,120.8620615164572,32,1.0,0.9105080840492276,3,0,advanced,1516,0.0,0,0,0.0,0,0,0.0,3,medium,medium,Competent,4
s135_t13,135,3,1713500567,ds-q56,probability-statistics,conditional-probability,medium,1050,medium,0.0,bayes-rule|conditional-independence,standard,0,0,none,0.0,practice_test,1516.0,advanced,0,0,0.0,0,0,0.0,0,0,0.0,0.935986774333214,0.0,1,68.55271320912365,32,1.0,0.935986774333214,2,0,advanced,1518,0.0,0,0,0.0,0,0,0.0,2,medium,medium,Competent,2
s135_t13,135,3,1713500568,ps-q85,probability-statistics,ps-hypothesis,medium,1220,medium,0.0,hypothesis-testing|p-value|type-I-error|type-II-error|t-test|significance-level,standard,0,0,none,0.0,practice_test,1518.0,advanced,0,0,0.0,0,0,0.0,0,0,0.0,0.8475387239958501,0.0,0,50.88841847518127,32,1.0,0.8475387239958501,-27,0,intermediate,1491,0.0,0,0,0.0,0,0,0.0,-27,medium,medium,Competent,4
s135_t13,135,3,1713500569,ds-q421,dbms,dbms,medium,1030,medium,0.0,database-fundamentals|acid-properties|transactions,standard,0,0,none,0.0,practice_test,1491.0,intermediate,0,0,0.0,0,0,0.0,0,0,0.0,0.934240473414462,0.0,1,137.0169243274257,32,1.0,0.934240473414462,2,0,intermediate,1493,0.0,0,0,0.0,0,0,0.0,2,medium,medium,Competent,2
s135_t13,135,3,1713500570,dbms-q2,dbms,dbms-normalization,easy,770,low,0.0,functional-dependencies|closure-of-attributes|canonical-cover|lossless-join-decomposition|dependency-preservation|first-normal-form|second-normal-form|third-normal-form|boyce-codd-normal-form,standard,0,0,none,0.0,practice_test,1493.0,intermediate,0,0,0.0,0,0,0.0,0,0,0.0,0.9846613585709786,0.0,1,126.55764394751284,32,1.0,0.9846613585709786,0,0,intermediate,1493,0.0,0,0,0.0,0,0,0.0,0,easy,easy,Competent,2
s135_t13,135,3,1713500571,ds-q123,dbms,dbms,medium,1440,high,0.0,database-fundamentals|acid-properties|transactions,standard,0,0,none,0.0,practice_test,1493.0,intermediate,0,0,0.0,0,0,0.0,0,0,0.0,0.5756869523764296,0.0,0,78.04574614911687,32,1.0,0.5756869523764296,-18,0,intermediate,1475,0.0,0,0,0.0,0,0,0.0,-18,medium,medium,Competent,6
s135_t13,135,3,1713500572,dsa-q5,programming-dsa,dsa-complexity,easy,980,medium,0.0,time-complexity|space-complexity|big-o-notation,standard,0,0,none,0.0,practice_test,1475.0,intermediate,0,0,0.0,0,0,0.0,0,0,0.0,0.9452901966235238,0.0,1,64.351992987672,32,1.0,0.9452901966235238,2,0,intermediate,1477,0.0,0,0,0.0,0,0,0.0,2,easy,easy,Competent,2
s135_t13,135,3,1713500573,la-q62,linear-algebra,la-eigenvalues,hard,2070,high,0.0,eigenvalues|eigenvectors|diagonalization|spectral-theorem,standard,0,0,none,0.0,practice_test,1477.0,intermediate,0,0,0.0,0,0,0.0,0,0,0.0,0.0318736671449864,0.0,1,39.367292283602666,32,1.0,0.0318736671449864,31,0,advanced,1508,0.0,0,0,0.0,0,0,0.0,31,hard,hard,Competent,8
s135_t13,135,3,1713500574,ds-q126,machine-learning,machine-learning,easy,1300,medium,0.0,supervised|unsupervised|reinforcement|evaluation,standard,0,0,none,0.0,practice_test,1508.0,advanced,0,0,0.0,0,0,0.0,0,0,0.0,0.7680520031675839,0.0,0,112.13224294180252,32,1.0,0.7680520031675839,-25,0,intermediate,1483,0.0,0,0,0.0,0,0,0.0,-25,easy,easy,Competent,4
s135_t13,135,3,1713500575,ga-q10,general-aptitude,ga-logical-reasoning,easy,760,low,0.0,syllogisms|logical-deduction|critical-reasoning,standard,0,0,none,0.0,practice_test,1483.0,intermediate,0,0,0.0,0,0,0.0,0,0,0.0,0.9846613585709786,0.0,1,66.80110279905469,32,1.0,0.9846613585709786,0,0,intermediate,1483,0.0,0,0,0.0,0,0,0.0,0,easy,easy,Competent,2
s135_t13,135,3,1713500576,la-41,linear-algebra,la-eigenvalues,hard,1510,high,0.0,,standard,0,0,none,0.0,practice_test,1483.0,intermediate,0,0,0.0,0,0,0.0,0,0,0.0,0.4612219079428284,0.0,0,117.37965263142527,32,1.0,0.4612219079428284,-15,0,intermediate,1468,0.0,0,0,0.0,0,0,0.0,-15,hard,hard,Competent,6
s135_t13,135,3,1713500577,ds-q285,artificial-intelligence,databases,easy,730,low,0.0,sql|relational-model|keys|joins,standard,0,0,none,0.0,practice_test,1468.0,intermediate,0,0,0.0,0,0,0.0,0,0,0.0,0.9859123578820096,0.0,1,110.1711102179445,32,1.0,0.9859123578820096,0,0,intermediate,1468,0.0,0,0,0.0,0,0,0.0,0,easy,easy,Competent,2
s135_t13,135,3,1713500578,dsa-q59,programming-dsa,dsa-trees,medium,1390,high,0.0,binary-trees|bst|tree-traversal|balanced-trees,standard,0,0,none,0.0,practice_test,1468.0,intermediate,0,0,0.0,0,0,0.0,0,0,0.0,0.6104024220946891,0.0,0,47.83774109527251,32,1.0,0.6104024220946891,-20,0,intermediate,1448,0.0,0,0,0.0,0,0,0.0,-20,medium,medium,Competent,4
s135_t13,135,3,1713500579,ga-q3,general-aptitude,ga-quantitative-aptitude,easy,820,low,0.0,arithmetic|algebra|geometry|permutations|combinations,standard,0,0,none,0.0,practice_test,1448.0,intermediate,0,0,0.0,0,0,0.0,0,0,0.0,0.9737901005271176,0.0,1,78.81732617511432,32,1.0,0.9737901005271176,1,0,intermediate,1449,0.0,0,0,0.0,0,0,0.0,1,easy,easy,Competent,2
s135_t13,135,3,1713500580,ds-q364,machine-learning,machine-learning,medium,1050,medium,0.0,supervised|unsupervised|reinforcement|evaluation,standard,0,0,none,0.0,practice_test,1449.0,intermediate,0,0,0.0,0,0,0.0,0,0,0.0,0.9086140467149136,0.0,1,55.58044242840261,32,1.0,0.9086140467149136,3,0,intermediate,1452,0.0,0,0,0.0,0,0,0.0,3,medium,medium,Competent,2
s135_t13,135,3,1713500581,ps-q62,probability-statistics,ps-distributions,easy,700,low,0.0,normal-distribution|binomial-distribution|poisson-distribution|cumulative-distribution|expected-value|variance,standard,0,0,none,0.0,practice_test,1452.0,intermediate,0,0,0.0,0,0,0.0,0,0,0.0,0.986988951636248,0.0,1,73.73320784243654,32,1.0,0.986988951636248,0,0,intermediate,1452,0.0,0,0,0.0,0,0,0.0,0,easy,easy,Competent,2
s135_t13,135,3,1713500582,co-q62,calculus-optimization,co-optimization,medium,1250,medium,0.0,critical-points|extrema|optimization|lagrange-multipliers|convexity|gradient-descent,standard,0,0,none,0.0,practice_test,1452.0,intermediate,0,0,0.0,0,0,0.0,0,0,0.0,0.761842109917936,0.0,1,82.50244381538741,32,1.0,0.761842109917936,8,0,intermediate,1460,0.0,0,0,0.0,0,0,0.0,8,medium,medium,Competent,4
s135_t13,135,3,1713500583,ga-q9,general-aptitude,ga-logical-reasoning,easy,960,medium,0.0,syllogisms|logical-deduction|critical-reasoning,standard,0,0,none,0.0,practice_test,1460.0,intermediate,0,0,0.0,0,0,0.0,0,0,0.0,0.9467597847979776,0.0,1,58.3649664600863,32,1.0,0.9467597847979776,2,0,intermediate,1462,0.0,0,0,0.0,0,0,0.0,2,easy,easy,Competent,2
s135_t13,135,3,1713500584,dsa-q41,programming-dsa,dsa-arrays,easy,970,medium,0.0,array-operations|indexing|searching|sorting,standard,0,0,none,0.0,practice_test,1462.0,intermediate,0,0,0.0,0,0,0.0,0,0,0.0,0.9443901832417966,0.0,1,54.82911630425262,32,1.0,0.9443901832417966,2,0,intermediate,1464,0.0,0,0,0.0,0,0,0.0,2,easy,easy,Competent,2
s145_t18,145,4,1714500770,ps-q42,probability-statistics,ps-probability,easy,800,low,0.0,basic-probability|bayes-theorem|conditional-probability|independence|random-variables,standard,0,0,none,0.0,practice_test,863.0,beginner,0,0,0.0,0,0,0.0,0,0,0.0,0.5896835031399501,0.0,1,43.44811063930599,32,1.0,0.5896835031399501,13,0,beginner,876,0.0,0,0,0.0,0,0,0.0,13,easy,easy,Average Learner,2
s145_t18,145,4,1714500771,dsa-q3,programming-dsa,dsa-arrays,easy,880,low,0.0,array-operations|indexing|searching|sorting,standard,0,0,none,0.0,practice_test,876.0,beginner,0,0,0.0,0,0,0.0,0,0,0.0,0.494243791588855,0.0,1,59.4173588465932,32,1.0,0.494243791588855,16,0,beginner,892,0.0,0,0,0.0,0,0,0.0,16,easy,easy,Average Learner,2
s145_t18,145,4,1714500772,ps-q41,probability-statistics,ps-probability,easy,1200,medium,0.0,basic-probability|bayes-theorem|conditional-probability|independence|random-variables,standard,0,0,none,0.0,practice_test,892.0,beginner,0,0,0.0,0,0,0.0,0,0,0.0,0.1451708224682404,0.0,0,69.31897516576774,32,1.0,0.1451708224682404,-5,0,beginner,887,0.0,0,0,0.0,0,0,0.0,-5,easy,easy,Average Learner,4
s145_t18,145,4,1714500773,co-q73,calculus-optimization,co-optimization,hard,1700,high,0.0,critical-points|extrema|optimization|lagrange-multipliers|convexity|gradient-descent,standard,0,0,none,0.0,practice_test,887.0,beginner,0,0,0.0,0,0,0.0,0,0,0.0,0.0091936670950476,0.0,0,100.98889788859044,32,1.0,0.0091936670950476,0,0,beginner,887,0.0,0,0,0.0,0,0,0.0,0,hard,hard,Average Learner,6
s145_t18,145,4,1714500774,la-q48,linear-algebra,la-matrices,medium,1340,high,0.0,addition|scalar-multiplication|matrix-multiplication|determinants|minors|cofactors|symmetric|orthogonal,standard,0,0,none,0.0,practice_test,887.0,beginner,0,0,0.0,0,0,0.0,0,0,0.0,0.0686459334800555,0.0,0,99.963729402176,32,1.0,0.0686459334800555,-2,0,beginner,885,0.0,0,0,0.0,0,0,0.0,-2,medium,medium,Average Learner,4
s145_t18,145,4,1714500775,ds-q123,dbms,dbms,medium,1440,high,0.0,database-fundamentals|acid-properties|transactions,standard,0,0,none,0.0,practice_test,885.0,beginner,0,0,0.0,0,0,0.0,0,0,0.0,0.0393604855044517,0.0,0,17.965129393019865,32,1.0,0.0393604855044517,-1,0,beginner,884,0.0,0,0,0.0,0,0,0.0,-1,medium,medium,Average Learner,6
s145_t18,145,4,1714500776,co-q3,calculus-optimization,co-differentiation,easy,730,low,0.0,derivatives|chain-rule|product-rule|critical-points,standard,0,0,none,0.0,practice_test,884.0,beginner,0,0,0.0,0,0,0.0,0,0,0.0,0.7081663882812006,0.0,1,83.82414310247798,32,1.0,0.7081663882812006,9,0,beginner,893,0.0,0,0,0.0,0,0,0.0,9,easy,easy,Average Learner,2
s145_t18,145,4,1714500777,ga-q14,general-aptitude,ga-logical-reasoning,easy,850,low,0.0,syllogisms|logical-deduction|critical-reasoning,standard,0,0,none,0.0,practice_test,893.0,beginner,0,0,0.0,0,0,0.0,0,0,0.0,0.5615679389736461,0.0,1,58.76114522056505,32,1.0,0.5615679389736461,14,0,beginner,907,0.0,0,0,0.0,0,0,0.0,14,easy,easy,Average Learner,2
s145_t18,145,4,1714500778,co-q21,calculus-optimization,co-differentiation,medium,1110,medium,0.0,partial-derivatives|chain-rule|product-rule|critical-points|gradients|implicit-differentiation,standard,0,0,none,0.0,practice_test,907.0,beginner,0,0,0.0,0,0,0.0,0,0,0.0,0.2371150196947458,0.0,0,54.09479794985431,32,1.0,0.2371150196947458,-8,0,beginner,899,0.0,0,0,0.0,0,0,0.0,-8,medium,medium,Average Learner,4
s145_t18,145,4,1714500779,dsa-q13,programming-dsa,dsa-trees,medium,1280,medium,0.0,binary-trees|bst|tree-traversal|balanced-trees,standard,0,0,none,0.0,practice_test,899.0,beginner,0,0,0.0,0,0,0.0,0,0,0.0,0.1003616848499489,0.0,0,45.8728561695805,32,1.0,0.1003616848499489,-3,0,beginner,896,0.0,0,0,0.0,0,0,0.0,-3,medium,medium,Average Learner,4
s145_t18,145,4,1714500780,ds-q168,artificial-intelligence,deep-learning,medium,1130,medium,0.0,neural-networks|backpropagation|activation-functions,standard,0,0,none,0.0,practice_test,896.0,beginner,0,0,0.0,0,0,0.0,0,0,0.0,0.2063592568118311,0.0,0,65.68850657778626,32,1.0,0.2063592568118311,-7,0,beginner,889,0.0,0,0,0.0,0,0,0.0,-7,medium,medium,Average Learner,4
s145_t18,145,4,1714500781,la-33,linear-algebra,la-eigenvalues,hard,1360,high,0.0,,standard,0,0,none,0.0,practice_test,889.0,beginner,0,0,0.0,0,0,0.0,0,0,0.0,0.0623102062738349,0.0,0,100.75843723780658,32,1.0,0.0623102062738349,-2,0,beginner,887,0.0,0,0,0.0,0,0,0.0,-2,hard,hard,Average Learner,4
s145_t18,145,4,1714500782,la-q4,linear-algebra,la-vector-spaces,easy,750,low,0.0,vector-addition|scalar-multiplication-axioms|sub-spaces|linear-combinations|spanning-sets|linear-independence|coordinates|change-of-basis|dimension-theorems,standard,0,0,none,0.0,practice_test,887.0,beginner,0,0,0.0,0,0,0.0,0,0,0.0,0.6875382482123418,0.0,0,101.92088625800106,32,1.0,0.6875382482123418,-22,0,beginner,865,0.0,0,0,0.0,0,0,0.0,-22,easy,easy,Average Learner,2
s145_t18,145,4,1714500783,ps-q11,probability-statistics,ps-distributions,medium,1410,high,0.0,probability-distributions|cumulative-distribution|expected-value,standard,0,0,none,0.0,practice_test,865.0,beginner,0,0,0.0,0,0,0.0,0,0,0.0,0.0415957290321025,0.0,0,95.30941108151,32,1.0,0.0415957290321025,-1,0,beginner,864,0.0,0,0,0.0,0,0,0.0,-1,medium,medium,Average Learner,4
s145_t18,145,4,1714500784,ml-q2,machine-learning,ml-supervised,easy,950,medium,0.0,linear-regression|logistic-regression|decision-trees|svm,standard,0,0,none,0.0,practice_test,864.0,beginner,0,0,0.0,0,0,0.0,0,0,0.0,0.3787032768775454,0.0,0,43.27446734413609,32,1.0,0.3787032768775454,-12,0,beginner,852,0.0,0,0,0.0,0,0,0.0,-12,easy,easy,Average Learner,2
s145_t18,145,4,1714500785,dsa-q40,programming-dsa,dsa-arrays,medium,1280,medium,0.0,array-operations|indexing|searching|sorting,standard,0,0,none,0.0,practice_test,852.0,beginner,0,0,0.0,0,0,0.0,0,0,0.0,0.0784376749430217,0.0,0,104.80126200945348,32,1.0,0.0784376749430217,-3,0,beginner,849,0.0,0,0,0.0,0,0,0.0,-3,medium,medium,Average Learner,4
s145_t18,145,4,1714500786,dsa-q69,programming-dsa,dsa-complexity,medium,1170,medium,0.0,time-complexity|space-complexity|big-o-notation,standard,0,0,none,0.0,practice_test,849.0,beginner,0,0,0.0,0,0,0.0,0,0,0.0,0.1361285236581421,0.0,0,120.73797142190708,32,1.0,0.1361285236581421,-4,0,beginner,845,0.0,0,0,0.0,0,0,0.0,-4,medium,medium,Average Learner,4
s145_t18,145,4,1714500787,ds-q109,probability-statistics,probability,medium,1200,medium,0.0,sample-spaces|events|conditional-probability|independence,standard,0,0,none,0.0,practice_test,845.0,beginner,0,0,0.0,0,0,0.0,0,0,0.0,0.1147063239459211,0.0,0,104.8407271110398,32,1.0,0.1147063239459211,-4,0,beginner,841,0.0,0,0,0.0,0,0,0.0,-4,medium,medium,Average Learner,4
s145_t18,145,4,1714500788,ds-q387,machine-learning,machine-learning,hard,1600,high,0.0,supervised|unsupervised|reinforcement|evaluation,standard,0,0,none,0.0,practice_test,841.0,beginner,0,0,0.0,0,0,0.0,0,0,0.0,0.0125036127719948,0.0,0,87.50346082018828,32,1.0,0.0125036127719948,0,0,beginner,841,0.0,0,0,0.0,0,0,0.0,0,hard,hard,Average Learner,6
s145_t18,145,4,1714500789,ds-q411,dbms,dbms,medium,1480,high,0.0,database-fundamentals|acid-properties|transactions,standard,0,0,none,0.0,practice_test,841.0,beginner,0,0,0.0,0,0,0.0,0,0,0.0,0.0246413412835204,0.0,1,21.57168152586343,32,1.0,0.0246413412835204,31,0,beginner,872,0.0,0,0,0.0,0,0,0.0,31,medium,medium,Average Learner,6
s145_t18,145,4,1714500790,ga-q4,general-aptitude,ga-quantitative-aptitude,easy,870,low,0.0,arithmetic|algebra|geometry|permutations|combinations,standard,0,0,none,0.0,practice_test,872.0,beginner,0,0,0.0,0,0,0.0,0,0,0.0,0.502878199574811,0.0,0,100.48263258800624,32,1.0,0.502878199574811,-16,0,beginner,856,0.0,0,0,0.0,0,0,0.0,-16,easy,easy,Average Learner,2
s145_t18,145,4,1714500791,ds-q289,artificial-intelligence,linear-algebra,easy,810,low,0.0,matrices|vectors|eigenvalues|linear-systems|transformations,standard,0,0,none,0.0,practice_test,856.0,beginner,0,0,0.0,0,0,0.0,0,0,0.0,0.5658152030692333,0.0,1,90.64477790224302,32,1.0,0.5658152030692333,14,0,beginner,870,0.0,0,0,0.0,0,0,0.0,14,easy,easy,Average Learner,2
s145_t18,145,4,1714500792,dbms-q12,dbms,dbms-sql,easy,940,medium,0.0,select|joins|group-by|aggregation,standard,0,0,none,0.0,practice_test,870.0,beginner,0,0,0.0,0,0,0.0,0,0,0.0,0.4006032032907431,0.0,0,121.754790289495,32,1.0,0.4006032032907431,-13,0,beginner,857,0.0,0,0,0.0,0,0,0.0,-13,easy,easy,Average Learner,2
s145_t18,145,4,1714500793,ds-q45,probability-statistics,probability-theory,medium,1140,medium,0.0,bayes-theorem|permutations|combinations|probability-rules,standard,0,0,none,0.0,practice_test,857.0,beginner,0,0,0.0,0,0,0.0,0,0,0.0,0.163956574457953,0.0,0,99.72985994651984,32,1.0,0.163956574457953,-5,0,beginner,852,0.0,0,0,0.0,0,0,0.0,-5,medium,medium,Average Learner,4
s145_t18,145,4,1714500794,dsa-q33,programming-dsa,dsa-arrays,medium,1010,medium,0.0,array-operations|indexing|searching|sorting,standard,0,0,none,0.0,practice_test,852.0,beginner,0,0,0.0,0,0,0.0,0,0,0.0,0.287097842594546,0.0,0,107.02816631524978,32,1.0,0.287097842594546,-9,0,beginner,843,0.0,0,0,0.0,0,0,0.0,-9,medium,medium,Average Learner,2
s145_t18,145,4,1714500795,ga-q29,general-aptitude,ga-logical-reasoning,easy,800,low,0.0,syllogisms|logical-deduction|critical-reasoning,standard,0,0,none,0.0,practice_test,843.0,beginner,0,0,0.0,0,0,0.0,0,0,0.0,0.5615679389736461,0.0,1,46.56297700798862,32,1.0,0.5615679389736461,14,0,beginner,857,0.0,0,0,0.0,0,0,0.0,14,easy,easy,Average Learner,2
s145_t18,145,4,1714500796,ml-q55,machine-learning,ml-evaluation,easy,1310,high,0.0,accuracy|precision|recall|f1-score|cross-validation,standard,0,0,none,0.0,practice_test,857.0,beginner,0,0,0.0,0,0,0.0,0,0,0.0,0.0686459334800555,0.0,0,96.33767961968805,32,1.0,0.0686459334800555,-2,0,beginner,855,0.0,0,0,0.0,0,0,0.0,-2,easy,easy,Average Learner,4
s145_t18,145,4,1714500797,ga-q18,general-aptitude,ga-quantitative-aptitude,medium,1190,medium,0.0,arithmetic|algebra|geometry|permutations|combinations,standard,0,0,none,0.0,practice_test,855.0,beginner,0,0,0.0,0,0,0.0,0,0,0.0,0.1269261177497304,0.0,0,78.69641886453769,32,1.0,0.1269261177497304,-4,0,beginner,851,0.0,0,0,0.0,0,0,0.0,-4,medium,medium,Average Learner,4
s145_t18,145,4,1714500798,ds-q37,artificial-intelligence,normalization,medium,1010,medium,0.0,1nf|2nf|3nf|bcnf,standard,0,0,none,0.0,practice_test,851.0,beginner,0,0,0.0,0,0,0.0,0,0,0.0,0.2859210974146497,0.0,0,63.25453709658797,32,1.0,0.2859210974146497,-9,0,beginner,842,0.0,0,0,0.0,0,0,0.0,-9,medium,medium,Average Learner,2
s145_t18,145,4,1714500799,dsa-q57,programming-dsa,dsa-trees,hard,2480,high,0.0,binary-trees|bst|tree-traversal|balanced-trees,standard,0,0,none,0.0,practice_test,842.0,beginner,0,0,0.0,0,0,0.0,0,0,0.0,8.034615619502978e-05,0.0,0,46.466607518928704,32,1.0,8.034615619502978e-05,0,0,beginner,842,0.0,0,0,0.0,0,0,0.0,0,hard,hard,Average Learner,10
s145_t18,145,4,1714500800,la-q12,linear-algebra,la-eigenvalues,easy,1200,medium,0.0,eigenvalues|eigenvectors|diagonalization|spectral-theorem,standard,0,0,none,0.0,practice_test,842.0,beginner,0,0,0.0,0,0,0.0,0,0,0.0,0.1129642731158783,0.0,0,26.861362042652875,32,1.0,0.1129642731158783,-4,0,beginner,838,0.0,0,0,0.0,0,0,0.0,-4,easy,easy,Average Learner,4
s145_t18,145,4,1714500801,ml-q56,machine-learning,ml-supervised,easy,1430,high,0.0,linear-regression|logistic-regression|decision-trees|svm,standard,0,0,none,0.0,practice_test,838.0,beginner,0,0,0.0,0,0,0.0,0,0,0.0,0.0320517780278711,0.0,0,75.86648099661792,32,1.0,0.0320517780278711,-1,0,beginner,837,0.0,0,0,0.0,0,0,0.0,-1,easy,easy,Average Learner,6
s145_t18,145,4,1714500802,ga-q19,general-aptitude,ga-quantitative-aptitude,medium,1120,medium,0.0,arithmetic|algebra|geometry|permutations|combinations,standard,0,0,none,0.0,practice_test,837.0,beginner,0,0,0.0,0,0,0.0,0,0,0.0,0.163956574457953,0.0,0,61.26500318776471,32,1.0,0.163956574457953,-5,0,beginner,832,0.0,0,0,0.0,0,0,0.0,-5,medium,medium,Average Learner,4
s145_t18,145,4,1714500803,ga-q2,general-aptitude,ga-quantitative-aptitude,easy,860,low,0.0,arithmetic|algebra|geometry|permutations|combinations,standard,0,0,none,0.0,practice_test,832.0,beginner,0,0,0.0,0,0,0.0,0,0,0.0,0.4597917716762543,0.0,0,87.95291164847262,32,1.0,0.4597917716762543,-15,0,beginner,817,0.0,0,0,0.0,0,0,0.0,-15,easy,easy,Average Learner,2
s145_t18,145,4,1714500804,ds-q312,probability-statistics,probability,easy,890,low,0.0,sample-spaces|events|conditional-probability|independence,standard,0,0,none,0.0,practice_test,817.0,beginner,0,0,0.0,0,0,0.0,0,0,0.0,0.3964636814738219,0.0,0,5.0,32,1.0,0.3964636814738219,-13,0,beginner,804,0.0,0,0,0.0,0,0,0.0,-13,easy,easy,Average Learner,2
s145_t18,145,4,1714500805,la-19,linear-algebra,la-matrices,medium,1210,medium,0.0,,standard,0,0,none,0.0,practice_test,804.0,beginner,0,0,0.0,0,0,0.0,0,0,0.0,0.0880946923965763,0.0,0,64.1029094387324,32,1.0,0.0880946923965763,-3,0,beginner,801,0.0,0,0,0.0,0,0,0.0,-3,medium,medium,Average Learner,4
s145_t18,145,4,1714500806,dsa-q54,programming-dsa,dsa-trees,easy,920,medium,0.0,binary-trees|bst|tree-traversal|balanced-trees,standard,0,0,none,0.0,practice_test,801.0,beginner,0,0,0.0,0,0,0.0,0,0,0.0,0.3351420214452352,0.0,0,47.5669102658961,32,1.0,0.3351420214452352,-11,0,beginner,790,0.0,0,0,0.0,0,0,0.0,-11,easy,easy,Average Learner,2
s145_t18,145,4,1714500807,dsa-q61,programming-dsa,dsa-trees,medium,1190,medium,0.0,binary-trees|bst|tree-traversal|balanced-trees,standard,0,0,none,0.0,practice_test,790.0,beginner,0,0,0.0,0,0,0.0,0,0,0.0,0.0909090909090909,0.0,0,65.43125551027391,32,1.0,0.0909090909090909,-3,0,beginner,787,0.0,0,0,0.0,0,0,0.0,-3,medium,medium,Average Learner,4
s145_t18,145,4,1714500808,ml-q132,machine-learning,ml-evaluation,medium,1320,high,0.0,accuracy|precision|recall|f1-score|cross-validation,standard,0,0,none,0.0,practice_test,787.0,beginner,0,0,0.0,0,0,0.0,0,0,0.0,0.0444384269019597,0.0,0,84.18888520408308,32,1.0,0.0444384269019597,-1,0,beginner,786,0.0,0,0,0.0,0,0,0.0,-1,medium,medium,Average Learner,4
s145_t18,145,4,1714500809,ml-q22,general-aptitude,unknown,easy,1340,high,0.0,,standard,0,0,none,0.0,practice_test,786.0,beginner,0,0,0.0,0,0,0.0,0,0,0.0,0.0395787225716511,0.0,0,48.902648661939054,32,1.0,0.0395787225716511,-1,0,beginner,785,0.0,0,0,0.0,0,0,0.0,-1,easy,easy,Average Learner,4
s155_t1,155,0,1715500000,dsa-q70,programming-dsa,dsa-complexity,hard,2010,high,0.0,time-complexity|space-complexity|big-o-notation,standard,0,0,none,0.0,practice_test,1324.312620852109,intermediate,0,0,0.0,0,0,0.0,0,0,0.0,0.0189441568524338,0.0,0,80.56852111359163,32,1.0,0.0189441568524338,-1,0,intermediate,1323,0.0,0,0,0.0,0,0,0.0,-1,hard,hard,Average Learner,8
s155_t1,155,0,1715500001,co-q40,calculus-optimization,co-integration,easy,730,low,0.0,definite-integrals|indefinite-integrals|integration-by-parts|u-substitution|fundamental-theorem,standard,0,0,none,0.0,practice_test,1323.0,intermediate,0,0,0.0,0,0,0.0,0,0,0.0,0.9681263328550136,0.0,1,106.22172084071204,32,1.0,0.9681263328550136,1,0,intermediate,1324,0.0,0,0,0.0,0,0,0.0,1,easy,easy,Average Learner,2
s155_t1,155,0,1715500002,ps-q15,probability-statistics,ps-hypothesis,medium,1450,high,0.0,hypothesis-testing|p-value|type-I-error|type-II-error,standard,0,0,none,0.0,practice_test,1324.0,intermediate,0,0,0.0,0,0,0.0,0,0,0.0,0.3262238121116778,0.0,0,82.40841115354662,32,1.0,0.3262238121116778,-10,0,intermediate,1314,0.0,0,0,0.0,0,0,0.0,-10,medium,medium,Average Learner,6
s155_t1,155,0,1715500003,dsa-q16,programming-dsa,dsa-trees,hard,1450,high,0.0,binary-trees|bst|tree-traversal|balanced-trees,standard,0,0,none,0.0,practice_test,1314.0,intermediate,0,0,0.0,0,0,0.0,0,0,0.0,0.3136997423166875,0.0,0,122.23687798296883,32,1.0,0.3136997423166875,-10,0,intermediate,1304,0.0,0,0,0.0,0,0,0.0,-10,hard,hard,Average Learner,6
s155_t1,155,0,1715500004,ml-q89,machine-learning,ml-supervised,medium,1370,high,0.0,linear-regression|logistic-regression|decision-trees|svm|naive-bayes|ensemble-methods,standard,0,0,none,0.0,practice_test,1304.0,intermediate,0,0,0.0,0,0,0.0,0,0,0.0,0.4061446147638222,0.0,1,144.1763998080207,32,1.0,0.4061446147638222,19,0,intermediate,1323,0.0,0,0,0.0,0,0,0.0,19,medium,medium,Average Learner,4
s155_t1,155,0,1715500005,ps-q53,probability-statistics,ps-probability,medium,1340,high,0.0,basic-probability|bayes-theorem|conditional-probability|independence|random-variables,standard,0,0,none,0.0,practice_test,1323.0,intermediate,0,0,0.0,0,0,0.0,0,0,0.0,0.4755545388793386,0.0,1,110.79662152024268,32,1.0,0.4755545388793386,17,0,intermediate,1340,0.0,0,0,0.0,0,0,0.0,17,medium,medium,Average Learner,4
s155_t1,155,0,1715500006,ds-q219,artificial-intelligence,programming,medium,1130,medium,0.0,c-programming|functions|pointers|memory,standard,0,0,none,0.0,practice_test,1340.0,intermediate,0,0,0.0,0,0,0.0,0,0,0.0,0.770096676660982,0.0,1,64.92798888021767,32,1.0,0.770096676660982,7,0,intermediate,1347,0.0,0,0,0.0,0,0,0.0,7,medium,medium,Average Learner,4
s155_t1,155,0,1715500007,ai-q9,machine-learning,ml-logic,medium,1420,high,0.0,probabilistic-reasoning,standard,0,0,none,0.0,practice_test,1347.0,intermediate,0,0,0.0,0,0,0.0,0,0,0.0,0.3964636814738219,0.0,1,27.62720256982068,32,1.0,0.3964636814738219,19,0,intermediate,1366,0.0,0,0,0.0,0,0,0.0,19,medium,medium,Average Learner,6
s155_t1,155,0,1715500008,ga-q24,general-aptitude,ga-quantitative-aptitude,easy,800,low,0.0,arithmetic|algebra|geometry|permutations|combinations,standard,0,0,none,0.0,practice_test,1366.0,intermediate,0,0,0.0,0,0,0.0,0,0,0.0,0.9629651516287524,0.0,1,66.95194717680691,32,1.0,0.9629651516287524,1,0,intermediate,1367,0.0,0,0,0.0,0,0,0.0,1,easy,easy,Average Learner,2
s155_t1,155,0,1715500009,ds-q41,dbms,dbms,medium,1150,medium,0.0,database-fundamentals|acid-properties|transactions,standard,0,0,none,0.0,practice_test,1367.0,intermediate,0,0,0.0,0,0,0.0,0,0,0.0,0.777153105314726,0.0,1,114.30269482647356,32,1.0,0.777153105314726,7,0,intermediate,1374,0.0,0,0,0.0,0,0,0.0,7,medium,medium,Average Learner,4
s155_t1,155,0,1715500010,la-q3,linear-algebra,la-matrix,easy,930,medium,0.0,addition|scalar-multiplication|matrix-multiplication|determinants|minors|cofactors|gauss-jordan-elimination|symmetric|orthogonal|hermintian|unitary|identity-metrices,standard,0,0,none,0.0,practice_test,1374.0,intermediate,0,0,0.0,0,0,0.0,0,0,0.0,0.9279668414961574,0.0,0,65.45661017945972,32,1.0,0.9279668414961574,-30,0,intermediate,1344,0.0,0,0,0.0,0,0,0.0,-30,easy,easy,Average Learner,2
s155_t1,155,0,1715500011,ga-q16,general-aptitude,ga-verbal-reasoning,medium,1010,medium,0.0,reading-comprehension|vocabulary|sentence-correction|para-jumbles,standard,0,0,none,0.0,practice_test,1344.0,intermediate,0,0,0.0,0,0,0.0,0,0,0.0,0.8724346036357598,0.0,1,96.464553725266,32,1.0,0.8724346036357598,4,0,intermediate,1348,0.0,0,0,0.0,0,0,0.0,4,medium,medium,Average Learner,2
s155_t1,155,0,1715500012,ds-q282,artificial-intelligence,linear-algebra,easy,780,low,0.0,matrices|vectors|eigenvalues|linear-systems|transformations,standard,0,0,none,0.0,practice_test,1348.0,intermediate,0,0,0.0,0,0,0.0,0,0,0.0,0.9633735588239531,0.0,1,69.83531540104502,32,1.0,0.9633735588239531,1,0,intermediate,1349,0.0,0,0,0.0,0,0,0.0,1,easy,easy,Average Learner,2
s155_t1,155,0,1715500013,ga-q15,general-aptitude,ga-quantitative-aptitude,easy,800,low,0.0,arithmetic|algebra|geometry|permutations|combinations,standard,0,0,none,0.0,practice_test,1349.0,intermediate,0,0,0.0,0,0,0.0,0,0,0.0,0.9593125811096264,0.0,1,44.886313374731294,32,1.0,0.9593125811096264,1,0,intermediate,1350,0.0,0,0,0.0,0,0,0.0,1,easy,easy,Average Learner,2
s155_t1,155,0,1715500014,dsa-q27,programming-dsa,dsa-arrays,easy,990,medium,0.0,array-operations|indexing|searching|sorting,standard,0,0,none,0.0,practice_test,1350.0,intermediate,0,0,0.0,0,0,0.0,0,0,0.0,0.8881842302218831,0.0,1,30.60716806124299,32,1.0,0.8881842302218831,4,0,intermediate,1354,0.0,0,0,0.0,0,0,0.0,4,easy,easy,Average Learner,2
s155_t1,155,0,1715500015,ds-q233,machine-learning,machine-learning,medium,1210,medium,0.0,supervised|unsupervised|reinforcement|evaluation,standard,0,0,none,0.0,practice_test,1354.0,intermediate,0,0,0.0,0,0,0.0,0,0,0.0,0.6961287704295998,0.0,1,69.50007939756988,32,1.0,0.6961287704295998,10,0,intermediate,1364,0.0,0,0,0.0,0,0,0.0,10,medium,medium,Average Learner,4
s155_t1,155,0,1715500016,dsa-q65,programming-dsa,dsa-complexity,medium,1020,medium,0.0,time-complexity|space-complexity|big-o-notation,standard,0,0,none,0.0,practice_test,1364.0,intermediate,0,0,0.0,0,0,0.0,0,0,0.0,0.8787049512118514,0.0,1,67.51666539311975,32,1.0,0.8787049512118514,4,0,intermediate,1368,0.0,0,0,0.0,0,0,0.0,4,medium,medium,Average Learner,2
s155_t1,155,0,1715500017,dbms-q3,dbms,dbms-sql,easy,740,low,0.0,select|joins|group-by|aggregation,standard,0,0,none,0.0,practice_test,1368.0,intermediate,0,0,0.0,0,0,0.0,0,0,0.0,0.9737901005271176,0.0,1,35.12247112595824,32,1.0,0.9737901005271176,1,0,intermediate,1369,0.0,0,0,0.0,0,0,0.0,1,easy,easy,Average Learner,2
s155_t1,155,0,1715500018,ds-q12,artificial-intelligence,linear-algebra,easy,850,low,0.0,matrices|vectors|eigenvalues|linear-systems|transformations,standard,0,0,none,0.0,practice_test,1369.0,intermediate,0,0,0.0,0,0,0.0,0,0,0.0,0.9520109719849302,0.0,1,53.56951839738278,32,1.0,0.9520109719849302,2,0,intermediate,1371,0.0,0,0,0.0,0,0,0.0,2,easy,easy,Average Learner,2
s155_t1,155,0,1715500019,ds-q345,machine-learning,machine-learning,easy,980,medium,0.0,supervised|unsupervised|reinforcement|evaluation,standard,0,0,none,0.0,practice_test,1371.0,intermediate,0,0,0.0,0,0,0.0,0,0,0.0,0.9047175302821824,0.0,0,136.0931427935341,32,1.0,0.9047175302821824,-29,0,intermediate,1342,0.0,0,0,0.0,0,0,0.0,-29,easy,easy,Average Learner,2
s155_t1,155,0,1715500020,ds-q215,probability-statistics,probability,easy,870,low,0.0,sample-spaces|events|conditional-probability|independence,standard,0,0,none,0.0,practice_test,1342.0,intermediate,0,0,0.0,0,0,0.0,0,0,0.0,0.938025284074642,0.0,1,43.85679777145357,32,1.0,0.938025284074642,2,0,intermediate,1344,0.0,0,0,0.0,0,0,0.0,2,easy,easy,Average Learner,2
s155_t1,155,0,1715500021,la-q18,linear-algebra,la-matrices,easy,820,low,0.0,addition|scalar-multiplication|matrix-multiplication|determinants|minors|cofactors|symmetric|orthogonal,standard,0,0,none,0.0,practice_test,1344.0,intermediate,0,0,0.0,0,0,0.0,0,0,0.0,0.9533089469470878,0.0,1,75.53256288284153,32,1.0,0.9533089469470878,1,0,intermediate,1345,0.0,0,0,0.0,0,0,0.0,1,easy,easy,Average Learner,2
s155_t1,155,0,1715500022,dbms-q36,dbms,dbms-sql,easy,750,low,0.0,select|joins|group-by|aggregation,standard,0,0,none,0.0,practice_test,1345.0,intermediate,0,0,0.0,0,0,0.0,0,0,0.0,0.9684796873667972,0.0,1,53.52769332628706,32,1.0,0.9684796873667972,1,0,intermediate,1346,0.0,0,0,0.0,0,0,0.0,1,easy,easy,Average Learner,2
s155_t1,155,0,1715500023,co-q4,calculus-optimization,co-differentiation,easy,1050,medium,0.0,derivatives|chain-rule|product-rule|critical-points,standard,0,0,none,0.0,practice_test,1346.0,intermediate,0,0,0.0,0,0,0.0,0,0,0.0,0.8460451004320948,0.0,1,111.03805460877712,32,1.0,0.8460451004320948,5,0,intermediate,1351,0.0,0,0,0.0,0,0,0.0,5,easy,easy,Average Learner,2
s155_t1,155,0,1715500024,dsa-q50,programming-dsa,dsa-trees,medium,1180,medium,0.0,binary-trees|bst|tree-traversal|balanced-trees,standard,0,0,none,0.0,practice_test,1351.0,intermediate,0,0,0.0,0,0,0.0,0,0,0.0,0.7279715135441962,0.0,1,74.22841506209585,32,1.0,0.7279715135441962,9,0,intermediate,1360,0.0,0,0,0.0,0,0,0.0,9,medium,medium,Average Learner,4
s155_t1,155,0,1715500025,dsa-q14,programming-dsa,dsa-trees,medium,1240,medium,0.0,binary-trees|bst|tree-traversal|balanced-trees,standard,0,0,none,0.0,practice_test,1360.0,intermediate,0,0,0.0,0,0,0.0,0,0,0.0,0.6661394245831221,0.0,1,53.71438628262573,32,1.0,0.6661394245831221,11,0,intermediate,1371,0.0,0,0,0.0,0,0,0.0,11,medium,medium,Average Learner,4
s155_t1,155,0,1715500026,la-25,linear-algebra,la-matrices,medium,1210,medium,0.0,,standard,0,0,none,0.0,practice_test,1371.0,intermediate,0,0,0.0,0,0,0.0,0,0,0.0,0.7164236941029388,0.0,1,56.79821121644007,32,1.0,0.7164236941029388,9,0,intermediate,1380,0.0,0,0,0.0,0,0,0.0,9,medium,medium,Average Learner,4
s155_t1,155,0,1715500027,ps-q42,probability-statistics,ps-probability,easy,800,low,0.0,basic-probability|bayes-theorem|conditional-probability|independence|random-variables,standard,0,0,none,0.0,practice_test,1380.0,intermediate,0,0,0.0,0,0,0.0,0,0,0.0,0.9657344487151752,0.0,1,70.82817533030092,32,1.0,0.9657344487151752,1,0,intermediate,1381,0.0,0,0,0.0,0,0,0.0,1,easy,easy,Average Learner,2
s155_t1,155,0,1715500028,co-q33,calculus-optimization,co-differentiation,easy,770,low,0.0,partial-derivatives|chain-rule|product-rule|critical-points|gradients|implicit-differentiation,standard,0,0,none,0.0,practice_test,1381.0,intermediate,0,0,0.0,0,0,0.0,0,0,0.0,0.9711731836042778,0.0,1,57.70943626292751,32,1.0,0.9711731836042778,1,0,intermediate,1382,0.0,0,0,0.0,0,0,0.0,1,easy,easy,Average Learner,2
s155_t1,155,0,1715500029,ds-q3,probability-statistics,probability,easy,920,medium,0.0,sample-spaces|events|conditional-probability|independence,standard,0,0,none,0.0,practice_test,1382.0,intermediate,0,0,0.0,0,0,0.0,0,0,0.0,0.934593240137214,0.0,1,73.85669574900218,32,1.0,0.934593240137214,2,0,intermediate,1384,0.0,0,0,0.0,0,0,0.0,2,easy,easy,Average Learner,2
s161_t9,161,2,1716100370,ga-q1,general-aptitude,ga-verbal-reasoning,easy,800,low,0.0,reading-comprehension|vocabulary|sentence-correction|para-jumbles,standard,0,0,none,0.0,practice_test,1004.0,beginner,0,0,0.0,0,0,0.0,0,0,0.0,0.7639246991448386,0.0,0,73.80341296598044,32,1.0,0.7639246991448386,-24,0,beginner,980,0.0,0,0,0.0,0,0,0.0,-24,easy,easy,Average Learner,2
s161_t9,161,2,1716100371,dbms-q52,dbms,dbms-normalization,medium,1350,high,0.0,functional-dependencies|closure-of-attributes|canonical-cover|lossless-join-decomposition|dependency-preservation|first-normal-form|second-normal-form|third-normal-form|boyce-codd-normal-form,standard,0,0,none,0.0,practice_test,980.0,beginner,0,0,0.0,0,0,0.0,0,0,0.0,0.1062253198218535,0.0,0,87.21818853811125,32,1.0,0.1062253198218535,-3,0,beginner,977,0.0,0,0,0.0,0,0,0.0,-3,medium,medium,Average Learner,4
s161_t9,161,2,1716100372,ga-q7,general-aptitude,ga-quantitative-aptitude,easy,820,low,0.0,arithmetic|algebra|geometry|permutations|combinations,standard,0,0,none,0.0,practice_test,977.0,beginner,0,0,0.0,0,0,0.0,0,0,0.0,0.7117225243427553,0.0,1,102.33463428981848,32,1.0,0.7117225243427553,9,0,beginner,986,0.0,0,0,0.0,0,0,0.0,9,easy,easy,Average Learner,2
s161_t9,161,2,1716100373,co-q20,calculus-optimization,co-differentiation,easy,1200,medium,0.0,partial-derivatives|chain-rule|product-rule|critical-points|gradients|implicit-differentiation,standard,0,0,none,0.0,practice_test,986.0,beginner,0,0,0.0,0,0,0.0,0,0,0.0,0.2258520222981693,0.0,1,13.92124130662601,32,1.0,0.2258520222981693,25,0,beginner,1011,0.0,0,0,0.0,0,0,0.0,25,easy,easy,Average Learner,4
s161_t9,161,2,1716100374,ps-q67,probability-statistics,ps-distributions,medium,1100,medium,0.0,normal-distribution|binomial-distribution|poisson-distribution|cumulative-distribution|expected-value|variance,standard,0,0,none,0.0,practice_test,1011.0,beginner,0,0,0.0,0,0,0.0,0,0,0.0,0.3746486066924632,0.0,0,85.45792856920525,32,1.0,0.3746486066924632,-12,0,beginner,999,0.0,0,0,0.0,0,0,0.0,-12,medium,medium,Average Learner,4
s161_t9,161,2,1716100375,ds-q76,probability-statistics,conditional-probability,medium,1480,high,0.0,bayes-rule|conditional-independence,standard,0,0,none,0.0,practice_test,999.0,beginner,0,0,0.0,0,0,0.0,0,0,0.0,0.059030382960529,0.0,0,56.87148689111193,32,1.0,0.059030382960529,-2,0,beginner,997,0.0,0,0,0.0,0,0,0.0,-2,medium,medium,Average Learner,6
s161_t9,161,2,1716100376,dbms-q51,dbms,dbms-normalization,medium,1350,high,0.0,functional-dependencies|closure-of-attributes|canonical-cover|lossless-join-decomposition|dependency-preservation|first-normal-form|second-normal-form|third-normal-form|boyce-codd-normal-form,standard,0,0,none,0.0,practice_test,997.0,beginner,0,0,0.0,0,0,0.0,0,0,0.0,0.1158806436615864,0.0,0,111.27943012440971,32,1.0,0.1158806436615864,-4,0,beginner,993,0.0,0,0,0.0,0,0,0.0,-4,medium,medium,Average Learner,4
s161_t9,161,2,1716100377,la-17,linear-algebra,la-matrices,medium,1210,medium,0.0,,standard,0,0,none,0.0,practice_test,993.0,beginner,0,0,0.0,0,0,0.0,0,0,0.0,0.222846894685274,0.0,0,49.67085975136824,32,1.0,0.222846894685274,-7,0,beginner,986,0.0,0,0,0.0,0,0,0.0,-7,medium,medium,Average Learner,4
s161_t9,161,2,1716100378,ds-q413,dbms,dbms,medium,1220,medium,0.0,database-fundamentals|acid-properties|transactions,standard,0,0,none,0.0,practice_test,986.0,beginner,0,0,0.0,0,0,0.0,0,0,0.0,0.2063592568118311,0.0,1,51.57682408448851,32,1.0,0.2063592568118311,25,0,beginner,1011,0.0,0,0,0.0,0,0,0.0,25,medium,medium,Average Learner,4
s161_t9,161,2,1716100379,ds-q246,artificial-intelligence,deep-learning,medium,1100,medium,0.0,neural-networks|backpropagation|activation-functions,standard,0,0,none,0.0,practice_test,1011.0,beginner,0,0,0.0,0,0,0.0,0,0,0.0,0.3746486066924632,0.0,0,36.11860026010218,32,1.0,0.3746486066924632,-12,0,beginner,999,0.0,0,0,0.0,0,0,0.0,-12,medium,medium,Average Learner,4
s161_t9,161,2,1716100380,ps-q70,probability-statistics,ps-distributions,easy,750,low,0.0,normal-distribution|binomial-distribution|poisson-distribution|cumulative-distribution|expected-value|variance,standard,0,0,none,0.0,practice_test,999.0,beginner,0,0,0.0,0,0,0.0,0,0,0.0,0.8074241816712792,0.0,0,77.32916436108508,32,1.0,0.8074241816712792,-26,0,beginner,973,0.0,0,0,0.0,0,0,0.0,-26,easy,easy,Average Learner,2
s161_t9,161,2,1716100381,ds-q27,artificial-intelligence,probabilistic-graphical-models,medium,1060,medium,0.0,bayesian-networks|markov-models,standard,0,0,none,0.0,practice_test,973.0,beginner,0,0,0.0,0,0,0.0,0,0,0.0,0.3773498042127379,0.0,1,94.20215981010377,32,1.0,0.3773498042127379,20,0,beginner,993,0.0,0,0,0.0,0,0,0.0,20,medium,medium,Average Learner,4
s161_t9,161,2,1716100382,ds-q311,machine-learning,machine-learning,medium,1340,high,0.0,supervised|unsupervised|reinforcement|evaluation,standard,0,0,none,0.0,practice_test,993.0,beginner,0,0,0.0,0,0,0.0,0,0,0.0,0.1194664377525987,0.0,0,39.124837824272575,32,1.0,0.1194664377525987,-4,0,beginner,989,0.0,0,0,0.0,0,0,0.0,-4,medium,medium,Average Learner,4
s161_t9,161,2,1716100383,ds-q302,artificial-intelligence,deep-learning,medium,1360,high,0.0,neural-networks|backpropagation|activation-functions,standard,0,0,none,0.0,practice_test,989.0,beginner,0,0,0.0,0,0,0.0,0,0,0.0,0.1056800301488722,0.0,0,97.20532346106414,32,1.0,0.1056800301488722,-3,0,beginner,986,0.0,0,0,0.0,0,0,0.0,-3,medium,medium,Average Learner,4
s161_t9,161,2,1716100384,dsa-q8,programming-dsa,dsa-complexity,medium,1200,medium,0.0,time-complexity|space-complexity|big-o-notation,standard,0,0,none,0.0,practice_test,986.0,beginner,0,0,0.0,0,0,0.0,0,0,0.0,0.2258520222981693,0.0,0,63.34342062602207,32,1.0,0.2258520222981693,-7,0,beginner,979,0.0,0,0,0.0,0,0,0.0,-7,medium,medium,Average Learner,4
s161_t9,161,2,1716100385,dsa-q76,programming-dsa,dsa-complexity,medium,1270,medium,0.0,time-complexity|space-complexity|big-o-notation,standard,0,0,none,0.0,practice_test,979.0,beginner,0,0,0.0,0,0,0.0,0,0,0.0,0.1577413275295744,0.0,1,5.170462471701132,32,1.0,0.1577413275295744,27,0,beginner,1006,0.0,0,0,0.0,0,0,0.0,27,medium,medium,Average Learner,4
s161_t9,161,2,1716100386,ps-q78,probability-statistics,ps-hypothesis,medium,1210,medium,0.0,hypothesis-testing|p-value|type-I-error|type-II-error|t-test|significance-level,standard,0,0,none,0.0,practice_test,1006.0,beginner,0,0,0.0,0,0,0.0,0,0,0.0,0.2360753008551613,0.0,1,41.831787965546965,32,1.0,0.2360753008551613,24,0,beginner,1030,0.0,0,0,0.0,0,0,0.0,24,medium,medium,Average Learner,4
s161_t9,161,2,1716100387,dsa-q26,programming-dsa,dsa-arrays,easy,740,low,0.0,array-operations|indexing|searching|sorting,standard,0,0,none,0.0,practice_test,1030.0,beginner,0,0,0.0,0,0,0.0,0,0,0.0,0.8414923669232418,0.0,1,33.62467524253414,32,1.0,0.8414923669232418,5,0,beginner,1035,0.0,0,0,0.0,0,0,0.0,5,easy,easy,Average Learner,2
s161_t9,161,2,1716100388,ml-q96,machine-learning,ml-supervised,hard,1560,high,0.0,linear-regression|logistic-regression|decision-trees|svm|naive-bayes|ensemble-methods,standard,0,0,none,0.0,practice_test,1035.0,beginner,0,0,0.0,0,0,0.0,0,0,0.0,0.046435494722118,0.0,0,55.85209215970026,32,1.0,0.046435494722118,-1,0,beginner,1034,0.0,0,0,0.0,0,0,0.0,-1,hard,hard,Average Learner,6
s161_t9,161,2,1716100389,la-q21,linear-algebra,la-eigenvalues,hard,1530,high,0.0,eigenvalues|eigenvectors|diagonalization|spectral-theorem,standard,0,0,none,0.0,practice_test,1034.0,beginner,0,0,0.0,0,0,0.0,0,0,0.0,0.0544128604338752,0.0,0,60.94130747622764,32,1.0,0.0544128604338752,-2,0,beginner,1032,0.0,0,0,0.0,0,0,0.0,-2,hard,hard,Average Learner,6
s161_t9,161,2,1716100390,co-q33,calculus-optimization,co-differentiation,easy,770,low,0.0,partial-derivatives|chain-rule|product-rule|critical-points|gradients|implicit-differentiation,standard,0,0,none,0.0,practice_test,1032.0,beginner,0,0,0.0,0,0,0.0,0,0,0.0,0.8187932901343153,0.0,1,72.63637484590824,32,1.0,0.8187932901343153,6,0,beginner,1038,0.0,0,0,0.0,0,0,0.0,6,easy,easy,Average Learner,2
s161_t9,161,2,1716100391,dsa-q70,programming-dsa,dsa-complexity,hard,2010,high,0.0,time-complexity|space-complexity|big-o-notation,standard,0,0,none,0.0,practice_test,1038.0,beginner,0,0,0.0,0,0,0.0,0,0,0.0,0.0037015995446233,0.0,0,54.33939749986498,32,1.0,0.0037015995446233,0,0,beginner,1038,0.0,0,0,0.0,0,0,0.0,0,hard,hard,Average Learner,8
s161_t9,161,2,1716100392,dsa-q72,programming-dsa,dsa-complexity,medium,1080,medium,0.0,time-complexity|space-complexity|big-o-notation,standard,0,0,none,0.0,practice_test,1038.0,beginner,0,0,0.0,0,0,0.0,0,0,0.0,0.4398498547680971,0.0,0,107.1175797320778,32,1.0,0.4398498547680971,-14,0,beginner,1024,0.0,0,0,0.0,0,0,0.0,-14,medium,medium,Average Learner,4
s161_t9,161,2,1716100393,la-q2,linear-algebra,linear-systems,medium,1140,medium,0.0,gaussian-elimination|row-reduction|back-substitution,standard,0,0,none,0.0,practice_test,1024.0,beginner,0,0,0.0,0,0,0.0,0,0,0.0,0.3390009087536417,0.0,1,96.2587135819331,32,1.0,0.3390009087536417,21,0,beginner,1045,0.0,0,0,0.0,0,0,0.0,21,medium,medium,Average Learner,4
s161_t9,161,2,1716100394,ml-q100,machine-learning,ml-unsupervised,easy,960,medium,0.0,clustering|k-means|hierarchical-clustering|dimensionality-reduction|pca,standard,0,0,none,0.0,practice_test,1045.0,beginner,0,0,0.0,0,0,0.0,0,0,0.0,0.6199413590445233,0.0,1,100.3568697991444,32,1.0,0.6199413590445233,12,0,beginner,1057,0.0,0,0,0.0,0,0,0.0,12,easy,easy,Average Learner,2
s161_t9,161,2,1716100395,co-q63,calculus-optimization,co-optimization,medium,1380,high,0.0,critical-points|extrema|optimization|lagrange-multipliers|convexity|gradient-descent,standard,0,0,none,0.0,practice_test,1057.0,beginner,0,0,0.0,0,0,0.0,0,0,0.0,0.1347802947714417,0.0,0,18.80256833894208,32,1.0,0.1347802947714417,-4,0,beginner,1053,0.0,0,0,0.0,0,0,0.0,-4,medium,medium,Average Learner,4
s161_t9,161,2,1716100396,ga-q18,general-aptitude,ga-quantitative-aptitude,medium,1190,medium,0.0,arithmetic|algebra|geometry|permutations|combinations,standard,0,0,none,0.0,practice_test,1053.0,beginner,0,0,0.0,0,0,0.0,0,0,0.0,0.3124617517876582,0.0,0,124.8668954702444,32,1.0,0.3124617517876582,-10,0,beginner,1043,0.0,0,0,0.0,0,0,0.0,-10,medium,medium,Average Learner,4
s161_t9,161,2,1716100397,ds-q75,probability-statistics,probability-theory,easy,960,medium,0.0,bayes-theorem|permutations|combinations|probability-rules,standard,0,0,none,0.0,practice_test,1043.0,beginner,0,0,0.0,0,0,0.0,0,0,0.0,0.6172250309049463,0.0,0,98.19521641865958,32,1.0,0.6172250309049463,-20,0,beginner,1023,0.0,0,0,0.0,0,0,0.0,-20,easy,easy,Average Learner,2
s161_t9,161,2,1716100398,ml-q70,machine-learning,ml-supervised,medium,1230,medium,0.0,linear-regression|logistic-regression|decision-trees|svm,standard,0,0,none,0.0,practice_test,1023.0,beginner,0,0,0.0,0,0,0.0,0,0,0.0,0.2329750818549787,0.0,0,80.49726691512431,32,1.0,0.2329750818549787,-7,0,beginner,1016,0.0,0,0,0.0,0,0,0.0,-7,medium,medium,Average Learner,4
s161_t9,161,2,1716100399,dsa-q27,programming-dsa,dsa-arrays,easy,990,medium,0.0,array-operations|indexing|searching|sorting,standard,0,0,none,0.0,practice_test,1016.0,beginner,0,0,0.0,0,0,0.0,0,0,0.0,0.5373473171664928,0.0,0,62.28753706958275,32,1.0,0.5373473171664928,-17,0,beginner,999,0.0,0,0,0.0,0,0,0.0,-17,easy,easy,Average Learner,2
s175_t7,175,1,1717500255,ml-q67,machine-learning,ml-unsupervised,medium,1140,medium,0.0,clustering|dimensionality-reduction|pca,standard,0,0,none,0.0,practice_test,1077.0,beginner,0,0,0.0,0,0,0.0,0,0,0.0,0.4103164968600499,0.0,1,121.44818322486836,32,1.0,0.4103164968600499,19,0,beginner,1096,0.0,0,0,0.0,0,0,0.0,19,medium,medium,Average Learner,4
s175_t7,175,1,1717500256,ps-q79,probability-statistics,ps-hypothesis,medium,1020,medium,0.0,hypothesis-testing|p-value|type-I-error|type-II-error|t-test|significance-level,standard,0,0,none,0.0,practice_test,1096.0,beginner,0,0,0.0,0,0,0.0,0,0,0.0,0.6076610641268197,0.0,1,87.69501775544174,32,1.0,0.6076610641268197,13,0,beginner,1109,0.0,0,0,0.0,0,0,0.0,13,medium,medium,Average Learner,2
s175_t7,175,1,1717500257,dsa-q42,programming-dsa,dsa-arrays,medium,1370,high,0.0,array-operations|indexing|searching|sorting,standard,0,0,none,0.0,practice_test,1109.0,beginner,0,0,0.0,0,0,0.0,0,0,0.0,0.1820623689418843,0.0,1,90.87139896123068,32,1.0,0.1820623689418843,26,0,beginner,1135,0.0,0,0,0.0,0,0,0.0,26,medium,medium,Average Learner,4
s175_t7,175,1,1717500258,dsa-q1,programming-dsa,dsa-complexity,easy,710,low,0.0,time-complexity|space-complexity|big-o-notation,standard,0,0,none,0.0,practice_test,1135.0,beginner,0,0,0.0,0,0,0.0,0,0,0.0,0.9203048806723596,0.0,1,60.53463944148676,32,1.0,0.9203048806723596,3,0,beginner,1138,0.0,0,0,0.0,0,0,0.0,3,easy,easy,Average Learner,2
s175_t7,175,1,1717500259,co-q60,calculus-optimization,co-optimization,medium,1370,high,0.0,critical-points|extrema|optimization|lagrange-multipliers|convexity|gradient-descent,standard,0,0,none,0.0,practice_test,1138.0,beginner,0,0,0.0,0,0,0.0,0,0,0.0,0.2082511624918155,0.0,0,53.47554831522816,32,1.0,0.2082511624918155,-7,0,beginner,1131,0.0,0,0,0.0,0,0,0.0,-7,medium,medium,Average Learner,4
s175_t7,175,1,1717500260,dsa-q26,programming-dsa,dsa-arrays,easy,740,low,0.0,array-operations|indexing|searching|sorting,standard,0,0,none,0.0,practice_test,1131.0,beginner,0,0,0.0,0,0,0.0,0,0,0.0,0.9047175302821824,0.0,1,35.98841473445711,32,1.0,0.9047175302821824,3,0,beginner,1134,0.0,0,0,0.0,0,0,0.0,3,easy,easy,Average Learner,2
s175_t7,175,1,1717500261,dsa-q29,programming-dsa,dsa-arrays,medium,1370,high,0.0,array-operations|indexing|searching|sorting,standard,0,0,none,0.0,practice_test,1134.0,beginner,0,0,0.0,0,0,0.0,0,0,0.0,0.2044800996872579,0.0,0,136.0487348287578,32,1.0,0.2044800996872579,-7,0,beginner,1127,0.0,0,0,0.0,0,0,0.0,-7,medium,medium,Average Learner,4
s175_t7,175,1,1717500262,ga-q20,general-aptitude,ga-quantitative-aptitude,medium,1170,medium,0.0,arithmetic|algebra|geometry|permutations|combinations,standard,0,0,none,0.0,practice_test,1127.0,beginner,0,0,0.0,0,0,0.0,0,0,0.0,0.4384320610263539,0.0,0,75.05541266499958,32,1.0,0.4384320610263539,-14,0,beginner,1113,0.0,0,0,0.0,0,0,0.0,-14,medium,medium,Average Learner,4
s175_t7,175,1,1717500263,dbms-q9,dbms,dbms-sql,easy,890,low,0.0,select|joins|group-by|aggregation,standard,0,0,none,0.0,practice_test,1113.0,beginner,0,0,0.0,0,0,0.0,0,0,0.0,0.7830774434096761,0.0,1,109.55421457483754,32,1.0,0.7830774434096761,7,0,beginner,1120,0.0,0,0,0.0,0,0,0.0,7,easy,easy,Average Learner,2
s175_t7,175,1,1717500264,ds-q312,probability-statistics,probability,easy,890,low,0.0,sample-spaces|events|conditional-probability|independence,standard,0,0,none,0.0,practice_test,1120.0,beginner,0,0,0.0,0,0,0.0,0,0,0.0,0.7898441797581306,0.0,0,90.61889300483227,32,1.0,0.7898441797581306,-25,0,beginner,1095,0.0,0,0,0.0,0,0,0.0,-25,easy,easy,Average Learner,2
s175_t7,175,1,1717500265,dsa-q69,programming-dsa,dsa-complexity,medium,1170,medium,0.0,time-complexity|space-complexity|big-o-notation,standard,0,0,none,0.0,practice_test,1095.0,beginner,0,0,0.0,0,0,0.0,0,0,0.0,0.3937121762145718,0.0,1,38.66382707969757,32,1.0,0.3937121762145718,19,0,beginner,1114,0.0,0,0,0.0,0,0,0.0,19,medium,medium,Average Learner,4
s175_t7,175,1,1717500266,dsa-q53,programming-dsa,dsa-trees,easy,990,medium,0.0,binary-trees|bst|tree-traversal|balanced-trees,standard,0,0,none,0.0,practice_test,1114.0,beginner,0,0,0.0,0,0,0.0,0,0,0.0,0.6712405808158318,0.0,1,54.86742149225593,32,1.0,0.6712405808158318,11,0,beginner,1125,0.0,0,0,0.0,0,0,0.0,11,easy,easy,Average Learner,2
s175_t7,175,1,1717500267,la-q18,linear-algebra,la-matrices,easy,820,low,0.0,addition|scalar-multiplication|matrix-multiplication|determinants|minors|cofactors|symmetric|orthogonal,standard,0,0,none,0.0,practice_test,1125.0,beginner,0,0,0.0,0,0,0.0,0,0,0.0,0.8526729520561114,0.0,1,86.8552235820558,32,1.0,0.8526729520561114,5,0,beginner,1130,0.0,0,0,0.0,0,0,0.0,5,easy,easy,Average Learner,2
s175_t7,175,1,1717500268,ds-q300,machine-learning,machine-learning,medium,1330,high,0.0,supervised|unsupervised|reinforcement|evaluation,standard,0,0,none,0.0,practice_test,1130.0,beginner,0,0,0.0,0,0,0.0,0,0,0.0,0.2402530733520421,0.0,0,33.30227926170766,32,1.0,0.2402530733520421,-8,0,beginner,1122,0.0,0,0,0.0,0,0,0.0,-8,medium,medium,Average Learner,4
s175_t7,175,1,1717500269,co-q76,calculus-optimization,co-optimization,medium,1350,high,0.0,critical-points|extrema|optimization|lagrange-multipliers|convexity|gradient-descent,standard,0,0,none,0.0,practice_test,1122.0,beginner,0,0,0.0,0,0,0.0,0,0,0.0,0.2120732319225979,0.0,0,51.72213965978216,32,1.0,0.2120732319225979,-7,0,beginner,1115,0.0,0,0,0.0,0,0,0.0,-7,medium,medium,Average Learner,4
s175_t7,175,1,1717500270,dsa-q51,programming-dsa,dsa-trees,easy,730,low,0.0,binary-trees|bst|tree-traversal|balanced-trees,standard,0,0,none,0.0,practice_test,1115.0,beginner,0,0,0.0,0,0,0.0,0,0,0.0,0.9016982546021952,0.0,1,61.29950660458319,32,1.0,0.9016982546021952,3,0,beginner,1118,0.0,0,0,0.0,0,0,0.0,3,easy,easy,Average Learner,2
s175_t7,175,1,1717500271,ds-q119,dbms,dbms,medium,1260,medium,0.0,database-fundamentals|acid-properties|transactions,standard,0,0,none,0.0,practice_test,1118.0,beginner,0,0,0.0,0,0,0.0,0,0,0.0,0.3063120835780346,0.0,0,86.1917234185658,32,1.0,0.3063120835780346,-10,0,beginner,1108,0.0,0,0,0.0,0,0,0.0,-10,medium,medium,Average Learner,4
s175_t7,175,1,1717500272,la-35,linear-algebra,la-eigenvalues,medium,1210,medium,0.0,,standard,0,0,none,0.0,practice_test,1108.0,beginner,0,0,0.0,0,0,0.0,0,0,0.0,0.3572869311673796,0.0,0,15.698340887467705,32,1.0,0.3572869311673796,-11,0,beginner,1097,0.0,0,0,0.0,0,0,0.0,-11,medium,medium,Average Learner,4
s175_t7,175,1,1717500273,ga-q11,general-aptitude,ga-verbal-reasoning,easy,830,low,0.0,reading-comprehension|vocabulary|sentence-correction|para-jumbles,standard,0,0,none,0.0,practice_test,1097.0,beginner,0,0,0.0,0,0,0.0,0,0,0.0,0.8230246289217321,0.0,1,112.43120196747032,32,1.0,0.8230246289217321,6,0,beginner,1103,0.0,0,0,0.0,0,0,0.0,6,easy,easy,Average Learner,2
s175_t7,175,1,1717500274,ds-q135,artificial-intelligence,logical-reasoning,easy,920,medium,0.0,logical-deduction|critical-reasoning,standard,0,0,none,0.0,practice_test,1103.0,beginner,0,0,0.0,0,0,0.0,0,0,0.0,0.7414335229692995,0.0,0,109.27242664152648,32,1.0,0.7414335229692995,-24,0,beginner,1079,0.0,0,0,0.0,0,0,0.0,-24,easy,easy,Average Learner,2
s175_t7,175,1,1717500275,ga-q18,general-aptitude,ga-quantitative-aptitude,medium,1190,medium,0.0,arithmetic|algebra|geometry|permutations|combinations,standard,0,0,none,0.0,practice_test,1079.0,beginner,0,0,0.0,0,0,0.0,0,0,0.0,0.345480005617534,0.0,0,68.08999881007927,32,1.0,0.345480005617534,-11,0,beginner,1068,0.0,0,0,0.0,0,0,0.0,-11,medium,medium,Average Learner,4
s175_t7,175,1,1717500276,dsa-q2,programming-dsa,dsa-arrays,easy,990,medium,0.0,array-operations|indexing|searching|sorting,standard,0,0,none,0.0,practice_test,1068.0,beginner,0,0,0.0,0,0,0.0,0,0,0.0,0.6104024220946891,0.0,0,39.52188017304685,32,1.0,0.6104024220946891,-20,0,beginner,1048,0.0,0,0,0.0,0,0,0.0,-20,easy,easy,Average Learner,2
s175_t7,175,1,1717500277,dsa-q60,programming-dsa,dsa-trees,medium,1050,medium,0.0,binary-trees|bst|tree-traversal|balanced-trees,standard,0,0,none,0.0,practice_test,1048.0,beginner,0,0,0.0,0,0,0.0,0,0,0.0,0.4971218004251891,0.0,1,26.922257433923967,32,1.0,0.4971218004251891,16,0,beginner,1064,0.0,0,0,0.0,0,0,0.0,16,medium,medium,Average Learner,2
s175_t7,175,1,1717500278,dbms-q49,dbms,dbms-normalization,easy,1250,medium,0.0,functional-dependencies|closure-of-attributes|canonical-cover|lossless-join-decomposition|dependency-preservation|first-normal-form|second-normal-form|third-normal-form|boyce-codd-normal-form,standard,0,0,none,0.0,practice_test,1064.0,beginner,0,0,0.0,0,0,0.0,0,0,0.0,0.2552695931349653,0.0,0,74.06692901307096,32,1.0,0.2552695931349653,-8,0,beginner,1056,0.0,0,0,0.0,0,0,0.0,-8,easy,easy,Average Learner,4
s175_t7,175,1,1717500279,ml-q22,general-aptitude,unknown,easy,1340,high,0.0,,standard,0,0,none,0.0,practice_test,1056.0,beginner,0,0,0.0,0,0,0.0,0,0,0.0,0.1631690339971052,0.0,0,26.17797022953029,32,1.0,0.1631690339971052,-5,0,beginner,1051,0.0,0,0,0.0,0,0,0.0,-5,easy,easy,Average Learner,4
s175_t7,175,1,1717500280,co-q64,calculus-optimization,co-optimization,hard,2170,high,0.0,critical-points|extrema|optimization|lagrange-multipliers|convexity|gradient-descent,standard,0,0,none,0.0,practice_test,1051.0,beginner,0,0,0.0,0,0,0.0,0,0,0.0,0.0015915059519798,0.0,0,33.88569619337417,32,1.0,0.0015915059519798,0,0,beginner,1051,0.0,0,0,0.0,0,0,0.0,0,hard,hard,Average Learner,10
s175_t7,175,1,1717500281,ps-q4,probability-statistics,prob-estimation,medium,1350,high,0.0,point-estimation|maximum-likelihood,standard,0,0,none,0.0,practice_test,1051.0,beginner,0,0,0.0,0,0,0.0,0,0,0.0,0.1517189312872882,0.0,0,86.51778778164812,32,1.0,0.1517189312872882,-5,0,beginner,1046,0.0,0,0,0.0,0,0,0.0,-5,medium,medium,Average Learner,4
s175_t7,175,1,1717500282,ga-q13,general-aptitude,ga-quantitative-aptitude,easy,880,low,0.0,arithmetic|algebra|geometry|permutations|combinations,standard,0,0,none,0.0,practice_test,1046.0,beginner,0,0,0.0,0,0,0.0,0,0,0.0,0.7222345336491706,0.0,1,85.54669767092442,32,1.0,0.7222345336491706,9,0,beginner,1055,0.0,0,0,0.0,0,0,0.0,9,easy,easy,Average Learner,2
s175_t7,175,1,1717500283,la-31,linear-algebra,la-eigenvalues,hard,1360,high,0.0,,standard,0,0,none,0.0,practice_test,1055.0,beginner,0,0,0.0,0,0,0.0,0,0,0.0,0.1473270479438885,0.0,0,77.04575786827223,32,1.0,0.1473270479438885,-5,0,beginner,1050,0.0,0,0,0.0,0,0,0.0,-5,hard,hard,Average Learner,4
s175_t7,175,1,1717500284,ga-q10,general-aptitude,ga-logical-reasoning,easy,760,low,0.0,syllogisms|logical-deduction|critical-reasoning,standard,0,0,none,0.0,practice_test,1050.0,beginner,0,0,0.0,0,0,0.0,0,0,0.0,0.8414923669232418,0.0,1,90.08112626652088,32,1.0,0.8414923669232418,5,0,beginner,1055,0.0,0,0,0.0,0,0,0.0,5,easy,easy,Average Learner,2
s175_t7,175,1,1717500285,ps-q41,probability-statistics,ps-probability,easy,1200,medium,0.0,basic-probability|bayes-theorem|conditional-probability|independence|random-variables,standard,0,0,none,0.0,practice_test,1055.0,beginner,0,0,0.0,0,0,0.0,0,0,0.0,0.3026549214101467,0.0,1,64.17512324436609,32,1.0,0.3026549214101467,22,0,beginner,1077,0.0,0,0,0.0,0,0,0.0,22,easy,easy,Average Learner,4
s175_t7,175,1,1717500286,ga-q7,general-aptitude,ga-quantitative-aptitude,easy,820,low,0.0,arithmetic|algebra|geometry|permutations|combinations,standard,0,0,none,0.0,practice_test,1077.0,beginner,0,0,0.0,0,0,0.0,0,0,0.0,0.8144835875047122,0.0,1,97.83233552750532,32,1.0,0.8144835875047122,6,0,beginner,1083,0.0,0,0,0.0,0,0,0.0,6,easy,easy,Average Learner,2
s175_t7,175,1,1717500287,ps-q60,probability-statistics,ps-distributions,medium,1070,medium,0.0,normal-distribution|binomial-distribution|poisson-distribution|cumulative-distribution|expected-value|variance,standard,0,0,none,0.0,practice_test,1083.0,beginner,0,0,0.0,0,0,0.0,0,0,0.0,0.5186997779295586,0.0,0,123.15053116915736,32,1.0,0.5186997779295586,-17,0,beginner,1066,0.0,0,0,0.0,0,0,0.0,-17,medium,medium,Average Learner,4
s175_t7,175,1,1717500288,ga-q4,general-aptitude,ga-quantitative-aptitude,easy,870,low,0.0,arithmetic|algebra|geometry|permutations|combinations,standard,0,0,none,0.0,practice_test,1066.0,beginner,0,0,0.0,0,0,0.0,0,0,0.0,0.7555188820711969,0.0,1,32.501257864334264,32,1.0,0.7555188820711969,8,0,beginner,1074,0.0,0,0,0.0,0,0,0.0,8,easy,easy,Average Learner,2
s175_t7,175,1,1717500289,ds-q408,artificial-intelligence,linear-algebra,easy,880,low,0.0,matrices|vectors|eigenvalues|linear-systems|transformations,standard,0,0,none,0.0,practice_test,1074.0,beginner,0,0,0.0,0,0,0.0,0,0,0.0,0.7533860777856145,0.0,1,81.17482735154671,32,1.0,0.7533860777856145,8,0,beginner,1082,0.0,0,0,0.0,0,0,0.0,8,easy,easy,Average Learner,2
s175_t7,175,1,1717500290,ds-q327,artificial-intelligence,verbal-reasoning,easy,890,low,0.0,comprehension|sentence-correction|para-jumbles,standard,0,0,none,0.0,practice_test,1082.0,beginner,0,0,0.0,0,0,0.0,0,0,0.0,0.7512407935337106,0.0,1,121.3829635777111,32,1.0,0.7512407935337106,8,0,beginner,1090,0.0,0,0,0.0,0,0,0.0,8,easy,easy,Average Learner,2
s175_t7,175,1,1717500291,ps-q95,probability-statistics,ps-hypothesis,hard,1980,high,0.0,hypothesis-testing|p-value|type-I-error|type-II-error|t-test|significance-level,standard,0,0,none,0.0,practice_test,1090.0,beginner,0,0,0.0,0,0,0.0,0,0,0.0,0.0059213501937998,0.0,0,156.23794263554882,32,1.0,0.0059213501937998,0,0,beginner,1090,0.0,0,0,0.0,0,0,0.0,0,hard,hard,Average Learner,8
s175_t7,175,1,1717500292,ml-q102,machine-learning,ml-unsupervised,medium,1040,medium,0.0,clustering|k-means|hierarchical-clustering|dimensionality-reduction|pca,standard,0,0,none,0.0,practice_test,1090.0,beginner,0,0,0.0,0,0,0.0,0,0,0.0,0.5714631174083814,0.0,0,25.38892789713437,32,1.0,0.5714631174083814,-18,0,beginner,1072,0.0,0,0,0.0,0,0,0.0,-18,medium,medium,Average Learner,2
s175_t7,175,1,1717500293,la-41,linear-algebra,la-eigenvalues,hard,1510,high,0.0,,standard,0,0,none,0.0,practice_test,1072.0,beginner,0,0,0.0,0,0,0.0,0,0,0.0,0.0743762835483438,0.0,1,48.75030178418635,32,1.0,0.0743762835483438,30,0,beginner,1102,0.0,0,0,0.0,0,0,0.0,30,hard,hard,Average Learner,6
s175_t7,175,1,1717500294,ai-q54,artificial-intelligence,ai-logic,hard,1560,high,0.0,propositional-logic|syntax-semantics|truth-tables|validity-satisfiability|inference-rules|soundness-completeness|predicate-logic|first-order-logic|quantifiers|unification|resolution,standard,0,0,none,0.0,practice_test,1102.0,beginner,0,0,0.0,0,0,0.0,0,0,0.0,0.0668284645696687,0.0,0,100.02067865929236,32,1.0,0.0668284645696687,-2,0,beginner,1100,0.0,0,0,0.0,0,0,0.0,-2,hard,hard,Average Learner,6
s175_t7,175,1,1717500295,ml-q20,machine-learning,ml-supervised,easy,1200,medium,0.0,linear-regression|logistic-regression|decision-trees|svm,standard,0,0,none,0.0,practice_test,1100.0,beginner,0,0,0.0,0,0,0.0,0,0,0.0,0.3599350001971149,0.0,0,40.89104490612982,32,1.0,0.3599350001971149,-12,0,beginner,1088,0.0,0,0,0.0,0,0,0.0,-12,easy,easy,Average Learner,4
s175_t7,175,1,1717500296,ps-q19,probability-statistics,ps-probability,easy,990,medium,0.0,probability-theory|conditional-probability|independence,standard,0,0,none,0.0,practice_test,1088.0,beginner,0,0,0.0,0,0,0.0,0,0,0.0,0.6374083767444845,0.0,1,53.24889348905949,32,1.0,0.6374083767444845,12,0,beginner,1100,0.0,0,0,0.0,0,0,0.0,12,easy,easy,Average Learner,2
s175_t7,175,1,1717500297,ml-q121,machine-learning,ml-evaluation,medium,1490,high,0.0,accuracy|precision|recall|f1-score|cross-validation,standard,0,0,none,0.0,practice_test,1100.0,beginner,0,0,0.0,0,0,0.0,0,0,0.0,0.0957798556303859,0.0,0,93.26211996492724,32,1.0,0.0957798556303859,-3,0,beginner,1097,0.0,0,0,0.0,0,0,0.0,-3,medium,medium,Average Learner,6
s175_t7,175,1,1717500298,ml-q21,general-aptitude,unknown,medium,1310,high,0.0,,standard,0,0,none,0.0,practice_test,1097.0,beginner,0,0,0.0,0,0,0.0,0,0,0.0,0.2268600869232327,0.0,0,90.72742197868996,32,1.0,0.2268600869232327,-7,0,beginner,1090,0.0,0,0,0.0,0,0,0.0,-7,medium,medium,Average Learner,4
s175_t7,175,1,1717500299,co-q68,calculus-optimization,co-optimization,hard,2440,high,0.0,critical-points|extrema|optimization|lagrange-multipliers|convexity|gradient-descent,standard,0,0,none,0.0,practice_test,1090.0,beginner,0,0,0.0,0,0,0.0,0,0,0.0,0.0004215187504453,0.0,0,54.15762729056709,32,1.0,0.0004215187504453,0,0,beginner,1090,0.0,0,0,0.0,0,0,0.0,0,hard,hard,Average Learner,10
s175_t7,175,1,1717500300,ps-q14,probability-statistics,ps-probability,medium,1170,medium,0.0,probability-theory|conditional-probability|independence,standard,0,0,none,0.0,practice_test,1090.0,beginner,0,0,0.0,0,0,0.0,0,0,0.0,0.3868631798468569,0.0,0,108.5313485808838,32,1.0,0.3868631798468569,-12,0,beginner,1078,0.0,0,0,0.0,0,0,0.0,-12,medium,medium,Average Learner,4
s175_t7,175,1,1717500301,ml-q77,machine-learning,ml-supervised,easy,770,low,0.0,linear-regression|logistic-regression|decision-trees|svm|naive-bayes|ensemble-methods,standard,0,0,none,0.0,practice_test,1078.0,beginner,0,0,0.0,0,0,0.0,0,0,0.0,0.8548291775317596,0.0,0,94.322028893465,32,1.0,0.8548291775317596,-27,0,beginner,1051,0.0,0,0,0.0,0,0,0.0,-27,easy,easy,Average Learner,2
s175_t7,175,1,1717500302,dbms-q27,dbms,dbms-sql,easy,830,low,0.0,select|joins|group-by|aggregation,standard,0,0,none,0.0,practice_test,1051.0,beginner,0,0,0.0,0,0,0.0,0,0,0.0,0.7811154027299616,0.0,1,121.39037632336586,32,1.0,0.7811154027299616,7,0,beginner,1058,0.0,0,0,0.0,0,0,0.0,7,easy,easy,Average Learner,2
s175_t7,175,1,1717500303,la-q54,linear-algebra,la-eigenvalues,hard,1520,high,0.0,eigenvalues|eigenvectors|diagonalization|spectral-theorem,standard,0,0,none,0.0,practice_test,1058.0,beginner,0,0,0.0,0,0,0.0,0,0,0.0,0.0654067598627859,0.0,0,101.89083875116154,32,1.0,0.0654067598627859,-2,0,beginner,1056,0.0,0,0,0.0,0,0,0.0,-2,hard,hard,Average Learner,6
s175_t7,175,1,1717500304,dsa-q46,programming-dsa,dsa-trees,medium,1350,high,0.0,binary-trees|bst|tree-traversal|balanced-trees,standard,0,0,none,0.0,practice_test,1056.0,beginner,0,0,0.0,0,0,0.0,0,0,0.0,0.1554604717699649,0.0,0,80.4819955552542,32,1.0,0.1554604717699649,-5,0,beginner,1051,0.0,0,0,0.0,0,0,0.0,-5,medium,medium,Average Learner,4
s197_t14,197,3,1719700585,ps-q22,probability-statistics,ps-probability,easy,1200,medium,0.0,probability-theory|conditional-probability|independence,standard,0,0,none,0.0,practice_test,694.0,beginner,0,0,0.0,0,0,0.0,0,0,0.0,0.0515258875974667,0.0,0,69.3269451591999,32,1.0,0.0515258875974667,-2,0,beginner,692,0.0,0,0,0.0,0,0,0.0,-2,easy,easy,Developing,4
s197_t14,197,3,1719700586,dsa-q18,programming-dsa,dsa-trees,medium,1130,medium,0.0,binary-trees|bst|tree-traversal|balanced-trees,standard,0,0,none,0.0,practice_test,692.0,beginner,0,0,0.0,0,0,0.0,0,0,0.0,0.0743762835483438,0.0,0,48.95323631753768,32,1.0,0.0743762835483438,-2,0,beginner,690,0.0,0,0,0.0,0,0,0.0,-2,medium,medium,Developing,4
s197_t14,197,3,1719700587,ds-q155,machine-learning,machine-learning,easy,740,low,0.0,supervised|unsupervised|reinforcement|evaluation,standard,0,0,none,0.0,practice_test,690.0,beginner,0,0,0.0,0,0,0.0,0,0,0.0,0.4285368825916186,0.0,0,121.8337056463557,32,1.0,0.4285368825916186,-14,0,beginner,676,0.0,0,0,0.0,0,0,0.0,-14,easy,easy,Developing,2
s197_t14,197,3,1719700588,la-q19,linear-algebra,la-matrices,medium,1120,medium,0.0,addition|scalar-multiplication|matrix-multiplication|determinants|minors|cofactors|symmetric|orthogonal,standard,0,0,none,0.0,practice_test,676.0,beginner,0,0,0.0,0,0,0.0,0,0,0.0,0.0720331585038426,0.0,0,98.24849830082498,32,1.0,0.0720331585038426,-2,0,beginner,674,0.0,0,0,0.0,0,0,0.0,-2,medium,medium,Developing,4
s197_t14,197,3,1719700589,la-q5,linear-algebra,la-eigenvalues,easy,760,low,0.0,eigenvalues|eigenvectors|diagonalization|spectral-theorem,standard,0,0,none,0.0,practice_test,674.0,beginner,0,0,0.0,0,0,0.0,0,0,0.0,0.3787032768775454,0.0,0,111.1332781822834,32,1.0,0.3787032768775454,-12,0,beginner,662,0.0,0,0,0.0,0,0,0.0,-12,easy,easy,Developing,2
s197_t14,197,3,1719700590,ga-q19,general-aptitude,ga-quantitative-aptitude,medium,1120,medium,0.0,arithmetic|algebra|geometry|permutations|combinations,standard,0,0,none,0.0,practice_test,662.0,beginner,0,0,0.0,0,0,0.0,0,0,0.0,0.0668284645696687,0.0,0,115.42971839706212,32,1.0,0.0668284645696687,-2,0,beginner,660,0.0,0,0,0.0,0,0,0.0,-2,medium,medium,Developing,4
s197_t14,197,3,1719700591,co-q14,calculus-optimization,co-differentiation,hard,1810,high,0.0,derivatives|chain-rule|product-rule|critical-points,standard,0,0,none,0.0,practice_test,660.0,beginner,0,0,0.0,0,0,0.0,0,0,0.0,0.0013317455209689,0.0,0,119.55273840947144,32,1.0,0.0013317455209689,0,0,beginner,660,0.0,0,0,0.0,0,0,0.0,0,hard,hard,Developing,8
s197_t14,197,3,1719700592,ml-q21,general-aptitude,unknown,medium,1310,high,0.0,,standard,0,0,none,0.0,practice_test,660.0,beginner,0,0,0.0,0,0,0.0,0,0,0.0,0.0231644220432152,0.0,0,143.76847260581212,32,1.0,0.0231644220432152,-1,0,beginner,659,0.0,0,0,0.0,0,0,0.0,-1,medium,medium,Developing,4
s197_t14,197,3,1719700593,ds-q44,probability-statistics,probability,medium,1400,high,0.0,sample-spaces|events|conditional-probability|independence,standard,0,0,none,0.0,practice_test,659.0,beginner,0,0,0.0,0,0,0.0,0,0,0.0,0.0138497863255118,0.0,1,53.57758581804704,32,1.0,0.0138497863255118,32,0,beginner,691,0.0,0,0,0.0,0,0,0.0,32,medium,medium,Developing,4
s197_t14,197,3,1719700594,ml-q19,machine-learning,ml-supervised,easy,740,low,0.0,linear-regression|logistic-regression|decision-trees|svm,standard,0,0,none,0.0,practice_test,691.0,beginner,0,0,0.0,0,0,0.0,0,0,0.0,0.4299471764160117,0.0,0,141.38596583504952,32,1.0,0.4299471764160117,-14,0,beginner,677,0.0,0,0,0.0,0,0,0.0,-14,easy,easy,Developing,2
s197_t14,197,3,1719700595,la-q10,linear-algebra,la-matrix,medium,1200,medium,0.0,addition|scalar-multiplication|matrix-multiplication|determinants|minors|cofactors|symmetric|orthogonal,standard,0,0,none,0.0,practice_test,677.0,beginner,0,0,0.0,0,0,0.0,0,0,0.0,0.0469479486059058,0.0,0,113.84853867563704,32,1.0,0.0469479486059058,-2,0,beginner,675,0.0,0,0,0.0,0,0,0.0,-2,medium,medium,Developing,4
s197_t14,197,3,1719700596,ds-q59,calculus-optimization,calculus,easy,950,medium,0.0,derivatives|integrals|limits|continuity,standard,0,0,none,0.0,practice_test,675.0,beginner,0,0,0.0,0,0,0.0,0,0,0.0,0.1703671765686566,0.0,0,71.89115255113262,32,1.0,0.1703671765686566,-5,0,beginner,670,0.0,0,0,0.0,0,0,0.0,-5,easy,easy,Developing,2
s197_t14,197,3,1719700597,ga-q20,general-aptitude,ga-quantitative-aptitude,medium,1170,medium,0.0,arithmetic|algebra|geometry|permutations|combinations,standard,0,0,none,0.0,practice_test,670.0,beginner,0,0,0.0,0,0,0.0,0,0,0.0,0.0532402152020224,0.0,0,23.59902595222693,32,1.0,0.0532402152020224,-2,0,beginner,668,0.0,0,0,0.0,0,0,0.0,-2,medium,medium,Developing,4
s197_t14,197,3,1719700598,dbms-q34,dbms,dbms-sql,easy,990,medium,0.0,select|joins|group-by|aggregation,standard,0,0,none,0.0,practice_test,668.0,beginner,0,0,0.0,0,0,0.0,0,0,0.0,0.1354529945886956,0.0,0,93.83180683414466,32,1.0,0.1354529945886956,-4,0,beginner,664,0.0,0,0,0.0,0,0,0.0,-4,easy,easy,Developing,2
s197_t14,197,3,1719700599,co-q38,calculus-optimization,co-differentiation,medium,1280,medium,0.0,partial-derivatives|chain-rule|product-rule|critical-points|gradients|implicit-differentiation,standard,0,0,none,0.0,practice_test,664.0,beginner,0,0,0.0,0,0,0.0,0,0,0.0,0.0280318671516965,0.0,1,106.52165215261913,32,1.0,0.0280318671516965,31,0,beginner,695,0.0,0,0,0.0,0,0,0.0,31,medium,medium,Developing,4
s197_t14,197,3,1719700600,dsa-q19,programming-dsa,dsa-complexity,medium,1210,medium,0.0,time-complexity|space-complexity|big-o-notation,standard,0,0,none,0.0,practice_test,695.0,beginner,0,0,0.0,0,0,0.0,0,0,0.0,0.0490520053472926,0.0,0,108.78555296619903,32,1.0,0.0490520053472926,-2,0,beginner,693,0.0,0,0,0.0,0,0,0.0,-2,medium,medium,Developing,4
s197_t14,197,3,1719700601,ds-q295,machine-learning,machine-learning,medium,1460,high,0.0,supervised|unsupervised|reinforcement|evaluation,standard,0,0,none,0.0,practice_test,693.0,beginner,0,0,0.0,0,0,0.0,0,0,0.0,0.011947581060018,0.0,0,75.3166174419918,32,1.0,0.011947581060018,0,0,beginner,693,0.0,0,0,0.0,0,0,0.0,0,medium,medium,Developing,6
s197_t14,197,3,1719700602,ds-q244,machine-learning,machine-learning,hard,1950,high,0.0,supervised|unsupervised|reinforcement|evaluation,standard,0,0,none,0.0,practice_test,693.0,beginner,0,0,0.0,0,0,0.0,0,0,0.0,0.0007197593246105,0.0,0,58.24085550900968,32,1.0,0.0007197593246105,0,0,beginner,693,0.0,0,0,0.0,0,0,0.0,0,hard,hard,Developing,8
s197_t14,197,3,1719700603,dsa-q32,programming-dsa,dsa-arrays,medium,1250,medium,0.0,array-operations|indexing|searching|sorting,standard,0,0,none,0.0,practice_test,693.0,beginner,0,0,0.0,0,0,0.0,0,0,0.0,0.0389274687475735,0.0,1,81.26873198421737,32,1.0,0.0389274687475735,31,0,beginner,724,0.0,0,0,0.0,0,0,0.0,31,medium,medium,Developing,4
s197_t14,197,3,1719700604,dsa-q27,programming-dsa,dsa-arrays,easy,990,medium,0.0,array-operations|indexing|searching|sorting,standard,0,0,none,0.0,practice_test,724.0,beginner,0,0,0.0,0,0,0.0,0,0,0.0,0.1778153888464976,0.0,0,35.18085146316433,32,1.0,0.1778153888464976,-6,0,beginner,718,0.0,0,0,0.0,0,0,0.0,-6,easy,easy,Developing,2
s197_t14,197,3,1719700605,dbms-q40,dbms,dbms-sql,easy,920,medium,0.0,select|joins|group-by|aggregation,standard,0,0,none,0.0,practice_test,718.0,beginner,0,0,0.0,0,0,0.0,0,0,0.0,0.238157890082064,0.0,0,130.93609937039753,32,1.0,0.238157890082064,-8,0,beginner,710,0.0,0,0,0.0,0,0,0.0,-8,easy,easy,Developing,2
s197_t14,197,3,1719700606,dsa-q59,programming-dsa,dsa-trees,medium,1390,high,0.0,binary-trees|bst|tree-traversal|balanced-trees,standard,0,0,none,0.0,practice_test,710.0,beginner,0,0,0.0,0,0,0.0,0,0,0.0,0.0195623038725795,0.0,0,139.71047522358168,32,1.0,0.0195623038725795,-1,0,beginner,709,0.0,0,0,0.0,0,0,0.0,-1,medium,medium,Developing,4
s197_t14,197,3,1719700607,ai-q21,artificial-intelligence,ai-search,medium,1220,medium,0.0,breadth-first-search|depth-first-search|a-star|heuristics,standard,0,0,none,0.0,practice_test,709.0,beginner,0,0,0.0,0,0,0.0,0,0,0.0,0.050137288069155,0.0,0,98.19737967708257,32,1.0,0.050137288069155,-2,0,beginner,707,0.0,0,0,0.0,0,0,0.0,-2,medium,medium,Developing,4
s197_t14,197,3,1719700608,ga-q13,general-aptitude,ga-quantitative-aptitude,easy,880,low,0.0,arithmetic|algebra|geometry|permutations|combinations,standard,0,0,none,0.0,practice_test,707.0,beginner,0,0,0.0,0,0,0.0,0,0,0.0,0.269754586702576,0.0,0,103.70545945727424,32,1.0,0.269754586702576,-9,0,beginner,698,0.0,0,0,0.0,0,0,0.0,-9,easy,easy,Developing,2
s197_t14,197,3,1719700609,ds-q229,probability-statistics,probability,easy,760,low,0.0,sample-spaces|events|conditional-probability|independence,standard,0,0,none,0.0,practice_test,698.0,beginner,0,0,0.0,0,0,0.0,0,0,0.0,0.4117100281368371,0.0,1,118.97643000277276,32,1.0,0.4117100281368371,19,0,beginner,717,0.0,0,0,0.0,0,0,0.0,19,easy,easy,Developing,2
s197_t14,197,3,1719700610,la-30,linear-algebra,la-matrices,medium,1210,medium,0.0,,standard,0,0,none,0.0,practice_test,717.0,beginner,0,0,0.0,0,0,0.0,0,0,0.0,0.0553082747156129,0.0,1,93.93458352659712,32,1.0,0.0553082747156129,30,0,beginner,747,0.0,0,0,0.0,0,0,0.0,30,medium,medium,Developing,4
s197_t14,197,3,1719700611,dsa-q79,programming-dsa,dsa-complexity,easy,880,low,0.0,time-complexity|space-complexity|big-o-notation,standard,0,0,none,0.0,practice_test,747.0,beginner,0,0,0.0,0,0,0.0,0,0,0.0,0.3174296145252281,0.0,0,29.027540764745275,32,1.0,0.3174296145252281,-10,0,beginner,737,0.0,0,0,0.0,0,0,0.0,-10,easy,easy,Developing,2
s197_t14,197,3,1719700612,dsa-q67,programming-dsa,dsa-complexity,easy,740,low,0.0,time-complexity|space-complexity|big-o-notation,standard,0,0,none,0.0,practice_test,737.0,beginner,0,0,0.0,0,0,0.0,0,0,0.0,0.4956827602449402,0.0,0,47.6785890201848,32,1.0,0.4956827602449402,-16,0,beginner,721,0.0,0,0,0.0,0,0,0.0,-16,easy,easy,Developing,2
s197_t14,197,3,1719700613,ds-q435,probability-statistics,probability-theory,easy,820,low,0.0,bayes-theorem|permutations|combinations|probability-rules,standard,0,0,none,0.0,practice_test,721.0,beginner,0,0,0.0,0,0,0.0,0,0,0.0,0.3612622508882752,0.0,1,124.73599596479082,32,1.0,0.3612622508882752,20,0,beginner,741,0.0,0,0,0.0,0,0,0.0,20,easy,easy,Developing,2
s197_t14,197,3,1719700614,ga-q29,general-aptitude,ga-logical-reasoning,easy,800,low,0.0,syllogisms|logical-deduction|critical-reasoning,standard,0,0,none,0.0,practice_test,741.0,beginner,0,0,0.0,0,0,0.0,0,0,0.0,0.415899041186322,0.0,0,72.40635462475598,32,1.0,0.415899041186322,-13,0,beginner,728,0.0,0,0,0.0,0,0,0.0,-13,easy,easy,Developing,2
s197_t14,197,3,1719700615,ai-q18,artificial-intelligence,ai-search,easy,810,low,0.0,breadth-first-search|depth-first-search|a-star|heuristics,standard,0,0,none,0.0,practice_test,728.0,beginner,0,0,0.0,0,0,0.0,0,0,0.0,0.384135895746244,0.0,0,30.056091472823617,32,1.0,0.384135895746244,-12,0,beginner,716,0.0,0,0,0.0,0,0,0.0,-12,easy,easy,Developing,2
s197_t14,197,3,1719700616,ds-q10,artificial-intelligence,logical-reasoning,easy,740,low,0.0,logical-deduction|critical-reasoning,standard,0,0,none,0.0,practice_test,716.0,beginner,0,0,0.0,0,0,0.0,0,0,0.0,0.4655160552731684,0.0,0,116.1625666197268,32,1.0,0.4655160552731684,-15,0,beginner,701,0.0,0,0,0.0,0,0,0.0,-15,easy,easy,Developing,2
s197_t14,197,3,1719700617,ga-q8,general-aptitude,ga-logical-reasoning,medium,1290,medium,0.0,syllogisms|logical-deduction|critical-reasoning,standard,0,0,none,0.0,practice_test,701.0,beginner,0,0,0.0,0,0,0.0,0,0,0.0,0.0325919029207952,0.0,0,129.66627178306896,32,1.0,0.0325919029207952,-1,0,beginner,700,0.0,0,0,0.0,0,0,0.0,-1,medium,medium,Developing,4
s197_t14,197,3,1719700618,dbms-q25,dbms,dbms-sql,easy,990,medium,0.0,select|joins|group-by|aggregation,standard,0,0,none,0.0,practice_test,700.0,beginner,0,0,0.0,0,0,0.0,0,0,0.0,0.1585076330767581,0.0,0,81.01656294070823,32,1.0,0.1585076330767581,-5,0,beginner,695,0.0,0,0,0.0,0,0,0.0,-5,easy,easy,Developing,2
s197_t14,197,3,1719700619,ps-q70,probability-statistics,ps-distributions,easy,750,low,0.0,normal-distribution|binomial-distribution|poisson-distribution|cumulative-distribution|expected-value|variance,standard,0,0,none,0.0,practice_test,695.0,beginner,0,0,0.0,0,0,0.0,0,0,0.0,0.4215032476552572,0.0,0,73.12641734988667,32,1.0,0.4215032476552572,-13,0,beginner,682,0.0,0,0,0.0,0,0,0.0,-13,easy,easy,Developing,2
s197_t14,197,3,1719700620,ds-q274,probability-statistics,probability,easy,750,low,0.0,sample-spaces|events|conditional-probability|independence,standard,0,0,none,0.0,practice_test,682.0,beginner,0,0,0.0,0,0,0.0,0,0,0.0,0.403370826694226,0.0,0,115.32953243361656,32,1.0,0.403370826694226,-13,0,beginner,669,0.0,0,0,0.0,0,0,0.0,-13,easy,easy,Developing,2
s197_t14,197,3,1719700621,dsa-q5,programming-dsa,dsa-complexity,easy,980,medium,0.0,time-complexity|space-complexity|big-o-notation,standard,0,0,none,0.0,practice_test,669.0,beginner,0,0,0.0,0,0,0.0,0,0,0.0,0.1430408607355515,0.0,0,85.10063629681765,32,1.0,0.1430408607355515,-5,0,beginner,664,0.0,0,0,0.0,0,0,0.0,-5,easy,easy,Developing,2
s197_t14,197,3,1719700622,la-17,linear-algebra,la-matrices,medium,1210,medium,0.0,,standard,0,0,none,0.0,practice_test,664.0,beginner,0,0,0.0,0,0,0.0,0,0,0.0,0.0413668492239378,0.0,0,54.4920110003401,32,1.0,0.0413668492239378,-1,0,beginner,663,0.0,0,0,0.0,0,0,0.0,-1,medium,medium,Developing,4
s197_t14,197,3,1719700623,ga-q30,general-aptitude,ga-logical-reasoning,medium,1130,medium,0.0,syllogisms|logical-deduction|critical-reasoning,standard,0,0,none,0.0,practice_test,663.0,beginner,0,0,0.0,0,0,0.0,0,0,0.0,0.0636691885305839,0.0,1,48.755528114357794,32,1.0,0.0636691885305839,30,0,beginner,693,0.0,0,0,0.0,0,0,0.0,30,medium,medium,Developing,4
s197_t14,197,3,1719700624,ml-q72,machine-learning,ml-supervised,hard,2180,high,0.0,linear-regression|logistic-regression|decision-trees|svm,standard,0,0,none,0.0,practice_test,693.0,beginner,0,0,0.0,0,0,0.0,0,0,0.0,0.0001916093850809,0.0,0,120.9895994592858,32,1.0,0.0001916093850809,0,0,beginner,693,0.0,0,0,0.0,0,0,0.0,0,hard,hard,Developing,10
s209_t14,209,3,1720900585,ga-q30,general-aptitude,ga-logical-reasoning,medium,1130,medium,0.0,syllogisms|logical-deduction|critical-reasoning,standard,0,0,none,0.0,practice_test,632.0,beginner,0,0,0.0,0,0,0.0,0,0,0.0,0.0538235260312608,0.0,0,53.7332718415165,32,1.0,0.0538235260312608,-2,0,beginner,630,0.0,0,0,0.0,0,0,0.0,-2,medium,medium,Developing,4
s209_t14,209,3,1720900586,ds-q361,calculus-optimization,calculus,medium,1280,medium,0.0,derivatives|integrals|limits|continuity,standard,0,0,none,0.0,practice_test,630.0,beginner,0,0,0.0,0,0,0.0,0,0,0.0,0.0231644220432152,0.0,0,46.8169860197324,32,1.0,0.0231644220432152,-1,0,beginner,629,0.0,0,0,0.0,0,0,0.0,-1,medium,medium,Developing,4
s209_t14,209,3,1720900587,la-19,linear-algebra,la-matrices,medium,1210,medium,0.0,,standard,0,0,none,0.0,practice_test,629.0,beginner,0,0,0.0,0,0,0.0,0,0,0.0,0.0340755715968727,0.0,0,94.38593204585143,32,1.0,0.0340755715968727,-1,0,beginner,628,0.0,0,0,0.0,0,0,0.0,-1,medium,medium,Developing,4
s209_t14,209,3,1720900588,ga-q22,general-aptitude,ga-quantitative-aptitude,easy,930,medium,0.0,arithmetic|algebra|geometry|permutations|combinations,standard,0,0,none,0.0,practice_test,628.0,beginner,0,0,0.0,0,0,0.0,0,0,0.0,0.1495096984531973,0.0,0,67.045881100572,32,1.0,0.1495096984531973,-5,0,beginner,623,0.0,0,0,0.0,0,0,0.0,-5,easy,easy,Developing,2
s209_t14,209,3,1720900589,dsa-q57,programming-dsa,dsa-trees,hard,2480,high,0.0,binary-trees|bst|tree-traversal|balanced-trees,standard,0,0,none,0.0,practice_test,623.0,beginner,0,0,0.0,0,0,0.0,0,0,0.0,2.2776663630350827e-05,0.0,0,105.86554166970237,32,1.0,2.2776663630350827e-05,0,0,beginner,623,0.0,0,0,0.0,0,0,0.0,0,hard,hard,Developing,10
s209_t14,209,3,1720900590,ga-q28,general-aptitude,ga-logical-reasoning,medium,1010,medium,0.0,syllogisms|logical-deduction|critical-reasoning,standard,0,0,none,0.0,practice_test,623.0,beginner,0,0,0.0,0,0,0.0,0,0,0.0,0.0972859657314782,0.0,1,84.04988124790954,32,1.0,0.0972859657314782,29,0,beginner,652,0.0,0,0,0.0,0,0,0.0,29,medium,medium,Developing,2
s209_t14,209,3,1720900591,ds-q42,dbms,dbms,medium,1250,medium,0.0,database-fundamentals|acid-properties|transactions,standard,0,0,none,0.0,practice_test,652.0,beginner,0,0,0.0,0,0,0.0,0,0,0.0,0.0309973775038119,0.0,0,34.50654569947373,32,1.0,0.0309973775038119,-1,0,beginner,651,0.0,0,0,0.0,0,0,0.0,-1,medium,medium,Developing,4
s209_t14,209,3,1720900592,ds-q121,machine-learning,machine-learning,easy,920,medium,0.0,supervised|unsupervised|reinforcement|evaluation,standard,0,0,none,0.0,practice_test,651.0,beginner,0,0,0.0,0,0,0.0,0,0,0.0,0.1753046865538316,0.0,0,28.52313211019862,32,1.0,0.1753046865538316,-6,0,beginner,645,0.0,0,0,0.0,0,0,0.0,-6,easy,easy,Developing,2
s209_t14,209,3,1720900593,ps-q88,probability-statistics,ps-hypothesis,easy,850,low,0.0,hypothesis-testing|p-value|type-I-error|type-II-error|t-test|significance-level,standard,0,0,none,0.0,practice_test,645.0,beginner,0,0,0.0,0,0,0.0,0,0,0.0,0.2350387364473107,0.0,0,43.00030904013244,32,1.0,0.2350387364473107,-8,0,beginner,637,0.0,0,0,0.0,0,0,0.0,-8,easy,easy,Developing,2
s209_t14,209,3,1720900594,ga-q29,general-aptitude,ga-logical-reasoning,easy,800,low,0.0,syllogisms|logical-deduction|critical-reasoning,standard,0,0,none,0.0,practice_test,637.0,beginner,0,0,0.0,0,0,0.0,0,0,0.0,0.2812431701012181,0.0,0,121.53379876121366,32,1.0,0.2812431701012181,-9,0,beginner,628,0.0,0,0,0.0,0,0,0.0,-9,easy,easy,Developing,2
s209_t14,209,3,1720900595,la-q5,linear-algebra,la-eigenvalues,easy,760,low,0.0,eigenvalues|eigenvectors|diagonalization|spectral-theorem,standard,0,0,none,0.0,practice_test,628.0,beginner,0,0,0.0,0,0,0.0,0,0,0.0,0.3186781648336063,0.0,0,35.793550975465244,32,1.0,0.3186781648336063,-10,0,beginner,618,0.0,0,0,0.0,0,0,0.0,-10,easy,easy,Developing,2
s209_t14,209,3,1720900596,ps-q25,probability-statistics,ps-distributions,medium,1200,medium,0.0,probability-distributions|cumulative-distribution|expected-value,standard,0,0,none,0.0,practice_test,618.0,beginner,0,0,0.0,0,0,0.0,0,0,0.0,0.0338866082603358,0.0,0,13.652264270137971,32,1.0,0.0338866082603358,-1,0,beginner,617,0.0,0,0,0.0,0,0,0.0,-1,medium,medium,Developing,4
s209_t14,209,3,1720900597,ds-q298,machine-learning,machine-learning,medium,1280,medium,0.0,supervised|unsupervised|reinforcement|evaluation,standard,0,0,none,0.0,practice_test,617.0,beginner,0,0,0.0,0,0,0.0,0,0,0.0,0.0215301690417092,0.0,0,28.426617398685096,32,1.0,0.0215301690417092,-1,0,beginner,616,0.0,0,0,0.0,0,0,0.0,-1,medium,medium,Developing,4
s209_t14,209,3,1720900598,ds-q229,probability-statistics,probability,easy,760,low,0.0,sample-spaces|events|conditional-probability|independence,standard,0,0,none,0.0,practice_test,616.0,beginner,0,0,0.0,0,0,0.0,0,0,0.0,0.3038712295704002,0.0,0,139.40966449900705,32,1.0,0.3038712295704002,-10,0,beginner,606,0.0,0,0,0.0,0,0,0.0,-10,easy,easy,Developing,2
s209_t14,209,3,1720900599,dsa-q24,programming-dsa,dsa-arrays,easy,870,low,0.0,array-operations|indexing|searching|sorting,standard,0,0,none,0.0,practice_test,606.0,beginner,0,0,0.0,0,0,0.0,0,0,0.0,0.1795047927135769,0.0,0,97.45148227949898,32,1.0,0.1795047927135769,-6,0,beginner,600,0.0,0,0,0.0,0,0,0.0,-6,easy,easy,Developing,2
s209_t14,209,3,1720900600,ml-q106,machine-learning,ml-unsupervised,easy,840,low,0.0,clustering|k-means|hierarchical-clustering|dimensionality-reduction|pca,standard,0,0,none,0.0,practice_test,600.0,beginner,0,0,0.0,0,0,0.0,0,0,0.0,0.2007600089131017,0.0,0,35.82331269337648,32,1.0,0.2007600089131017,-6,0,beginner,594,0.0,0,0,0.0,0,0,0.0,-6,easy,easy,Developing,2
s209_t14,209,3,1720900601,co-q65,calculus-optimization,co-optimization,medium,1060,medium,0.0,critical-points|extrema|optimization|lagrange-multipliers|convexity|gradient-descent,standard,0,0,none,0.0,practice_test,594.0,beginner,0,0,0.0,0,0,0.0,0,0,0.0,0.0640132256667859,0.0,1,63.00251249244904,32,1.0,0.0640132256667859,30,0,beginner,624,0.0,0,0,0.0,0,0,0.0,30,medium,medium,Developing,4
s209_t14,209,3,1720900602,ds-q277,artificial-intelligence,algorithms,easy,980,medium,0.0,sorting|searching|dynamic-programming|greedy,standard,0,0,none,0.0,practice_test,624.0,beginner,0,0,0.0,0,0,0.0,0,0,0.0,0.1141230574141504,0.0,0,60.385425614247865,32,1.0,0.1141230574141504,-4,0,beginner,620,0.0,0,0,0.0,0,0,0.0,-4,easy,easy,Developing,2
s209_t14,209,3,1720900603,dsa-q3,programming-dsa,dsa-arrays,easy,880,low,0.0,array-operations|indexing|searching|sorting,standard,0,0,none,0.0,practice_test,620.0,beginner,0,0,0.0,0,0,0.0,0,0,0.0,0.1829211658000257,0.0,0,111.87739516469108,32,1.0,0.1829211658000257,-6,0,beginner,614,0.0,0,0,0.0,0,0,0.0,-6,easy,easy,Developing,2
s209_t14,209,3,1720900604,dsa-q43,programming-dsa,dsa-arrays,easy,1250,medium,0.0,array-operations|indexing|searching|sorting,standard,0,0,none,0.0,practice_test,614.0,beginner,0,0,0.0,0,0,0.0,0,0,0.0,0.0250598212393821,0.0,0,66.84029574030896,32,1.0,0.0250598212393821,-1,0,beginner,613,0.0,0,0,0.0,0,0,0.0,-1,easy,easy,Developing,4
s209_t14,209,3,1720900605,la-q32,linear-algebra,la-matrices,medium,1400,high,0.0,addition|scalar-multiplication|matrix-multiplication|determinants|minors|cofactors|symmetric|orthogonal,standard,0,0,none,0.0,practice_test,613.0,beginner,0,0,0.0,0,0,0.0,0,0,0.0,0.0106621460290317,0.0,0,139.37495004540938,32,1.0,0.0106621460290317,0,0,beginner,613,0.0,0,0,0.0,0,0,0.0,0,medium,medium,Developing,4
s209_t14,209,3,1720900606,ds-q107,dbms,dbms,medium,1320,high,0.0,database-fundamentals|acid-properties|transactions,standard,0,0,none,0.0,practice_test,613.0,beginner,0,0,0.0,0,0,0.0,0,0,0.0,0.0167936339193229,0.0,0,46.59949888162082,32,1.0,0.0167936339193229,-1,0,beginner,612,0.0,0,0,0.0,0,0,0.0,-1,medium,medium,Developing,4
s209_t14,209,3,1720900607,dsa-q21,programming-dsa,dsa-arrays,easy,720,low,0.0,array-operations|indexing|searching|sorting,standard,0,0,none,0.0,practice_test,612.0,beginner,0,0,0.0,0,0,0.0,0,0,0.0,0.3493953720661275,0.0,0,131.02114996204125,32,1.0,0.3493953720661275,-11,0,beginner,601,0.0,0,0,0.0,0,0,0.0,-11,easy,easy,Developing,2
s209_t14,209,3,1720900608,ds-q12,artificial-intelligence,linear-algebra,easy,850,low,0.0,matrices|vectors|eigenvalues|linear-systems|transformations,standard,0,0,none,0.0,practice_test,601.0,beginner,0,0,0.0,0,0,0.0,0,0,0.0,0.1925758183287207,0.0,0,88.29563250490736,32,1.0,0.1925758183287207,-6,0,beginner,595,0.0,0,0,0.0,0,0,0.0,-6,easy,easy,Developing,2
s209_t14,209,3,1720900609,ds-q52,artificial-intelligence,ai-search,easy,1170,medium,0.0,breadth-first-search|depth-first-search|a-star|heuristics,standard,0,0,none,0.0,practice_test,595.0,beginner,0,0,0.0,0,0,0.0,0,0,0.0,0.035230872416762,0.0,0,72.06876609086757,32,1.0,0.035230872416762,-1,0,beginner,594,0.0,0,0,0.0,0,0,0.0,-1,easy,easy,Developing,4
s209_t14,209,3,1720900610,la-q18,linear-algebra,la-matrices,easy,820,low,0.0,addition|scalar-multiplication|matrix-multiplication|determinants|minors|cofactors|symmetric|orthogonal,standard,0,0,none,0.0,practice_test,594.0,beginner,0,0,0.0,0,0,0.0,0,0,0.0,0.2140033977178425,0.0,1,66.53703898899462,32,1.0,0.2140033977178425,25,0,beginner,619,0.0,0,0,0.0,0,0,0.0,25,easy,easy,Developing,2
s209_t14,209,3,1720900611,ga-q7,general-aptitude,ga-quantitative-aptitude,easy,820,low,0.0,arithmetic|algebra|geometry|permutations|combinations,standard,0,0,none,0.0,practice_test,619.0,beginner,0,0,0.0,0,0,0.0,0,0,0.0,0.2392039090108577,0.0,0,94.26363509137384,32,1.0,0.2392039090108577,-8,0,beginner,611,0.0,0,0,0.0,0,0,0.0,-8,easy,easy,Developing,2
s209_t14,209,3,1720900612,la-q42,linear-algebra,la-matrices,hard,1670,high,0.0,addition|scalar-multiplication|matrix-multiplication|determinants|minors|cofactors|symmetric|orthogonal,standard,0,0,none,0.0,practice_test,611.0,beginner,0,0,0.0,0,0,0.0,0,0,0.0,0.0022465868996487,0.0,0,133.61137457318856,32,1.0,0.0022465868996487,0,0,beginner,611,0.0,0,0,0.0,0,0,0.0,0,hard,hard,Developing,6
s209_t14,209,3,1720900613,dsa-q77,programming-dsa,dsa-complexity,medium,1180,medium,0.0,time-complexity|space-complexity|big-o-notation,standard,0,0,none,0.0,practice_test,611.0,beginner,0,0,0.0,0,0,0.0,0,0,0.0,0.0364238656131903,0.0,0,49.643394424426575,32,1.0,0.0364238656131903,-1,0,beginner,610,0.0,0,0,0.0,0,0,0.0,-1,medium,medium,Developing,4
s209_t14,209,3,1720900614,dsa-q28,programming-dsa,dsa-arrays,easy,830,low,0.0,array-operations|indexing|searching|sorting,standard,0,0,none,0.0,practice_test,610.0,beginner,0,0,0.0,0,0,0.0,0,0,0.0,0.2198703960068415,0.0,0,54.64766989303133,32,1.0,0.2198703960068415,-7,0,beginner,603,0.0,0,0,0.0,0,0,0.0,-7,easy,easy,Developing,2
s209_t14,209,3,1720900615,ml-q2,machine-learning,ml-supervised,easy,950,medium,0.0,linear-regression|logistic-regression|decision-trees|svm,standard,0,0,none,0.0,practice_test,603.0,beginner,0,0,0.0,0,0,0.0,0,0,0.0,0.1194664377525987,0.0,0,100.48440906585436,32,1.0,0.1194664377525987,-4,0,beginner,599,0.0,0,0,0.0,0,0,0.0,-4,easy,easy,Developing,2
s209_t14,209,3,1720900616,ps-q78,probability-statistics,ps-hypothesis,medium,1210,medium,0.0,hypothesis-testing|p-value|type-I-error|type-II-error|t-test|significance-level,standard,0,0,none,0.0,practice_test,599.0,beginner,0,0,0.0,0,0,0.0,0,0,0.0,0.0288268163957222,0.0,0,99.7002513986659,32,1.0,0.0288268163957222,-1,0,beginner,598,0.0,0,0,0.0,0,0,0.0,-1,medium,medium,Developing,4
s209_t14,209,3,1720900617,dbms-q36,dbms,dbms-sql,easy,750,low,0.0,select|joins|group-by|aggregation,standard,0,0,none,0.0,practice_test,598.0,beginner,0,0,0.0,0,0,0.0,0,0,0.0,0.2942186402879975,0.0,0,31.19581366180577,32,1.0,0.2942186402879975,-9,0,beginner,589,0.0,0,0,0.0,0,0,0.0,-9,easy,easy,Developing,2
s209_t14,209,3,1720900618,ga-q18,general-aptitude,ga-quantitative-aptitude,medium,1190,medium,0.0,arithmetic|algebra|geometry|permutations|combinations,standard,0,0,none,0.0,practice_test,589.0,beginner,0,0,0.0,0,0,0.0,0,0,0.0,0.0304828450187082,0.0,0,122.54971049527452,32,1.0,0.0304828450187082,-1,0,beginner,588,0.0,0,0,0.0,0,0,0.0,-1,medium,medium,Developing,4
s209_t14,209,3,1720900619,co-q33,calculus-optimization,co-differentiation,easy,770,low,0.0,partial-derivatives|chain-rule|product-rule|critical-points|gradients|implicit-differentiation,standard,0,0,none,0.0,practice_test,588.0,beginner,0,0,0.0,0,0,0.0,0,0,0.0,0.2596715804851696,0.0,0,87.85791270241062,32,1.0,0.2596715804851696,-8,0,beginner,580,0.0,0,0,0.0,0,0,0.0,-8,easy,easy,Developing,2
s209_t14,209,3,1720900620,ml-q96,machine-learning,ml-supervised,hard,1560,high,0.0,linear-regression|logistic-regression|decision-trees|svm|naive-bayes|ensemble-methods,standard,0,0,none,0.0,practice_test,580.0,beginner,0,0,0.0,0,0,0.0,0,0,0.0,0.003535589148648,0.0,0,52.42861843924476,32,1.0,0.003535589148648,0,0,beginner,580,0.0,0,0,0.0,0,0,0.0,0,hard,hard,Developing,6
s209_t14,209,3,1720900621,ds-q23,probability-statistics,probability,easy,700,low,0.0,sample-spaces|events|conditional-probability|independence,standard,0,0,none,0.0,practice_test,580.0,beginner,0,0,0.0,0,0,0.0,0,0,0.0,0.3338605754168779,0.0,0,54.831446563240334,32,1.0,0.3338605754168779,-11,0,beginner,569,0.0,0,0,0.0,0,0,0.0,-11,easy,easy,Developing,2
s209_t14,209,3,1720900622,ps-q60,probability-statistics,ps-distributions,medium,1070,medium,0.0,normal-distribution|binomial-distribution|poisson-distribution|cumulative-distribution|expected-value|variance,standard,0,0,none,0.0,practice_test,569.0,beginner,0,0,0.0,0,0,0.0,0,0,0.0,0.0529508017989083,0.0,0,81.78448011490279,32,1.0,0.0529508017989083,-2,0,beginner,567,0.0,0,0,0.0,0,0,0.0,-2,medium,medium,Developing,4
s209_t14,209,3,1720900623,dsa-q50,programming-dsa,dsa-trees,medium,1180,medium,0.0,binary-trees|bst|tree-traversal|balanced-trees,standard,0,0,none,0.0,practice_test,567.0,beginner,0,0,0.0,0,0,0.0,0,0,0.0,0.0285062449862064,0.0,0,54.37030599958611,32,1.0,0.0285062449862064,-1,0,beginner,566,0.0,0,0,0.0,0,0,0.0,-1,medium,medium,Developing,4
s209_t14,209,3,1720900624,ga-q13,general-aptitude,ga-quantitative-aptitude,easy,880,low,0.0,arithmetic|algebra|geometry|permutations|combinations,standard,0,0,none,0.0,practice_test,566.0,beginner,0,0,0.0,0,0,0.0,0,0,0.0,0.1409369976233262,0.0,0,74.82536816198139,32,1.0,0.1409369976233262,-5,0,beginner,561,0.0,0,0,0.0,0,0,0.0,-5,easy,easy,Developing,2
s216_t8,216,1,1721600305,dsa-q52,programming-dsa,dsa-trees,medium,1080,medium,0.0,binary-trees|bst|tree-traversal|balanced-trees,standard,0,0,none,0.0,practice_test,830.0,beginner,0,0,0.0,0,0,0.0,0,0,0.0,0.1916823274505414,0.0,0,70.90049826702382,32,1.0,0.1916823274505414,-6,0,beginner,824,0.0,0,0,0.0,0,0,0.0,-6,medium,medium,Developing,4
s216_t8,216,1,1721600306,ds-q268,probability-statistics,probability,easy,950,medium,0.0,sample-spaces|events|conditional-probability|independence,standard,0,0,none,0.0,practice_test,824.0,beginner,0,0,0.0,0,0,0.0,0,0,0.0,0.3262238121116778,0.0,0,59.41444633303043,32,1.0,0.3262238121116778,-10,0,beginner,814,0.0,0,0,0.0,0,0,0.0,-10,easy,easy,Developing,2
s216_t8,216,1,1721600307,ml-q115,machine-learning,ml-unsupervised,hard,1710,high,0.0,clustering|k-means|hierarchical-clustering|dimensionality-reduction|pca,standard,0,0,none,0.0,practice_test,814.0,beginner,0,0,0.0,0,0,0.0,0,0,0.0,0.0057214757170903,0.0,0,19.032083993449632,32,1.0,0.0057214757170903,0,0,beginner,814,0.0,0,0,0.0,0,0,0.0,0,hard,hard,Developing,6
s216_t8,216,1,1721600308,ds-q96,dbms,dbms,medium,1370,high,0.0,database-fundamentals|acid-properties|transactions,standard,0,0,none,0.0,practice_test,814.0,beginner,0,0,0.0,0,0,0.0,0,0,0.0,0.0391434027516929,0.0,0,61.157529861324136,32,1.0,0.0391434027516929,-1,0,beginner,813,0.0,0,0,0.0,0,0,0.0,-1,medium,medium,Developing,4
s216_t8,216,1,1721600309,ga-q11,general-aptitude,ga-verbal-reasoning,easy,830,low,0.0,reading-comprehension|vocabulary|sentence-correction|para-jumbles,standard,0,0,none,0.0,practice_test,813.0,beginner,0,0,0.0,0,0,0.0,0,0,0.0,0.4755545388793386,0.0,1,59.007339497964736,32,1.0,0.4755545388793386,17,0,beginner,830,0.0,0,0,0.0,0,0,0.0,17,easy,easy,Developing,2
s216_t8,216,1,1721600310,dbms-q55,dbms,dbms-normalization,medium,1400,high,0.0,functional-dependencies|closure-of-attributes|canonical-cover|lossless-join-decomposition|dependency-preservation|first-normal-form|second-normal-form|third-normal-form|boyce-codd-normal-form,standard,0,0,none,0.0,practice_test,830.0,beginner,0,0,0.0,0,0,0.0,0,0,0.0,0.0362223683394562,0.0,0,113.63194771324932,32,1.0,0.0362223683394562,-1,0,beginner,829,0.0,0,0,0.0,0,0,0.0,-1,medium,medium,Developing,4
s216_t8,216,1,1721600311,ds-q312,probability-statistics,probability,easy,890,low,0.0,sample-spaces|events|conditional-probability|independence,standard,0,0,none,0.0,practice_test,829.0,beginner,0,0,0.0,0,0,0.0,0,0,0.0,0.4131049766208999,0.0,1,139.25724620657405,32,1.0,0.4131049766208999,19,0,beginner,848,0.0,0,0,0.0,0,0,0.0,19,easy,easy,Developing,2
s216_t8,216,1,1721600312,ds-q255,probability-statistics,probability,medium,1050,medium,0.0,sample-spaces|events|conditional-probability|independence,standard,0,0,none,0.0,practice_test,848.0,beginner,0,0,0.0,0,0,0.0,0,0,0.0,0.238157890082064,0.0,0,141.5064775933273,32,1.0,0.238157890082064,-8,0,beginner,840,0.0,0,0,0.0,0,0,0.0,-8,medium,medium,Developing,2
s216_t8,216,1,1721600313,dsa-q59,programming-dsa,dsa-trees,medium,1390,high,0.0,binary-trees|bst|tree-traversal|balanced-trees,standard,0,0,none,0.0,practice_test,840.0,beginner,0,0,0.0,0,0,0.0,0,0,0.0,0.0404633260323643,0.0,0,70.08012996548358,32,1.0,0.0404633260323643,-1,0,beginner,839,0.0,0,0,0.0,0,0,0.0,-1,medium,medium,Developing,4
s216_t8,216,1,1721600314,dbms-q12,dbms,dbms-sql,easy,940,medium,0.0,select|joins|group-by|aggregation,standard,0,0,none,0.0,practice_test,839.0,beginner,0,0,0.0,0,0,0.0,0,0,0.0,0.358609888044382,0.0,0,28.696514945026347,32,1.0,0.358609888044382,-11,0,beginner,828,0.0,0,0,0.0,0,0,0.0,-11,easy,easy,Developing,2
s216_t8,216,1,1721600315,ai-q47,artificial-intelligence,ai-logic,medium,1020,medium,0.0,propositional-logic|syntax-semantics|truth-tables|validity-satisfiability|inference-rules|soundness-completeness|predicate-logic|first-order-logic|quantifiers|unification|resolution,standard,0,0,none,0.0,practice_test,828.0,beginner,0,0,0.0,0,0,0.0,0,0,0.0,0.2487592064662893,0.0,0,52.0425449333326,32,1.0,0.2487592064662893,-8,0,beginner,820,0.0,0,0,0.0,0,0,0.0,-8,medium,medium,Developing,2
s216_t8,216,1,1721600316,dsa-q69,programming-dsa,dsa-complexity,medium,1170,medium,0.0,time-complexity|space-complexity|big-o-notation,standard,0,0,none,0.0,practice_test,820.0,beginner,0,0,0.0,0,0,0.0,0,0,0.0,0.1176617029530585,0.0,0,104.79909521137922,32,1.0,0.1176617029530585,-4,0,beginner,816,0.0,0,0,0.0,0,0,0.0,-4,medium,medium,Developing,4
s216_t8,216,1,1721600317,ps-q55,probability-statistics,ps-probability,medium,1220,medium,0.0,basic-probability|bayes-theorem|conditional-probability|independence|random-variables,standard,0,0,none,0.0,practice_test,816.0,beginner,0,0,0.0,0,0,0.0,0,0,0.0,0.0890239685346547,0.0,0,64.99484119584898,32,1.0,0.0890239685346547,-3,0,beginner,813,0.0,0,0,0.0,0,0,0.0,-3,medium,medium,Developing,4
s216_t8,216,1,1721600318,co-q77,calculus-optimization,co-optimization,medium,1120,medium,0.0,critical-points|extrema|optimization|lagrange-multipliers|convexity|gradient-descent,standard,0,0,none,0.0,practice_test,813.0,beginner,0,0,0.0,0,0,0.0,0,0,0.0,0.1458866380543756,0.0,0,113.02781562602568,32,1.0,0.1458866380543756,-5,0,beginner,808,0.0,0,0,0.0,0,0,0.0,-5,medium,medium,Developing,4
s216_t8,216,1,1721600319,ds-q31,dbms,dbms,medium,1430,high,0.0,database-fundamentals|acid-properties|transactions,standard,0,0,none,0.0,practice_test,808.0,beginner,0,0,0.0,0,0,0.0,0,0,0.0,0.0271060055283036,0.0,0,94.56811948227964,32,1.0,0.0271060055283036,-1,0,beginner,807,0.0,0,0,0.0,0,0,0.0,-1,medium,medium,Developing,6
s216_t8,216,1,1721600320,ds-q175,artificial-intelligence,algorithms,medium,1240,medium,0.0,sorting|searching|dynamic-programming|greedy,standard,0,0,none,0.0,practice_test,807.0,beginner,0,0,0.0,0,0,0.0,0,0,0.0,0.076382221291846,0.0,0,52.30106384375828,32,1.0,0.076382221291846,-2,0,beginner,805,0.0,0,0,0.0,0,0,0.0,-2,medium,medium,Developing,4
s216_t8,216,1,1721600321,ps-q16,probability-statistics,ps-distributions,medium,1200,medium,0.0,probability-distributions|cumulative-distribution|expected-value,standard,0,0,none,0.0,practice_test,805.0,beginner,0,0,0.0,0,0,0.0,0,0,0.0,0.0933159683384805,0.0,0,79.92183590292221,32,1.0,0.0933159683384805,-3,0,beginner,802,0.0,0,0,0.0,0,0,0.0,-3,medium,medium,Developing,4
s216_t8,216,1,1721600322,ds-q120,probability-statistics,probability,medium,1020,medium,0.0,sample-spaces|events|conditional-probability|independence,standard,0,0,none,0.0,practice_test,802.0,beginner,0,0,0.0,0,0,0.0,0,0,0.0,0.2218515457808675,0.0,0,47.647128409252254,32,1.0,0.2218515457808675,-7,0,beginner,795,0.0,0,0,0.0,0,0,0.0,-7,medium,medium,Developing,2
s216_t8,216,1,1721600323,dsa-q57,programming-dsa,dsa-trees,hard,2480,high,0.0,binary-trees|bst|tree-traversal|balanced-trees,standard,0,0,none,0.0,practice_test,795.0,beginner,0,0,0.0,0,0,0.0,0,0,0.0,6.130182107133431e-05,0.0,0,118.24523618886953,32,1.0,6.130182107133431e-05,0,0,beginner,795,0.0,0,0,0.0,0,0,0.0,0,hard,hard,Developing,10
s216_t8,216,1,1721600324,ds-q368,machine-learning,machine-learning,medium,1150,medium,0.0,supervised|unsupervised|reinforcement|evaluation,standard,0,0,none,0.0,practice_test,795.0,beginner,0,0,0.0,0,0,0.0,0,0,0.0,0.1147063239459211,0.0,0,42.90162686444892,32,1.0,0.1147063239459211,-4,0,beginner,791,0.0,0,0,0.0,0,0,0.0,-4,medium,medium,Developing,4
s216_t8,216,1,1721600325,ps-q3,probability-statistics,prob-distributions,medium,1040,medium,0.0,binomial|normal|poisson|exponential,standard,0,0,none,0.0,practice_test,791.0,beginner,0,0,0.0,0,0,0.0,0,0,0.0,0.1925758183287207,0.0,0,68.5391876008066,32,1.0,0.1925758183287207,-6,0,beginner,785,0.0,0,0,0.0,0,0,0.0,-6,medium,medium,Developing,2
s216_t8,216,1,1721600326,dsa-q54,programming-dsa,dsa-trees,easy,920,medium,0.0,binary-trees|bst|tree-traversal|balanced-trees,standard,0,0,none,0.0,practice_test,785.0,beginner,0,0,0.0,0,0,0.0,0,0,0.0,0.3149403910066497,0.0,0,58.44464878331147,32,1.0,0.3149403910066497,-10,0,beginner,775,0.0,0,0,0.0,0,0,0.0,-10,easy,easy,Developing,2
s216_t8,216,1,1721600327,ml-q70,machine-learning,ml-supervised,medium,1230,medium,0.0,linear-regression|logistic-regression|decision-trees|svm,standard,0,0,none,0.0,practice_test,775.0,beginner,0,0,0.0,0,0,0.0,0,0,0.0,0.0679135152972564,0.0,0,64.3675165476556,32,1.0,0.0679135152972564,-2,0,beginner,773,0.0,0,0,0.0,0,0,0.0,-2,medium,medium,Developing,4
s216_t8,216,1,1721600328,dsa-q61,programming-dsa,dsa-trees,medium,1190,medium,0.0,binary-trees|bst|tree-traversal|balanced-trees,standard,0,0,none,0.0,practice_test,773.0,beginner,0,0,0.0,0,0,0.0,0,0,0.0,0.0831387724042701,0.0,0,54.01456228585037,32,1.0,0.0831387724042701,-3,0,beginner,770,0.0,0,0,0.0,0,0,0.0,-3,medium,medium,Developing,4
s216_t8,216,1,1721600329,co-q3,calculus-optimization,co-differentiation,easy,730,low,0.0,derivatives|chain-rule|product-rule|critical-points,standard,0,0,none,0.0,practice_test,770.0,beginner,0,0,0.0,0,0,0.0,0,0,0.0,0.5573116337622928,0.0,1,102.62365592768742,32,1.0,0.5573116337622928,14,0,beginner,784,0.0,0,0,0.0,0,0,0.0,14,easy,easy,Developing,2
s216_t8,216,1,1721600330,co-q40,calculus-optimization,co-integration,easy,730,low,0.0,definite-integrals|indefinite-integrals|integration-by-parts|u-substitution|fundamental-theorem,standard,0,0,none,0.0,practice_test,784.0,beginner,0,0,0.0,0,0,0.0,0,0,0.0,0.577092475825329,0.0,1,30.33961603227601,32,1.0,0.577092475825329,14,0,beginner,798,0.0,0,0,0.0,0,0,0.0,14,easy,easy,Developing,2
s216_t8,216,1,1721600331,ga-q17,general-aptitude,ga-quantitative-aptitude,medium,1290,medium,0.0,arithmetic|algebra|geometry|permutations|combinations,standard,0,0,none,0.0,practice_test,798.0,beginner,0,0,0.0,0,0,0.0,0,0,0.0,0.0556098167582033,0.0,0,34.50732425223975,32,1.0,0.0556098167582033,-2,0,beginner,796,0.0,0,0,0.0,0,0,0.0,-2,medium,medium,Developing,4
s216_t8,216,1,1721600332,ga-q16,general-aptitude,ga-verbal-reasoning,medium,1010,medium,0.0,reading-comprehension|vocabulary|sentence-correction|para-jumbles,standard,0,0,none,0.0,practice_test,796.0,beginner,0,0,0.0,0,0,0.0,0,0,0.0,0.2258520222981693,0.0,0,79.95456830991107,32,1.0,0.2258520222981693,-7,0,beginner,789,0.0,0,0,0.0,0,0,0.0,-7,medium,medium,Developing,2
s216_t8,216,1,1721600333,dsa-q14,programming-dsa,dsa-trees,medium,1240,medium,0.0,binary-trees|bst|tree-traversal|balanced-trees,standard,0,0,none,0.0,practice_test,789.0,beginner,0,0,0.0,0,0,0.0,0,0,0.0,0.0693856624817454,0.0,0,95.40971283418776,32,1.0,0.0693856624817454,-2,0,beginner,787,0.0,0,0,0.0,0,0,0.0,-2,medium,medium,Developing,4
s216_t8,216,1,1721600334,la-45,linear-algebra,la-eigenvalues,medium,1210,medium,0.0,,standard,0,0,none,0.0,practice_test,787.0,beginner,0,0,0.0,0,0,0.0,0,0,0.0,0.0805436175730882,0.0,0,84.13001092470697,32,1.0,0.0805436175730882,-3,0,beginner,784,0.0,0,0,0.0,0,0,0.0,-3,medium,medium,Developing,4
s216_t8,216,1,1721600335,ds-q68,artificial-intelligence,quantitative-aptitude,easy,740,low,0.0,numbers|algebra|geometry|probability,standard,0,0,none,0.0,practice_test,784.0,beginner,0,0,0.0,0,0,0.0,0,0,0.0,0.5629847281035958,0.0,1,74.22240146844591,32,1.0,0.5629847281035958,14,0,beginner,798,0.0,0,0,0.0,0,0,0.0,14,easy,easy,Developing,2
s216_t8,216,1,1721600336,la-27,linear-algebra,la-matrices,medium,1210,medium,0.0,,standard,0,0,none,0.0,practice_test,798.0,beginner,0,0,0.0,0,0,0.0,0,0,0.0,0.0853592420994872,0.0,0,124.7354587466901,32,1.0,0.0853592420994872,-3,0,beginner,795,0.0,0,0,0.0,0,0,0.0,-3,medium,medium,Developing,4
s216_t8,216,1,1721600337,ds-q234,artificial-intelligence,algorithms,medium,1450,high,0.0,sorting|searching|dynamic-programming|greedy,standard,0,0,none,0.0,practice_test,795.0,beginner,0,0,0.0,0,0,0.0,0,0,0.0,0.0225220018967874,0.0,0,39.15000918439264,32,1.0,0.0225220018967874,-1,0,beginner,794,0.0,0,0,0.0,0,0,0.0,-1,medium,medium,Developing,6
s216_t8,216,1,1721600338,ga-q29,general-aptitude,ga-logical-reasoning,easy,800,low,0.0,syllogisms|logical-deduction|critical-reasoning,standard,0,0,none,0.0,practice_test,794.0,beginner,0,0,0.0,0,0,0.0,0,0,0.0,0.4913661641789174,0.0,0,87.60654731412066,32,1.0,0.4913661641789174,-16,0,beginner,778,0.0,0,0,0.0,0,0,0.0,-16,easy,easy,Developing,2
s216_t8,216,1,1721600339,ds-q371,artificial-intelligence,regularization,medium,1460,high,0.0,l1-regularization|l2-regularization|dropout,standard,0,0,none,0.0,practice_test,778.0,beginner,0,0,0.0,0,0,0.0,0,0,0.0,0.0193427074025602,0.0,0,79.56871920587514,32,1.0,0.0193427074025602,-1,0,beginner,777,0.0,0,0,0.0,0,0,0.0,-1,medium,medium,Developing,6
s216_t8,216,1,1721600340,ds-q21,machine-learning,machine-learning,medium,1180,medium,0.0,supervised|unsupervised|reinforcement|evaluation,standard,0,0,none,0.0,practice_test,777.0,beginner,0,0,0.0,0,0,0.0,0,0,0.0,0.0894919159507723,0.0,0,68.94188068693398,32,1.0,0.0894919159507723,-3,0,beginner,774,0.0,0,0,0.0,0,0,0.0,-3,medium,medium,Developing,4
s216_t8,216,1,1721600341,ga-q3,general-aptitude,ga-quantitative-aptitude,easy,820,low,0.0,arithmetic|algebra|geometry|permutations|combinations,standard,0,0,none,0.0,practice_test,774.0,beginner,0,0,0.0,0,0,0.0,0,0,0.0,0.4341847969307668,0.0,0,114.34684452930298,32,1.0,0.4341847969307668,-14,0,beginner,760,0.0,0,0,0.0,0,0,0.0,-14,easy,easy,Developing,2
s216_t8,216,1,1721600342,ga-q28,general-aptitude,ga-logical-reasoning,medium,1010,medium,0.0,syllogisms|logical-deduction|critical-reasoning,standard,0,0,none,0.0,practice_test,760.0,beginner,0,0,0.0,0,0,0.0,0,0,0.0,0.1916823274505414,0.0,0,36.97178362466734,32,1.0,0.1916823274505414,-6,0,beginner,754,0.0,0,0,0.0,0,0,0.0,-6,medium,medium,Developing,2
s216_t8,216,1,1721600343,ga-q5,general-aptitude,ga-logical-reasoning,easy,700,low,0.0,syllogisms|logical-deduction|critical-reasoning,standard,0,0,none,0.0,practice_test,754.0,beginner,0,0,0.0,0,0,0.0,0,0,0.0,0.577092475825329,0.0,0,47.53374275468515,32,1.0,0.577092475825329,-18,0,beginner,736,0.0,0,0,0.0,0,0,0.0,-18,easy,easy,Developing,2
s216_t8,216,1,1721600344,dsa-q32,programming-dsa,dsa-arrays,medium,1250,medium,0.0,array-operations|indexing|searching|sorting,standard,0,0,none,0.0,practice_test,736.0,beginner,0,0,0.0,0,0,0.0,0,0,0.0,0.0493212188661194,0.0,0,37.7443419454814,32,1.0,0.0493212188661194,-2,0,beginner,734,0.0,0,0,0.0,0,0,0.0,-2,medium,medium,Developing,4
s216_t8,216,1,1721600345,la-q39,linear-algebra,la-matrices,medium,1410,high,0.0,addition|scalar-multiplication|matrix-multiplication|determinants|minors|cofactors|symmetric|orthogonal,standard,0,0,none,0.0,practice_test,734.0,beginner,0,0,0.0,0,0,0.0,0,0,0.0,0.0200088511406639,0.0,0,140.79307121256193,32,1.0,0.0200088511406639,-1,0,beginner,733,0.0,0,0,0.0,0,0,0.0,-1,medium,medium,Developing,4
s216_t8,216,1,1721600346,ga-q23,general-aptitude,ga-logical-reasoning,easy,790,low,0.0,syllogisms|logical-deduction|critical-reasoning,standard,0,0,none,0.0,practice_test,733.0,beginner,0,0,0.0,0,0,0.0,0,0,0.0,0.418698521631085,0.0,0,69.47839628728732,32,1.0,0.418698521631085,-13,0,beginner,720,0.0,0,0,0.0,0,0,0.0,-13,easy,easy,Developing,2
s216_t8,216,1,1721600347,la-q54,linear-algebra,la-eigenvalues,hard,1520,high,0.0,eigenvalues|eigenvectors|diagonalization|spectral-theorem,standard,0,0,none,0.0,practice_test,720.0,beginner,0,0,0.0,0,0,0.0,0,0,0.0,0.0099009900990099,0.0,0,90.04434390662016,32,1.0,0.0099009900990099,0,0,beginner,720,0.0,0,0,0.0,0,0,0.0,0,hard,hard,Developing,6
s216_t8,216,1,1721600348,dsa-q68,programming-dsa,dsa-complexity,easy,980,medium,0.0,time-complexity|space-complexity|big-o-notation,standard,0,0,none,0.0,practice_test,720.0,beginner,0,0,0.0,0,0,0.0,0,0,0.0,0.1829211658000257,0.0,0,82.06370163438339,32,1.0,0.1829211658000257,-6,0,beginner,714,0.0,0,0,0.0,0,0,0.0,-6,easy,easy,Developing,2
s216_t8,216,1,1721600349,ga-q10,general-aptitude,ga-logical-reasoning,easy,760,low,0.0,syllogisms|logical-deduction|critical-reasoning,standard,0,0,none,0.0,practice_test,714.0,beginner,0,0,0.0,0,0,0.0,0,0,0.0,0.4341847969307668,0.0,0,98.37858438449632,32,1.0,0.4341847969307668,-14,0,beginner,700,0.0,0,0,0.0,0,0,0.0,-14,easy,easy,Developing,2
s216_t8,216,1,1721600350,ml-q11,machine-learning,ml-supervised,easy,890,low,0.0,linear-regression|logistic-regression|decision-trees|svm,standard,0,0,none,0.0,practice_test,700.0,beginner,0,0,0.0,0,0,0.0,0,0,0.0,0.2509169371224644,0.0,0,96.52361206838653,32,1.0,0.2509169371224644,-8,0,beginner,692,0.0,0,0,0.0,0,0,0.0,-8,easy,easy,Developing,2
s216_t8,216,1,1721600351,ds-q456,dbms,dbms,medium,1160,medium,0.0,database-fundamentals|acid-properties|transactions,standard,0,0,none,0.0,practice_test,692.0,beginner,0,0,0.0,0,0,0.0,0,0,0.0,0.0633268753109479,0.0,0,30.662849866071248,32,1.0,0.0633268753109479,-2,0,beginner,690,0.0,0,0,0.0,0,0,0.0,-2,medium,medium,Developing,4
s216_t8,216,1,1721600352,dsa-q78,programming-dsa,dsa-complexity,easy,770,low,0.0,time-complexity|space-complexity|big-o-notation,standard,0,0,none,0.0,practice_test,690.0,beginner,0,0,0.0,0,0,0.0,0,0,0.0,0.3868631798468569,0.0,0,127.46080306883636,32,1.0,0.3868631798468569,-12,0,beginner,678,0.0,0,0,0.0,0,0,0.0,-12,easy,easy,Developing,2
s216_t8,216,1,1721600353,ml-q59,machine-learning,ml-supervised,medium,1440,high,0.0,linear-regression|logistic-regression|decision-trees|svm,standard,0,0,none,0.0,practice_test,678.0,beginner,0,0,0.0,0,0,0.0,0,0,0.0,0.0122921682872751,0.0,0,102.3851918572361,32,1.0,0.0122921682872751,0,0,beginner,678,0.0,0,0,0.0,0,0,0.0,0,medium,medium,Developing,6
s216_t8,216,1,1721600354,la-30,linear-algebra,la-matrices,medium,1210,medium,0.0,,standard,0,0,none,0.0,practice_test,678.0,beginner,0,0,0.0,0,0,0.0,0,0,0.0,0.0446835093717972,0.0,0,14.210975265952255,32,1.0,0.0446835093717972,-1,0,beginner,677,0.0,0,0,0.0,0,0,0.0,-1,medium,medium,Developing,4
s216_t8,216,1,1721600355,dsa-q4,programming-dsa,dsa-complexity,easy,960,medium,0.0,time-complexity|space-complexity|big-o-notation,standard,0,0,none,0.0,practice_test,677.0,beginner,0,0,0.0,0,0,0.0,0,0,0.0,0.163956574457953,0.0,1,130.26017318505578,32,1.0,0.163956574457953,27,0,beginner,704,0.0,0,0,0.0,0,0,0.0,27,easy,easy,Developing,2
s216_t8,216,1,1721600356,ds-q79,calculus-optimization,calculus,easy,910,medium,0.0,derivatives|integrals|limits|continuity,standard,0,0,none,0.0,practice_test,704.0,beginner,0,0,0.0,0,0,0.0,0,0,0.0,0.2340053292335112,0.0,0,40.97855468928663,32,1.0,0.2340053292335112,-7,0,beginner,697,0.0,0,0,0.0,0,0,0.0,-7,easy,easy,Developing,2
s216_t8,216,1,1721600357,ps-q69,probability-statistics,ps-distributions,medium,1490,high,0.0,normal-distribution|binomial-distribution|poisson-distribution|cumulative-distribution|expected-value|variance,standard,0,0,none,0.0,practice_test,697.0,beginner,0,0,0.0,0,0,0.0,0,0,0.0,0.0103039052528535,0.0,0,36.54015422357215,32,1.0,0.0103039052528535,0,0,beginner,697,0.0,0,0,0.0,0,0,0.0,0,medium,medium,Developing,6
s216_t8,216,1,1721600358,la-37,linear-algebra,la-eigenvalues,hard,1510,high,0.0,,standard,0,0,none,0.0,practice_test,697.0,beginner,0,0,0.0,0,0,0.0,0,0,0.0,0.0091936670950476,0.0,1,106.76982983102673,32,1.0,0.0091936670950476,32,0,beginner,729,0.0,0,0,0.0,0,0,0.0,32,hard,hard,Developing,6
s216_t8,216,1,1721600359,co-q26,calculus-optimization,co-differentiation,easy,780,low,0.0,partial-derivatives|chain-rule|product-rule|critical-points|gradients|implicit-differentiation,standard,0,0,none,0.0,practice_test,729.0,beginner,0,0,0.0,0,0,0.0,0,0,0.0,0.4271277486054956,0.0,0,67.07746814079226,32,1.0,0.4271277486054956,-14,0,beginner,715,0.0,0,0,0.0,0,0,0.0,-14,easy,easy,Developing,2
s216_t8,216,1,1721600360,dsa-q47,programming-dsa,dsa-trees,medium,1280,medium,0.0,binary-trees|bst|tree-traversal|balanced-trees,standard,0,0,none,0.0,practice_test,715.0,beginner,0,0,0.0,0,0,0.0,0,0,0.0,0.0372406906564285,0.0,0,29.07735172151547,32,1.0,0.0372406906564285,-1,0,beginner,714,0.0,0,0,0.0,0,0,0.0,-1,medium,medium,Developing,4
s216_t8,216,1,1721600361,dsa-q33,programming-dsa,dsa-arrays,medium,1010,medium,0.0,array-operations|indexing|searching|sorting,standard,0,0,none,0.0,practice_test,714.0,beginner,0,0,0.0,0,0,0.0,0,0,0.0,0.1539548995679052,0.0,0,140.17655178033243,32,1.0,0.1539548995679052,-5,0,beginner,709,0.0,0,0,0.0,0,0,0.0,-5,medium,medium,Developing,2
s216_t8,216,1,1721600362,ds-q365,machine-learning,machine-learning,medium,1360,high,0.0,supervised|unsupervised|reinforcement|evaluation,standard,0,0,none,0.0,practice_test,709.0,beginner,0,0,0.0,0,0,0.0,0,0,0.0,0.0230345226915705,0.0,0,42.0793409451271,32,1.0,0.0230345226915705,-1,0,beginner,708,0.0,0,0,0.0,0,0,0.0,-1,medium,medium,Developing,4
s216_t8,216,1,1721600363,dsa-q37,programming-dsa,dsa-arrays,hard,1620,high,0.0,array-operations|indexing|searching|sorting,standard,0,0,none,0.0,practice_test,708.0,beginner,0,0,0.0,0,0,0.0,0,0,0.0,0.0052206761048241,0.0,1,73.55859638193256,32,1.0,0.0052206761048241,32,0,beginner,740,0.0,0,0,0.0,0,0,0.0,32,hard,hard,Developing,6
s216_t8,216,1,1721600364,la-q38,linear-algebra,la-matrices,medium,1390,high,0.0,addition|scalar-multiplication|matrix-multiplication|determinants|minors|cofactors|symmetric|orthogonal,standard,0,0,none,0.0,practice_test,740.0,beginner,0,0,0.0,0,0,0.0,0,0,0.0,0.0231644220432152,0.0,0,124.57662546097224,32,1.0,0.0231644220432152,-1,0,beginner,739,0.0,0,0,0.0,0,0,0.0,-1,medium,medium,Developing,4
s216_t8,216,1,1721600365,ga-q6,general-aptitude,ga-logical-reasoning,medium,1340,high,0.0,syllogisms|logical-deduction|critical-reasoning,standard,0,0,none,0.0,practice_test,739.0,beginner,0,0,0.0,0,0,0.0,0,0,0.0,0.0304828450187082,0.0,0,126.21118404652732,32,1.0,0.0304828450187082,-1,0,beginner,738,0.0,0,0,0.0,0,0,0.0,-1,medium,medium,Developing,4
s216_t8,216,1,1721600366,ga-q30,general-aptitude,ga-logical-reasoning,medium,1130,medium,0.0,syllogisms|logical-deduction|critical-reasoning,standard,0,0,none,0.0,practice_test,738.0,beginner,0,0,0.0,0,0,0.0,0,0,0.0,0.0947873959731961,0.0,0,48.18723996278071,32,1.0,0.0947873959731961,-3,0,beginner,735,0.0,0,0,0.0,0,0,0.0,-3,medium,medium,Developing,4
s216_t8,216,1,1721600367,ps-q48,probability-statistics,ps-probability,medium,1060,medium,0.0,basic-probability|bayes-theorem|conditional-probability|independence|random-variables,standard,0,0,none,0.0,practice_test,735.0,beginner,0,0,0.0,0,0,0.0,0,0,0.0,0.1334433562104599,0.0,0,24.54889176132402,32,1.0,0.1334433562104599,-4,0,beginner,731,0.0,0,0,0.0,0,0,0.0,-4,medium,medium,Developing,4
s216_t8,216,1,1721600368,ml-q71,machine-learning,ml-supervised,medium,1090,medium,0.0,linear-regression|logistic-regression|decision-trees|svm,standard,0,0,none,0.0,practice_test,731.0,beginner,0,0,0.0,0,0,0.0,0,0,0.0,0.1123887401401455,0.0,0,98.7848614198324,32,1.0,0.1123887401401455,-4,0,beginner,727,0.0,0,0,0.0,0,0,0.0,-4,medium,medium,Developing,4
s216_t8,216,1,1721600369,ds-q377,probability-statistics,probability,easy,970,medium,0.0,sample-spaces|events|conditional-probability|independence,standard,0,0,none,0.0,practice_test,727.0,beginner,0,0,0.0,0,0,0.0,0,0,0.0,0.1980033558855668,0.0,0,105.40191066978473,32,1.0,0.1980033558855668,-6,0,beginner,721,0.0,0,0,0.0,0,0,0.0,-6,easy,easy,Developing,2
s218_t3,218,0,1721800070,ps-q39,probability-statistics,ps-probability,medium,1170,medium,0.0,basic-probability|bayes-theorem|conditional-probability|independence|random-variables,standard,0,0,none,0.0,practice_test,1012.0,beginner,0,0,0.0,0,0,0.0,0,0,0.0,0.287097842594546,0.0,0,147.6534950728061,32,1.0,0.287097842594546,-9,0,beginner,1003,0.0,0,0,0.0,0,0,0.0,-9,medium,medium,Developing,4
s218_t3,218,0,1721800071,dsa-q10,programming-dsa,dsa-trees,medium,1200,medium,0.0,binary-trees|bst|tree-traversal|balanced-trees,standard,0,0,none,0.0,practice_test,1003.0,beginner,0,0,0.0,0,0,0.0,0,0,0.0,0.2434194057049472,0.0,0,49.55524822669703,32,1.0,0.2434194057049472,-8,0,beginner,995,0.0,0,0,0.0,0,0,0.0,-8,medium,medium,Developing,4
s218_t3,218,0,1721800072,ga-q2,general-aptitude,ga-quantitative-aptitude,easy,860,low,0.0,arithmetic|algebra|geometry|permutations|combinations,standard,0,0,none,0.0,practice_test,995.0,beginner,0,0,0.0,0,0,0.0,0,0,0.0,0.6850596089933503,0.0,1,86.73041289996142,32,1.0,0.6850596089933503,10,0,beginner,1005,0.0,0,0,0.0,0,0,0.0,10,easy,easy,Developing,2
s218_t3,218,0,1721800073,ml-q22,general-aptitude,unknown,easy,1340,high,0.0,,standard,0,0,none,0.0,practice_test,1005.0,beginner,0,0,0.0,0,0,0.0,0,0,0.0,0.1269261177497304,0.0,0,139.61369857142984,32,1.0,0.1269261177497304,-4,0,beginner,1001,0.0,0,0,0.0,0,0,0.0,-4,easy,easy,Developing,4
s218_t3,218,0,1721800074,dsa-q50,programming-dsa,dsa-trees,medium,1180,medium,0.0,binary-trees|bst|tree-traversal|balanced-trees,standard,0,0,none,0.0,practice_test,1001.0,beginner,0,0,0.0,0,0,0.0,0,0,0.0,0.2630052394593107,0.0,0,51.9142077315385,32,1.0,0.2630052394593107,-8,0,beginner,993,0.0,0,0,0.0,0,0,0.0,-8,medium,medium,Developing,4
s218_t3,218,0,1721800075,ga-q14,general-aptitude,ga-logical-reasoning,easy,850,low,0.0,syllogisms|logical-deduction|critical-reasoning,standard,0,0,none,0.0,practice_test,993.0,beginner,0,0,0.0,0,0,0.0,0,0,0.0,0.6949097127295025,0.0,0,78.54028973724513,32,1.0,0.6949097127295025,-22,0,beginner,971,0.0,0,0,0.0,0,0,0.0,-22,easy,easy,Developing,2
s218_t3,218,0,1721800076,ds-q113,artificial-intelligence,ai,medium,1150,medium,0.0,search|logic|reasoning,standard,0,0,none,0.0,practice_test,971.0,beginner,0,0,0.0,0,0,0.0,0,0,0.0,0.2630052394593107,0.0,0,38.83740652388692,32,1.0,0.2630052394593107,-8,0,beginner,963,0.0,0,0,0.0,0,0,0.0,-8,medium,medium,Developing,4
s218_t3,218,0,1721800077,dsa-q69,programming-dsa,dsa-complexity,medium,1170,medium,0.0,time-complexity|space-complexity|big-o-notation,standard,0,0,none,0.0,practice_test,963.0,beginner,0,0,0.0,0,0,0.0,0,0,0.0,0.2329750818549787,0.0,0,129.7123626182289,32,1.0,0.2329750818549787,-7,0,beginner,956,0.0,0,0,0.0,0,0,0.0,-7,medium,medium,Developing,4
s218_t3,218,0,1721800078,ga-q6,general-aptitude,ga-logical-reasoning,medium,1340,high,0.0,syllogisms|logical-deduction|critical-reasoning,standard,0,0,none,0.0,practice_test,956.0,beginner,0,0,0.0,0,0,0.0,0,0,0.0,0.0988131708783323,0.0,0,116.85598159858328,32,1.0,0.0988131708783323,-3,0,beginner,953,0.0,0,0,0.0,0,0,0.0,-3,medium,medium,Developing,4
s218_t3,218,0,1721800079,ps-q88,probability-statistics,ps-hypothesis,easy,850,low,0.0,hypothesis-testing|p-value|type-I-error|type-II-error|t-test|significance-level,standard,0,0,none,0.0,practice_test,953.0,beginner,0,0,0.0,0,0,0.0,0,0,0.0,0.6440338538222926,0.0,0,67.5010795308435,32,1.0,0.6440338538222926,-21,0,beginner,932,0.0,0,0,0.0,0,0,0.0,-21,easy,easy,Developing,2
s218_t3,218,0,1721800080,ga-q10,general-aptitude,ga-logical-reasoning,easy,760,low,0.0,syllogisms|logical-deduction|critical-reasoning,standard,0,0,none,0.0,practice_test,932.0,beginner,0,0,0.0,0,0,0.0,0,0,0.0,0.7291099628977525,0.0,0,41.2677064276928,32,1.0,0.7291099628977525,-23,0,beginner,909,0.0,0,0,0.0,0,0,0.0,-23,easy,easy,Developing,2
s218_t3,218,0,1721800081,ml-q117,machine-learning,ml-unsupervised,medium,1090,medium,0.0,clustering|k-means|hierarchical-clustering|dimensionality-reduction|pca,standard,0,0,none,0.0,practice_test,909.0,beginner,0,0,0.0,0,0,0.0,0,0,0.0,0.2607797458593321,0.0,0,30.331124898197416,32,1.0,0.2607797458593321,-8,0,beginner,901,0.0,0,0,0.0,0,0,0.0,-8,medium,medium,Developing,4
s218_t3,218,0,1721800082,la-q15,linear-algebra,la-eigenvalues,hard,1700,high,0.0,eigenvalues|eigenvectors|diagonalization|spectral-theorem,standard,0,0,none,0.0,practice_test,901.0,beginner,0,0,0.0,0,0,0.0,0,0,0.0,0.0099575799729228,0.0,1,51.08193421503369,32,1.0,0.0099575799729228,32,0,beginner,933,0.0,0,0,0.0,0,0,0.0,32,hard,hard,Developing,6
s218_t3,218,0,1721800083,la-q40,linear-algebra,la-matrices,hard,2090,high,0.0,addition|scalar-multiplication|matrix-multiplication|determinants|minors|cofactors|symmetric|orthogonal,standard,0,0,none,0.0,practice_test,933.0,beginner,0,0,0.0,0,0,0.0,0,0,0.0,0.0012792166034327,0.0,1,79.05565511130649,32,1.0,0.0012792166034327,32,0,beginner,965,0.0,0,0,0.0,0,0,0.0,32,hard,hard,Developing,8
s218_t3,218,0,1721800084,ga-q25,general-aptitude,ga-verbal-reasoning,easy,860,low,0.0,reading-comprehension|vocabulary|sentence-correction|para-jumbles,standard,0,0,none,0.0,practice_test,965.0,beginner,0,0,0.0,0,0,0.0,0,0,0.0,0.6466688423256146,0.0,1,68.45050663721419,32,1.0,0.6466688423256146,11,0,beginner,976,0.0,0,0,0.0,0,0,0.0,11,easy,easy,Developing,2
s218_t3,218,0,1721800085,ga-q28,general-aptitude,ga-logical-reasoning,medium,1010,medium,0.0,syllogisms|logical-deduction|critical-reasoning,standard,0,0,none,0.0,practice_test,976.0,beginner,0,0,0.0,0,0,0.0,0,0,0.0,0.4512256641402582,0.0,0,45.189684052301466,32,1.0,0.4512256641402582,-14,0,beginner,962,0.0,0,0,0.0,0,0,0.0,-14,medium,medium,Developing,2
s218_t3,218,0,1721800086,ml-q7,machine-learning,ml-supervised,easy,960,medium,0.0,linear-regression|logistic-regression|decision-trees|svm,standard,0,0,none,0.0,practice_test,962.0,beginner,0,0,0.0,0,0,0.0,0,0,0.0,0.502878199574811,0.0,1,139.99018990773928,32,1.0,0.502878199574811,16,0,beginner,978,0.0,0,0,0.0,0,0,0.0,16,easy,easy,Developing,2
s218_t3,218,0,1721800087,ds-q215,probability-statistics,probability,easy,870,low,0.0,sample-spaces|events|conditional-probability|independence,standard,0,0,none,0.0,practice_test,978.0,beginner,0,0,0.0,0,0,0.0,0,0,0.0,0.6506046279338725,0.0,1,117.41974413694324,32,1.0,0.6506046279338725,11,0,beginner,989,0.0,0,0,0.0,0,0,0.0,11,easy,easy,Developing,2
s218_t3,218,0,1721800088,ds-q260,artificial-intelligence,verbal-reasoning,easy,970,medium,0.0,comprehension|sentence-correction|para-jumbles,standard,0,0,none,0.0,practice_test,989.0,beginner,0,0,0.0,0,0,0.0,0,0,0.0,0.527315973006493,0.0,0,17.770086761361178,32,1.0,0.527315973006493,-17,0,beginner,972,0.0,0,0,0.0,0,0,0.0,-17,easy,easy,Developing,2
s218_t3,218,0,1721800089,ml-q93,machine-learning,ml-supervised,hard,2190,high,0.0,linear-regression|logistic-regression|decision-trees|svm|naive-bayes|ensemble-methods,standard,0,0,none,0.0,practice_test,972.0,beginner,0,0,0.0,0,0,0.0,0,0,0.0,0.0009007590392542,0.0,0,83.49159039407327,32,1.0,0.0009007590392542,0,0,beginner,972,0.0,0,0,0.0,0,0,0.0,0,hard,hard,Developing,10
s218_t3,218,0,1721800090,ml-q81,machine-learning,ml-supervised,easy,810,low,0.0,linear-regression|logistic-regression|decision-trees|svm|naive-bayes|ensemble-methods,standard,0,0,none,0.0,practice_test,972.0,beginner,0,0,0.0,0,0,0.0,0,0,0.0,0.7175917231915314,0.0,1,59.71635526779092,32,1.0,0.7175917231915314,9,0,beginner,981,0.0,0,0,0.0,0,0,0.0,9,easy,easy,Developing,2
s218_t3,218,0,1721800091,ga-q1,general-aptitude,ga-verbal-reasoning,easy,800,low,0.0,reading-comprehension|vocabulary|sentence-correction|para-jumbles,standard,0,0,none,0.0,practice_test,981.0,beginner,0,0,0.0,0,0,0.0,0,0,0.0,0.7392202541406678,0.0,1,60.86699868036885,32,1.0,0.7392202541406678,8,0,beginner,989,0.0,0,0,0.0,0,0,0.0,8,easy,easy,Developing,2
s218_t3,218,0,1721800092,dsa-q48,programming-dsa,dsa-trees,medium,1410,high,0.0,binary-trees|bst|tree-traversal|balanced-trees,standard,0,0,none,0.0,practice_test,989.0,beginner,0,0,0.0,0,0,0.0,0,0,0.0,0.0814003505792954,0.0,1,131.70750486418189,32,1.0,0.0814003505792954,29,0,beginner,1018,0.0,0,0,0.0,0,0,0.0,29,medium,medium,Developing,4
s218_t3,218,0,1721800093,dsa-q12,programming-dsa,dsa-trees,easy,880,low,0.0,binary-trees|bst|tree-traversal|balanced-trees,standard,0,0,none,0.0,practice_test,1018.0,beginner,0,0,0.0,0,0,0.0,0,0,0.0,0.6887735686687132,0.0,0,142.37297898384628,32,1.0,0.6887735686687132,-22,0,beginner,996,0.0,0,0,0.0,0,0,0.0,-22,easy,easy,Developing,2
s218_t3,218,0,1721800094,dsa-q26,programming-dsa,dsa-arrays,easy,740,low,0.0,array-operations|indexing|searching|sorting,standard,0,0,none,0.0,practice_test,996.0,beginner,0,0,0.0,0,0,0.0,0,0,0.0,0.8136122105055869,0.0,0,113.6187283075872,32,1.0,0.8136122105055869,-26,0,beginner,970,0.0,0,0,0.0,0,0,0.0,-26,easy,easy,Developing,2
s218_t3,218,0,1721800095,ds-q76,probability-statistics,conditional-probability,medium,1480,high,0.0,bayes-rule|conditional-independence,standard,0,0,none,0.0,practice_test,970.0,beginner,0,0,0.0,0,0,0.0,0,0,0.0,0.0504121422129759,0.0,0,130.67851507459105,32,1.0,0.0504121422129759,-2,0,beginner,968,0.0,0,0,0.0,0,0,0.0,-2,medium,medium,Developing,6
s218_t3,218,0,1721800096,ds-q55,probability-statistics,probability-theory,easy,740,low,0.0,bayes-theorem|permutations|combinations|probability-rules,standard,0,0,none,0.0,practice_test,968.0,beginner,0,0,0.0,0,0,0.0,0,0,0.0,0.7879267680774021,0.0,1,56.1778476894014,32,1.0,0.7879267680774021,7,0,beginner,975,0.0,0,0,0.0,0,0,0.0,7,easy,easy,Developing,2
s218_t3,218,0,1721800097,co-q8,calculus-optimization,co-differentiation,easy,1460,high,0.0,derivatives|chain-rule|product-rule|critical-points,standard,0,0,none,0.0,practice_test,975.0,beginner,0,0,0.0,0,0,0.0,0,0,0.0,0.057764305036753,0.0,1,51.76193989382949,32,1.0,0.057764305036753,30,0,beginner,1005,0.0,0,0,0.0,0,0,0.0,30,easy,easy,Developing,6
s218_t3,218,0,1721800098,dbms-q14,dbms,dbms-sql,medium,1430,high,0.0,select|joins|group-by|aggregation,standard,0,0,none,0.0,practice_test,1005.0,beginner,0,0,0.0,0,0,0.0,0,0,0.0,0.0796951193276405,0.0,0,78.76016674381268,32,1.0,0.0796951193276405,-3,0,beginner,1002,0.0,0,0,0.0,0,0,0.0,-3,medium,medium,Developing,6
s218_t3,218,0,1721800099,ds-q436,probability-statistics,conditional-probability,medium,1210,medium,0.0,bayes-rule|conditional-independence,standard,0,0,none,0.0,practice_test,1002.0,beginner,0,0,0.0,0,0,0.0,0,0,0.0,0.2319479968324159,0.0,0,52.07906907444466,32,1.0,0.2319479968324159,-7,0,beginner,995,0.0,0,0,0.0,0,0,0.0,-7,medium,medium,Developing,4
s218_t3,218,0,1721800100,ml-q3,machine-learning,ml-supervised,easy,980,medium,0.0,linear-regression|logistic-regression|decision-trees|svm,standard,0,0,none,0.0,practice_test,995.0,beginner,0,0,0.0,0,0,0.0,0,0,0.0,0.5215733330511455,0.0,0,109.91396138625032,32,1.0,0.5215733330511455,-17,0,beginner,978,0.0,0,0,0.0,0,0,0.0,-17,easy,easy,Developing,2
s218_t3,218,0,1721800101,la-36,linear-algebra,la-eigenvalues,hard,1510,high,0.0,,standard,0,0,none,0.0,practice_test,978.0,beginner,0,0,0.0,0,0,0.0,0,0,0.0,0.0446835093717972,0.0,1,46.33482115388259,32,1.0,0.0446835093717972,31,0,beginner,1009,0.0,0,0,0.0,0,0,0.0,31,hard,hard,Developing,6
s218_t3,218,0,1721800102,ga-q9,general-aptitude,ga-logical-reasoning,easy,960,medium,0.0,syllogisms|logical-deduction|critical-reasoning,standard,0,0,none,0.0,practice_test,1009.0,beginner,0,0,0.0,0,0,0.0,0,0,0.0,0.5700528235839882,0.0,0,99.64168623267447,32,1.0,0.5700528235839882,-18,0,beginner,991,0.0,0,0,0.0,0,0,0.0,-18,easy,easy,Developing,2
s218_t3,218,0,1721800103,dsa-q71,programming-dsa,dsa-complexity,medium,1080,medium,0.0,time-complexity|space-complexity|big-o-notation,standard,0,0,none,0.0,practice_test,991.0,beginner,0,0,0.0,0,0,0.0,0,0,0.0,0.3746486066924632,0.0,0,51.907943064118165,32,1.0,0.3746486066924632,-12,0,beginner,979,0.0,0,0,0.0,0,0,0.0,-12,medium,medium,Developing,4
s218_t3,218,0,1721800104,dbms-q34,dbms,dbms-sql,easy,990,medium,0.0,select|joins|group-by|aggregation,standard,0,0,none,0.0,practice_test,979.0,beginner,0,0,0.0,0,0,0.0,0,0,0.0,0.4841750147352649,0.0,0,30.7089029644378,32,1.0,0.4841750147352649,-15,0,beginner,964,0.0,0,0,0.0,0,0,0.0,-15,easy,easy,Developing,2
s218_t3,218,0,1721800105,co-q25,calculus-optimization,co-differentiation,easy,1150,medium,0.0,partial-derivatives|chain-rule|product-rule|critical-points|gradients|implicit-differentiation,standard,0,0,none,0.0,practice_test,964.0,beginner,0,0,0.0,0,0,0.0,0,0,0.0,0.2552695931349653,0.0,0,61.47878364170295,32,1.0,0.2552695931349653,-8,0,beginner,956,0.0,0,0,0.0,0,0,0.0,-8,easy,easy,Developing,4
s218_t3,218,0,1721800106,dsa-q27,programming-dsa,dsa-arrays,easy,990,medium,0.0,array-operations|indexing|searching|sorting,standard,0,0,none,0.0,practice_test,956.0,beginner,0,0,0.0,0,0,0.0,0,0,0.0,0.4512256641402582,0.0,0,48.43765822650419,32,1.0,0.4512256641402582,-14,0,beginner,942,0.0,0,0,0.0,0,0,0.0,-14,easy,easy,Developing,2
s218_t3,218,0,1721800107,dsa-q83,programming-dsa,dsa-complexity,hard,2240,high,0.0,time-complexity|space-complexity|big-o-notation,standard,0,0,none,0.0,practice_test,942.0,beginner,0,0,0.0,0,0,0.0,0,0,0.0,0.0005685295211594,0.0,0,91.13547198869858,32,1.0,0.0005685295211594,0,0,beginner,942,0.0,0,0,0.0,0,0,0.0,0,hard,hard,Developing,10
s218_t3,218,0,1721800108,ds-q3,probability-statistics,probability,easy,920,medium,0.0,sample-spaces|events|conditional-probability|independence,standard,0,0,none,0.0,practice_test,942.0,beginner,0,0,0.0,0,0,0.0,0,0,0.0,0.5316182978281073,0.0,0,89.06837217018484,32,1.0,0.5316182978281073,-17,0,beginner,925,0.0,0,0,0.0,0,0,0.0,-17,easy,easy,Developing,2
s218_t3,218,0,1721800109,la-q7,linear-algebra,la-matrix,medium,1490,high,0.0,addition|scalar-multiplication|matrix-multiplication|determinants|minors|cofactors|gauss-jordan-elimination|symmetric|orthogonal|hermintian|unitary|identity-metrices,standard,0,0,none,0.0,practice_test,925.0,beginner,0,0,0.0,0,0,0.0,0,0,0.0,0.0372406906564285,0.0,0,102.9181734448498,32,1.0,0.0372406906564285,-1,0,beginner,924,0.0,0,0,0.0,0,0,0.0,-1,medium,medium,Developing,6
s218_t3,218,0,1721800110,ml-q132,machine-learning,ml-evaluation,medium,1320,high,0.0,accuracy|precision|recall|f1-score|cross-validation,standard,0,0,none,0.0,practice_test,924.0,beginner,0,0,0.0,0,0,0.0,0,0,0.0,0.0928300638472852,0.0,0,36.5609878101012,32,1.0,0.0928300638472852,-3,0,beginner,921,0.0,0,0,0.0,0,0,0.0,-3,medium,medium,Developing,4
s218_t3,218,0,1721800111,co-q31,calculus-optimization,co-differentiation,easy,920,medium,0.0,partial-derivatives|chain-rule|product-rule|critical-points|gradients|implicit-differentiation,standard,0,0,none,0.0,practice_test,921.0,beginner,0,0,0.0,0,0,0.0,0,0,0.0,0.5014391117091528,0.0,1,125.08464524744711,32,1.0,0.5014391117091528,16,0,beginner,937,0.0,0,0,0.0,0,0,0.0,16,easy,easy,Developing,2
s218_t3,218,0,1721800112,ai-q45,artificial-intelligence,ai-logic,easy,840,low,0.0,propositional-logic|syntax-semantics|truth-tables|validity-satisfiability|inference-rules|soundness-completeness|predicate-logic|first-order-logic|quantifiers|unification|resolution,standard,0,0,none,0.0,practice_test,937.0,beginner,0,0,0.0,0,0,0.0,0,0,0.0,0.6360768996878818,0.0,0,48.631785484256405,32,1.0,0.6360768996878818,-20,0,beginner,917,0.0,0,0,0.0,0,0,0.0,-20,easy,easy,Developing,2
s218_t3,218,0,1721800113,dsa-q25,programming-dsa,dsa-arrays,easy,840,low,0.0,array-operations|indexing|searching|sorting,standard,0,0,none,0.0,practice_test,917.0,beginner,0,0,0.0,0,0,0.0,0,0,0.0,0.6090326034042396,0.0,1,83.08296378573823,32,1.0,0.6090326034042396,13,0,beginner,930,0.0,0,0,0.0,0,0,0.0,13,easy,easy,Developing,2
s218_t3,218,0,1721800114,ds-q411,dbms,dbms,medium,1480,high,0.0,database-fundamentals|acid-properties|transactions,standard,0,0,none,0.0,practice_test,930.0,beginner,0,0,0.0,0,0,0.0,0,0,0.0,0.0404633260323643,0.0,0,132.44596405192138,32,1.0,0.0404633260323643,-1,0,beginner,929,0.0,0,0,0.0,0,0,0.0,-1,medium,medium,Developing,6
s218_t3,218,0,1721800115,dbms-q62,dbms,dbms-normalization,easy,1250,medium,0.0,functional-dependencies|closure-of-attributes|canonical-cover|lossless-join-decomposition|dependency-preservation|first-normal-form|second-normal-form|third-normal-form|boyce-codd-normal-form,standard,0,0,none,0.0,practice_test,929.0,beginner,0,0,0.0,0,0,0.0,0,0,0.0,0.1361285236581421,0.0,0,49.190329158049096,32,1.0,0.1361285236581421,-4,0,beginner,925,0.0,0,0,0.0,0,0,0.0,-4,easy,easy,Developing,4
s218_t3,218,0,1721800116,co-q24,calculus-optimization,co-differentiation,easy,990,medium,0.0,partial-derivatives|chain-rule|product-rule|critical-points|gradients|implicit-differentiation,standard,0,0,none,0.0,practice_test,925.0,beginner,0,0,0.0,0,0,0.0,0,0,0.0,0.4075337694156682,0.0,1,49.16355183866525,32,1.0,0.4075337694156682,19,0,beginner,944,0.0,0,0,0.0,0,0,0.0,19,easy,easy,Developing,2
s218_t3,218,0,1721800117,ps-q8,probability-statistics,ps-distributions,easy,750,low,0.0,probability-distributions|cumulative-distribution|expected-value,standard,0,0,none,0.0,practice_test,944.0,beginner,0,0,0.0,0,0,0.0,0,0,0.0,0.7533860777856145,0.0,0,69.30046872574025,32,1.0,0.7533860777856145,-24,0,beginner,920,0.0,0,0,0.0,0,0,0.0,-24,easy,easy,Developing,2
s218_t3,218,0,1721800118,ds-q354,artificial-intelligence,linear-algebra,easy,860,low,0.0,matrices|vectors|eigenvalues|linear-systems|transformations,standard,0,0,none,0.0,practice_test,920.0,beginner,0,0,0.0,0,0,0.0,0,0,0.0,0.5854986786718095,0.0,1,70.11861001611582,32,1.0,0.5854986786718095,13,0,beginner,933,0.0,0,0,0.0,0,0,0.0,13,easy,easy,Developing,2
s218_t3,218,0,1721800119,la-q27,linear-algebra,la-vector-spaces,hard,1720,high,0.0,vector-addition|scalar-multiplication|sub-spaces|linear-combinations|spanning-sets|linear-independence|basis|dimension,standard,0,0,none,0.0,practice_test,933.0,beginner,0,0,0.0,0,0,0.0,0,0,0.0,0.0106621460290317,0.0,1,62.72339551573669,32,1.0,0.0106621460290317,32,0,beginner,965,0.0,0,0,0.0,0,0,0.0,32,hard,hard,Developing,6
s220_t20,220,4,1722000860,dbms-q62,dbms,dbms-normalization,easy,1250,medium,0.0,functional-dependencies|closure-of-attributes|canonical-cover|lossless-join-decomposition|dependency-preservation|first-normal-form|second-normal-form|third-normal-form|boyce-codd-normal-form,standard,0,0,none,0.0,practice_test,895.0,beginner,0,0,0.0,0,0,0.0,0,0,0.0,0.1147063239459211,0.0,0,118.64616620406304,32,1.0,0.1147063239459211,-4,0,beginner,891,0.0,0,0,0.0,0,0,0.0,-4,easy,easy,Developing,4
s220_t20,220,4,1722000861,ps-q36,probability-statistics,ps-distributions,medium,1350,high,0.0,normal-distribution|binomial-distribution|poisson-distribution|cumulative-distribution|expected-value|variance,standard,0,0,none,0.0,practice_test,891.0,beginner,0,0,0.0,0,0,0.0,0,0,0.0,0.0664703715245584,0.0,0,97.3761058447897,32,1.0,0.0664703715245584,-2,0,beginner,889,0.0,0,0,0.0,0,0,0.0,-2,medium,medium,Developing,4
s220_t20,220,4,1722000862,la-20,linear-algebra,la-matrices,medium,1210,medium,0.0,,standard,0,0,none,0.0,practice_test,889.0,beginner,0,0,0.0,0,0,0.0,0,0,0.0,0.1361285236581421,0.0,0,61.492257251248894,32,1.0,0.1361285236581421,-4,0,beginner,885,0.0,0,0,0.0,0,0,0.0,-4,medium,medium,Developing,4
s220_t20,220,4,1722000863,dbms-q6,dbms,dbms-sql,medium,1430,high,0.0,select|joins|group-by|aggregation,standard,0,0,none,0.0,practice_test,885.0,beginner,0,0,0.0,0,0,0.0,0,0,0.0,0.0415957290321025,0.0,0,126.00076121897486,32,1.0,0.0415957290321025,-1,0,beginner,884,0.0,0,0,0.0,0,0,0.0,-1,medium,medium,Developing,6
s220_t20,220,4,1722000864,dsa-q81,programming-dsa,dsa-complexity,medium,1310,high,0.0,time-complexity|space-complexity|big-o-notation,standard,0,0,none,0.0,practice_test,884.0,beginner,0,0,0.0,0,0,0.0,0,0,0.0,0.0792739386312066,0.0,0,106.96734035997704,32,1.0,0.0792739386312066,-3,0,beginner,881,0.0,0,0,0.0,0,0,0.0,-3,medium,medium,Developing,4
s220_t20,220,4,1722000865,ds-q380,artificial-intelligence,algorithms,medium,1480,high,0.0,sorting|searching|dynamic-programming|greedy,standard,0,0,none,0.0,practice_test,881.0,beginner,0,0,0.0,0,0,0.0,0,0,0.0,0.0308249393043143,0.0,0,114.69497350520118,32,1.0,0.0308249393043143,-1,0,beginner,880,0.0,0,0,0.0,0,0,0.0,-1,medium,medium,Developing,6
s220_t20,220,4,1722000866,ds-q98,dbms,dbms,medium,1210,medium,0.0,database-fundamentals|acid-properties|transactions,standard,0,0,none,0.0,practice_test,880.0,beginner,0,0,0.0,0,0,0.0,0,0,0.0,0.1301500509256908,0.0,0,114.02021327793888,32,1.0,0.1301500509256908,-4,0,beginner,876,0.0,0,0,0.0,0,0,0.0,-4,medium,medium,Developing,4
s220_t20,220,4,1722000867,dsa-q32,programming-dsa,dsa-arrays,medium,1250,medium,0.0,array-operations|indexing|searching|sorting,standard,0,0,none,0.0,practice_test,876.0,beginner,0,0,0.0,0,0,0.0,0,0,0.0,0.1040589491582778,0.0,0,100.84521419888628,32,1.0,0.1040589491582778,-3,0,beginner,873,0.0,0,0,0.0,0,0,0.0,-3,medium,medium,Developing,4
s220_t20,220,4,1722000868,la-q50,linear-algebra,la-eigenvalues,hard,2050,high,0.0,eigenvalues|eigenvectors|diagonalization|spectral-theorem,standard,0,0,none,0.0,practice_test,873.0,beginner,0,0,0.0,0,0,0.0,0,0,0.0,0.0011402616237914,0.0,0,63.53298568228913,32,1.0,0.0011402616237914,0,0,beginner,873,0.0,0,0,0.0,0,0,0.0,0,hard,hard,Developing,8
s220_t20,220,4,1722000869,ds-q156,probability-statistics,probability,easy,800,low,0.0,sample-spaces|events|conditional-probability|independence,standard,0,0,none,0.0,practice_test,873.0,beginner,0,0,0.0,0,0,0.0,0,0,0.0,0.6035363185261781,0.0,1,94.49747377918568,32,1.0,0.6035363185261781,13,0,beginner,886,0.0,0,0,0.0,0,0,0.0,13,easy,easy,Developing,2
s220_t20,220,4,1722000870,dsa-q6,programming-dsa,dsa-arrays,medium,1030,medium,0.0,array-operations|indexing|searching|sorting,standard,0,0,none,0.0,practice_test,886.0,beginner,0,0,0.0,0,0,0.0,0,0,0.0,0.3038712295704002,0.0,1,69.3430520227938,32,1.0,0.3038712295704002,22,0,beginner,908,0.0,0,0,0.0,0,0,0.0,22,medium,medium,Developing,2
s220_t20,220,4,1722000871,dsa-q66,programming-dsa,dsa-complexity,medium,1150,medium,0.0,time-complexity|space-complexity|big-o-notation,standard,0,0,none,0.0,practice_test,908.0,beginner,0,0,0.0,0,0,0.0,0,0,0.0,0.1989190601710543,0.0,1,48.70568054904368,32,1.0,0.1989190601710543,26,0,beginner,934,0.0,0,0,0.0,0,0,0.0,26,medium,medium,Developing,4
s220_t20,220,4,1722000872,dsa-q38,programming-dsa,dsa-arrays,easy,710,low,0.0,array-operations|indexing|searching|sorting,standard,0,0,none,0.0,practice_test,934.0,beginner,0,0,0.0,0,0,0.0,0,0,0.0,0.784053683887815,0.0,0,55.66145646518648,32,1.0,0.784053683887815,-25,0,beginner,909,0.0,0,0,0.0,0,0,0.0,-25,easy,easy,Developing,2
s220_t20,220,4,1722000873,dbms-q2,dbms,dbms-normalization,easy,770,low,0.0,functional-dependencies|closure-of-attributes|canonical-cover|lossless-join-decomposition|dependency-preservation|first-normal-form|second-normal-form|third-normal-form|boyce-codd-normal-form,standard,0,0,none,0.0,practice_test,909.0,beginner,0,0,0.0,0,0,0.0,0,0,0.0,0.6900062072803139,0.0,0,104.87953871439215,32,1.0,0.6900062072803139,-22,0,beginner,887,0.0,0,0,0.0,0,0,0.0,-22,easy,easy,Developing,2
s220_t20,220,4,1722000874,ds-q214,machine-learning,machine-learning,easy,960,medium,0.0,supervised|unsupervised|reinforcement|evaluation,standard,0,0,none,0.0,practice_test,887.0,beginner,0,0,0.0,0,0,0.0,0,0,0.0,0.3964636814738219,0.0,0,132.0803829379609,32,1.0,0.3964636814738219,-13,0,beginner,874,0.0,0,0,0.0,0,0,0.0,-13,easy,easy,Developing,2
s220_t20,220,4,1722000875,ds-q120,probability-statistics,probability,medium,1020,medium,0.0,sample-spaces|events|conditional-probability|independence,standard,0,0,none,0.0,practice_test,874.0,beginner,0,0,0.0,0,0,0.0,0,0,0.0,0.301441373581977,0.0,1,11.226925535597454,32,1.0,0.301441373581977,22,0,beginner,896,0.0,0,0,0.0,0,0,0.0,22,medium,medium,Developing,2
s220_t20,220,4,1722000876,ds-q242,probability-statistics,probability,medium,1140,medium,0.0,sample-spaces|events|conditional-probability|independence,standard,0,0,none,0.0,practice_test,896.0,beginner,0,0,0.0,0,0,0.0,0,0,0.0,0.1970908298461841,0.0,1,110.49770933250244,32,1.0,0.1970908298461841,26,0,beginner,922,0.0,0,0,0.0,0,0,0.0,26,medium,medium,Developing,4
s220_t20,220,4,1722000877,la-q31,linear-algebra,la-matrices,medium,1070,medium,0.0,addition|scalar-multiplication|matrix-multiplication|determinants|minors|cofactors|symmetric|orthogonal,standard,0,0,none,0.0,practice_test,922.0,beginner,0,0,0.0,0,0,0.0,0,0,0.0,0.299022601389892,0.0,0,39.96740238010414,32,1.0,0.299022601389892,-10,0,beginner,912,0.0,0,0,0.0,0,0,0.0,-10,medium,medium,Developing,4
s220_t20,220,4,1722000878,dsa-q50,programming-dsa,dsa-trees,medium,1180,medium,0.0,binary-trees|bst|tree-traversal|balanced-trees,standard,0,0,none,0.0,practice_test,912.0,beginner,0,0,0.0,0,0,0.0,0,0,0.0,0.1761384714944276,0.0,0,25.07106561723962,32,1.0,0.1761384714944276,-6,0,beginner,906,0.0,0,0,0.0,0,0,0.0,-6,medium,medium,Developing,4
s220_t20,220,4,1722000879,dsa-q75,programming-dsa,dsa-complexity,medium,1040,medium,0.0,time-complexity|space-complexity|big-o-notation,standard,0,0,none,0.0,practice_test,906.0,beginner,0,0,0.0,0,0,0.0,0,0,0.0,0.3161836858063414,0.0,1,79.68240984947698,32,1.0,0.3161836858063414,22,0,beginner,928,0.0,0,0,0.0,0,0,0.0,22,medium,medium,Developing,2
s220_t20,220,4,1722000880,ds-q277,artificial-intelligence,algorithms,easy,980,medium,0.0,sorting|searching|dynamic-programming|greedy,standard,0,0,none,0.0,practice_test,928.0,beginner,0,0,0.0,0,0,0.0,0,0,0.0,0.4257197963454756,0.0,0,131.49419202370157,32,1.0,0.4257197963454756,-14,0,beginner,914,0.0,0,0,0.0,0,0,0.0,-14,easy,easy,Developing,2
s220_t20,220,4,1722000881,dsa-q82,programming-dsa,dsa-complexity,easy,840,low,0.0,time-complexity|space-complexity|big-o-notation,standard,0,0,none,0.0,practice_test,914.0,beginner,0,0,0.0,0,0,0.0,0,0,0.0,0.6049129020079569,0.0,1,47.135852262288765,32,1.0,0.6049129020079569,13,0,beginner,927,0.0,0,0,0.0,0,0,0.0,13,easy,easy,Developing,2
s220_t20,220,4,1722000882,dsa-q17,programming-dsa,dsa-arrays,medium,1300,medium,0.0,array-operations|indexing|searching|sorting,standard,0,0,none,0.0,practice_test,927.0,beginner,0,0,0.0,0,0,0.0,0,0,0.0,0.1045968526326714,0.0,0,52.14651932534415,32,1.0,0.1045968526326714,-3,0,beginner,924,0.0,0,0,0.0,0,0,0.0,-3,medium,medium,Developing,4
s220_t20,220,4,1722000883,co-q29,calculus-optimization,co-differentiation,medium,1460,high,0.0,partial-derivatives|chain-rule|product-rule|critical-points|gradients|implicit-differentiation,standard,0,0,none,0.0,practice_test,924.0,beginner,0,0,0.0,0,0,0.0,0,0,0.0,0.0437108477356839,0.0,0,62.109466105277335,32,1.0,0.0437108477356839,-1,0,beginner,923,0.0,0,0,0.0,0,0,0.0,-1,medium,medium,Developing,6
s220_t20,220,4,1722000884,ml-q80,machine-learning,ml-supervised,easy,940,medium,0.0,linear-regression|logistic-regression|decision-trees|svm|naive-bayes|ensemble-methods,standard,0,0,none,0.0,practice_test,923.0,beginner,0,0,0.0,0,0,0.0,0,0,0.0,0.4755545388793386,0.0,0,32.51854648281876,32,1.0,0.4755545388793386,-15,0,beginner,908,0.0,0,0,0.0,0,0,0.0,-15,easy,easy,Developing,2
s220_t20,220,4,1722000885,ml-q125,machine-learning,ml-evaluation,easy,700,low,0.0,accuracy|precision|recall|f1-score|cross-validation,standard,0,0,none,0.0,practice_test,908.0,beginner,0,0,0.0,0,0,0.0,0,0,0.0,0.7680520031675839,0.0,0,85.03791408927603,32,1.0,0.7680520031675839,-25,0,beginner,883,0.0,0,0,0.0,0,0,0.0,-25,easy,easy,Developing,2
s220_t20,220,4,1722000886,ga-q16,general-aptitude,ga-verbal-reasoning,medium,1010,medium,0.0,reading-comprehension|vocabulary|sentence-correction|para-jumbles,standard,0,0,none,0.0,practice_test,883.0,beginner,0,0,0.0,0,0,0.0,0,0,0.0,0.3249597989597013,0.0,0,97.36067837899272,32,1.0,0.3249597989597013,-10,0,beginner,873,0.0,0,0,0.0,0,0,0.0,-10,medium,medium,Developing,2
s220_t20,220,4,1722000887,ps-q65,probability-statistics,ps-distributions,easy,950,medium,0.0,normal-distribution|binomial-distribution|poisson-distribution|cumulative-distribution|expected-value|variance,standard,0,0,none,0.0,practice_test,873.0,beginner,0,0,0.0,0,0,0.0,0,0,0.0,0.3909673965957604,0.0,0,44.42252202018413,32,1.0,0.3909673965957604,-13,0,beginner,860,0.0,0,0,0.0,0,0,0.0,-13,easy,easy,Developing,2
s220_t20,220,4,1722000888,dsa-q7,programming-dsa,dsa-trees,medium,1200,medium,0.0,binary-trees|bst|tree-traversal|balanced-trees,standard,0,0,none,0.0,practice_test,860.0,beginner,0,0,0.0,0,0,0.0,0,0,0.0,0.1237706810689354,0.0,0,123.24501002029184,32,1.0,0.1237706810689354,-4,0,beginner,856,0.0,0,0,0.0,0,0,0.0,-4,medium,medium,Developing,4
s220_t20,220,4,1722000889,co-q57,calculus-optimization,co-integration,hard,1780,high,0.0,definite-integrals|indefinite-integrals|integration-by-parts|u-substitution|fundamental-theorem,standard,0,0,none,0.0,practice_test,856.0,beginner,0,0,0.0,0,0,0.0,0,0,0.0,0.0048739167816144,0.0,0,82.35826724161366,32,1.0,0.0048739167816144,0,0,beginner,856,0.0,0,0,0.0,0,0,0.0,0,hard,hard,Developing,8
s220_t20,220,4,1722000890,ga-q6,general-aptitude,ga-logical-reasoning,medium,1340,high,0.0,syllogisms|logical-deduction|critical-reasoning,standard,0,0,none,0.0,practice_test,856.0,beginner,0,0,0.0,0,0,0.0,0,0,0.0,0.0580784141952641,0.0,0,85.48288922378045,32,1.0,0.0580784141952641,-2,0,beginner,854,0.0,0,0,0.0,0,0,0.0,-2,medium,medium,Developing,4
s220_t20,220,4,1722000891,co-q7,calculus-optimization,co-differentiation,easy,910,medium,0.0,derivatives|chain-rule|product-rule|critical-points,standard,0,0,none,0.0,practice_test,854.0,beginner,0,0,0.0,0,0,0.0,0,0,0.0,0.4201002396421185,0.0,0,64.43491150730841,32,1.0,0.4201002396421185,-13,0,beginner,841,0.0,0,0,0.0,0,0,0.0,-13,easy,easy,Developing,2
s220_t20,220,4,1722000892,ga-q23,general-aptitude,ga-logical-reasoning,easy,790,low,0.0,syllogisms|logical-deduction|critical-reasoning,standard,0,0,none,0.0,practice_test,841.0,beginner,0,0,0.0,0,0,0.0,0,0,0.0,0.5728722513945045,0.0,1,30.55829918356941,32,1.0,0.5728722513945045,14,0,beginner,855,0.0,0,0,0.0,0,0,0.0,14,easy,easy,Developing,2
s220_t20,220,4,1722000893,ai-q6,artificial-intelligence,ai-search,easy,940,medium,0.0,breadth-first-search|depth-first-search|a-star|heuristics,standard,0,0,none,0.0,practice_test,855.0,beginner,0,0,0.0,0,0,0.0,0,0,0.0,0.3800586409554767,0.0,1,96.56521879771576,32,1.0,0.3800586409554767,20,0,beginner,875,0.0,0,0,0.0,0,0,0.0,20,easy,easy,Developing,2
s220_t20,220,4,1722000894,la-32,linear-algebra,la-eigenvalues,hard,1360,high,0.0,,standard,0,0,none,0.0,practice_test,875.0,beginner,0,0,0.0,0,0,0.0,0,0,0.0,0.057764305036753,0.0,0,37.37494066810647,32,1.0,0.057764305036753,-2,0,beginner,873,0.0,0,0,0.0,0,0,0.0,-2,hard,hard,Developing,4
s220_t20,220,4,1722000895,ds-q435,probability-statistics,probability-theory,easy,820,low,0.0,bayes-theorem|permutations|combinations|probability-rules,standard,0,0,none,0.0,practice_test,873.0,beginner,0,0,0.0,0,0,0.0,0,0,0.0,0.5756869523764296,0.0,0,134.95416720162285,32,1.0,0.5756869523764296,-18,0,beginner,855,0.0,0,0,0.0,0,0,0.0,-18,easy,easy,Developing,2
s220_t20,220,4,1722000896,ga-q3,general-aptitude,ga-quantitative-aptitude,easy,820,low,0.0,arithmetic|algebra|geometry|permutations|combinations,standard,0,0,none,0.0,practice_test,855.0,beginner,0,0,0.0,0,0,0.0,0,0,0.0,0.550199353253537,0.0,0,58.51869943630995,32,1.0,0.550199353253537,-18,0,beginner,837,0.0,0,0,0.0,0,0,0.0,-18,easy,easy,Developing,2
s220_t20,220,4,1722000897,ds-q401,machine-learning,machine-learning,medium,1110,medium,0.0,supervised|unsupervised|reinforcement|evaluation,standard,0,0,none,0.0,practice_test,837.0,beginner,0,0,0.0,0,0,0.0,0,0,0.0,0.1720006197388301,0.0,0,55.509515762078735,32,1.0,0.1720006197388301,-6,0,beginner,831,0.0,0,0,0.0,0,0,0.0,-6,medium,medium,Developing,4
s220_t20,220,4,1722000898,ga-q7,general-aptitude,ga-quantitative-aptitude,easy,820,low,0.0,arithmetic|algebra|geometry|permutations|combinations,standard,0,0,none,0.0,practice_test,831.0,beginner,0,0,0.0,0,0,0.0,0,0,0.0,0.515824985264735,0.0,0,130.05412487695995,32,1.0,0.515824985264735,-17,0,beginner,814,0.0,0,0,0.0,0,0,0.0,-17,easy,easy,Developing,2
s220_t20,220,4,1722000899,ps-q81,probability-statistics,ps-hypothesis,medium,1410,high,0.0,hypothesis-testing|p-value|type-I-error|type-II-error|t-test|significance-level,standard,0,0,none,0.0,practice_test,814.0,beginner,0,0,0.0,0,0,0.0,0,0,0.0,0.0313450594515039,0.0,0,82.32817928719928,32,1.0,0.0313450594515039,-1,0,beginner,813,0.0,0,0,0.0,0,0,0.0,-1,medium,medium,Developing,4
s220_t20,220,4,1722000900,dsa-q12,programming-dsa,dsa-trees,easy,880,low,0.0,binary-trees|bst|tree-traversal|balanced-trees,standard,0,0,none,0.0,practice_test,813.0,beginner,0,0,0.0,0,0,0.0,0,0,0.0,0.4047569603484281,0.0,0,57.40490025780705,32,1.0,0.4047569603484281,-13,0,beginner,800,0.0,0,0,0.0,0,0,0.0,-13,easy,easy,Developing,2
s220_t20,220,4,1722000901,ps-q53,probability-statistics,ps-probability,medium,1340,high,0.0,basic-probability|bayes-theorem|conditional-probability|independence|random-variables,standard,0,0,none,0.0,practice_test,800.0,beginner,0,0,0.0,0,0,0.0,0,0,0.0,0.042758411146536,0.0,0,25.40750361867116,32,1.0,0.042758411146536,-1,0,beginner,799,0.0,0,0,0.0,0,0,0.0,-1,medium,medium,Developing,4
s220_t20,220,4,1722000902,ga-q26,general-aptitude,ga-verbal-reasoning,easy,830,low,0.0,reading-comprehension|vocabulary|sentence-correction|para-jumbles,standard,0,0,none,0.0,practice_test,799.0,beginner,0,0,0.0,0,0,0.0,0,0,0.0,0.4555054269169921,0.0,0,69.00806627250668,32,1.0,0.4555054269169921,-15,0,beginner,784,0.0,0,0,0.0,0,0,0.0,-15,easy,easy,Developing,2
s220_t20,220,4,1722000903,dsa-q54,programming-dsa,dsa-trees,easy,920,medium,0.0,binary-trees|bst|tree-traversal|balanced-trees,standard,0,0,none,0.0,practice_test,784.0,beginner,0,0,0.0,0,0,0.0,0,0,0.0,0.3136997423166875,0.0,1,102.82742547152168,32,1.0,0.3136997423166875,22,0,beginner,806,0.0,0,0,0.0,0,0,0.0,22,easy,easy,Developing,2
s220_t20,220,4,1722000904,dbms-q63,dbms,dbms-normalization,medium,1350,high,0.0,functional-dependencies|closure-of-attributes|canonical-cover|lossless-join-decomposition|dependency-preservation|first-normal-form|second-normal-form|third-normal-form|boyce-codd-normal-form,standard,0,0,none,0.0,practice_test,806.0,beginner,0,0,0.0,0,0,0.0,0,0,0.0,0.0418258199629894,0.0,0,96.37252222363183,32,1.0,0.0418258199629894,-1,0,beginner,805,0.0,0,0,0.0,0,0,0.0,-1,medium,medium,Developing,4
s220_t20,220,4,1722000905,co-q15,calculus-optimization,co-integration,medium,1160,medium,0.0,definite-integrals|indefinite-integrals|integration-by-parts,standard,0,0,none,0.0,practice_test,805.0,beginner,0,0,0.0,0,0,0.0,0,0,0.0,0.1147063239459211,0.0,1,50.74723812871847,32,1.0,0.1147063239459211,28,0,beginner,833,0.0,0,0,0.0,0,0,0.0,28,medium,medium,Developing,4
s220_t20,220,4,1722000906,la-45,linear-algebra,la-eigenvalues,medium,1210,medium,0.0,,standard,0,0,none,0.0,practice_test,833.0,beginner,0,0,0.0,0,0,0.0,0,0,0.0,0.1024598858712761,0.0,0,112.09577305062088,32,1.0,0.1024598858712761,-3,0,beginner,830,0.0,0,0,0.0,0,0,0.0,-3,medium,medium,Developing,4
s220_t20,220,4,1722000907,ds-q269,artificial-intelligence,logical-reasoning,easy,890,low,0.0,logical-deduction|critical-reasoning,standard,0,0,none,0.0,practice_test,830.0,beginner,0,0,0.0,0,0,0.0,0,0,0.0,0.4145013213281905,0.0,0,123.28871396653946,32,1.0,0.4145013213281905,-13,0,beginner,817,0.0,0,0,0.0,0,0,0.0,-13,easy,easy,Developing,2
s220_t20,220,4,1722000908,ml-q138,machine-learning,ml-evaluation,hard,2040,high,0.0,accuracy|precision|recall|f1-score|cross-validation,standard,0,0,none,0.0,practice_test,817.0,beginner,0,0,0.0,0,0,0.0,0,0,0.0,0.0008752250277577,0.0,1,97.22684444005576,32,1.0,0.0008752250277577,32,0,beginner,849,0.0,0,0,0.0,0,0,0.0,32,hard,hard,Developing,8
s220_t20,220,4,1722000909,ga-q18,general-aptitude,ga-quantitative-aptitude,medium,1190,medium,0.0,arithmetic|algebra|geometry|permutations|combinations,standard,0,0,none,0.0,practice_test,849.0,beginner,0,0,0.0,0,0,0.0,0,0,0.0,0.123147734919203,0.0,0,129.80468805164045,32,1.0,0.123147734919203,-4,0,beginner,845,0.0,0,0,0.0,0,0,0.0,-4,medium,medium,Developing,4
s220_t20,220,4,1722000910,ga-q13,general-aptitude,ga-quantitative-aptitude,easy,880,low,0.0,arithmetic|algebra|geometry|permutations|combinations,standard,0,0,none,0.0,practice_test,845.0,beginner,0,0,0.0,0,0,0.0,0,0,0.0,0.449800646746463,0.0,1,88.68598584095312,32,1.0,0.449800646746463,18,0,beginner,863,0.0,0,0,0.0,0,0,0.0,18,easy,easy,Developing,2
s220_t20,220,4,1722000911,la-q47,linear-algebra,la-matrices,medium,1340,high,0.0,addition|scalar-multiplication|matrix-multiplication|determinants|minors|cofactors|symmetric|orthogonal,standard,0,0,none,0.0,practice_test,863.0,beginner,0,0,0.0,0,0,0.0,0,0,0.0,0.0603224342146881,0.0,0,57.67817282993661,32,1.0,0.0603224342146881,-2,0,beginner,861,0.0,0,0,0.0,0,0,0.0,-2,medium,medium,Developing,4
s220_t20,220,4,1722000912,dsa-q11,programming-dsa,dsa-trees,easy,800,low,0.0,binary-trees|bst|tree-traversal|balanced-trees,standard,0,0,none,0.0,practice_test,861.0,beginner,0,0,0.0,0,0,0.0,0,0,0.0,0.5868950233791,0.0,1,71.64760240953584,32,1.0,0.5868950233791,13,0,beginner,874,0.0,0,0,0.0,0,0,0.0,13,easy,easy,Developing,2
s220_t20,220,4,1722000913,ga-q8,general-aptitude,ga-logical-reasoning,medium,1290,medium,0.0,syllogisms|logical-deduction|critical-reasoning,standard,0,0,none,0.0,practice_test,874.0,beginner,0,0,0.0,0,0,0.0,0,0,0.0,0.0835786229304865,0.0,0,58.498539738224686,32,1.0,0.0835786229304865,-3,0,beginner,871,0.0,0,0,0.0,0,0,0.0,-3,medium,medium,Developing,4
s220_t20,220,4,1722000914,ga-q5,general-aptitude,ga-logical-reasoning,easy,700,low,0.0,syllogisms|logical-deduction|critical-reasoning,standard,0,0,none,0.0,practice_test,871.0,beginner,0,0,0.0,0,0,0.0,0,0,0.0,0.7279715135441962,0.0,1,82.42586916826023,32,1.0,0.7279715135441962,9,0,beginner,880,0.0,0,0,0.0,0,0,0.0,9,easy,easy,Developing,2
s220_t20,220,4,1722000915,dsa-q20,programming-dsa,dsa-complexity,hard,2460,high,0.0,time-complexity|space-complexity|big-o-notation,standard,0,0,none,0.0,practice_test,880.0,beginner,0,0,0.0,0,0,0.0,0,0,0.0,0.0001121892575884,0.0,0,48.9377505084711,32,1.0,0.0001121892575884,0,0,beginner,880,0.0,0,0,0.0,0,0,0.0,0,hard,hard,Developing,10
s220_t20,220,4,1722000916,co-q39,calculus-optimization,co-differentiation,medium,1010,medium,0.0,partial-derivatives|chain-rule|product-rule|critical-points|gradients|implicit-differentiation,standard,0,0,none,0.0,practice_test,880.0,beginner,0,0,0.0,0,0,0.0,0,0,0.0,0.3211830802052434,0.0,0,93.09190628383269,32,1.0,0.3211830802052434,-10,0,beginner,870,0.0,0,0,0.0,0,0,0.0,-10,medium,medium,Developing,2
s220_t20,220,4,1722000917,ds-q76,probability-statistics,conditional-probability,medium,1480,high,0.0,bayes-rule|conditional-independence,standard,0,0,none,0.0,practice_test,870.0,beginner,0,0,0.0,0,0,0.0,0,0,0.0,0.0289884111997226,0.0,0,55.257858963426045,32,1.0,0.0289884111997226,-1,0,beginner,869,0.0,0,0,0.0,0,0,0.0,-1,medium,medium,Developing,6
s220_t20,220,4,1722000918,ds-q152,artificial-intelligence,statistics,medium,1110,medium,0.0,descriptive-statistics|mean|variance|standard-deviation,standard,0,0,none,0.0,practice_test,869.0,beginner,0,0,0.0,0,0,0.0,0,0,0.0,0.1998379440848642,0.0,0,96.47487655470049,32,1.0,0.1998379440848642,-6,0,beginner,863,0.0,0,0,0.0,0,0,0.0,-6,medium,medium,Developing,4
s220_t20,220,4,1722000919,ds-q61,machine-learning,machine-learning,easy,760,low,0.0,supervised|unsupervised|reinforcement|evaluation,standard,0,0,none,0.0,practice_test,863.0,beginner,0,0,0.0,0,0,0.0,0,0,0.0,0.6440338538222926,0.0,1,98.7883091771352,32,1.0,0.6440338538222926,11,0,beginner,874,0.0,0,0,0.0,0,0,0.0,11,easy,easy,Developing,2
s220_t20,220,4,1722000920,ml-q30,machine-learning,ml-supervised,medium,1130,medium,0.0,linear-regression|logistic-regression|decision-trees|svm,standard,0,0,none,0.0,practice_test,874.0,beginner,0,0,0.0,0,0,0.0,0,0,0.0,0.1863877894944132,0.0,1,39.51459163712683,32,1.0,0.1863877894944132,26,0,beginner,900,0.0,0,0,0.0,0,0,0.0,26,medium,medium,Developing,4
s220_t20,220,4,1722000921,ds-q412,machine-learning,machine-learning,medium,1200,medium,0.0,supervised|unsupervised|reinforcement|evaluation,standard,0,0,none,0.0,practice_test,900.0,beginner,0,0,0.0,0,0,0.0,0,0,0.0,0.1509795572113232,0.0,1,115.72922627064968,32,1.0,0.1509795572113232,27,0,beginner,927,0.0,0,0,0.0,0,0,0.0,27,medium,medium,Developing,4
s220_t20,220,4,1722000922,ds-q215,probability-statistics,probability,easy,870,low,0.0,sample-spaces|events|conditional-probability|independence,standard,0,0,none,0.0,practice_test,927.0,beginner,0,0,0.0,0,0,0.0,0,0,0.0,0.581301478368915,0.0,0,70.99440609170047,32,1.0,0.581301478368915,-19,0,beginner,908,0.0,0,0,0.0,0,0,0.0,-19,easy,easy,Developing,2
s220_t20,220,4,1722000923,la-q32,linear-algebra,la-matrices,medium,1400,high,0.0,addition|scalar-multiplication|matrix-multiplication|determinants|minors|cofactors|symmetric|orthogonal,standard,0,0,none,0.0,practice_test,908.0,beginner,0,0,0.0,0,0,0.0,0,0,0.0,0.0556098167582033,0.0,0,63.43438684665819,32,1.0,0.0556098167582033,-2,0,beginner,906,0.0,0,0,0.0,0,0,0.0,-2,medium,medium,Developing,4
s220_t20,220,4,1722000924,ga-q19,general-aptitude,ga-quantitative-aptitude,medium,1120,medium,0.0,arithmetic|algebra|geometry|permutations|combinations,standard,0,0,none,0.0,practice_test,906.0,beginner,0,0,0.0,0,0,0.0,0,0,0.0,0.2258520222981693,0.0,0,49.69330565497433,32,1.0,0.2258520222981693,-7,0,beginner,899,0.0,0,0,0.0,0,0,0.0,-7,medium,medium,Developing,4
s221_t4,221,0,1722100120,ga-q9,general-aptitude,ga-logical-reasoning,easy,960,medium,0.0,syllogisms|logical-deduction|critical-reasoning,standard,0,0,none,0.0,practice_test,972.0,beginner,0,0,0.0,0,0,0.0,0,0,0.0,0.5172625244323762,0.0,0,36.42851914250272,32,1.0,0.5172625244323762,-17,0,beginner,955,0.0,0,0,0.0,0,0,0.0,-17,easy,easy,Developing,2
s221_t4,221,0,1722100121,dbms-q8,dbms,dbms-sql,medium,1200,medium,0.0,select|joins|group-by|aggregation,standard,0,0,none,0.0,practice_test,955.0,beginner,0,0,0.0,0,0,0.0,0,0,0.0,0.1961814805753157,0.0,1,32.82945181643509,32,1.0,0.1961814805753157,26,0,beginner,981,0.0,0,0,0.0,0,0,0.0,26,medium,medium,Developing,4
s221_t4,221,0,1722100122,ml-q80,machine-learning,ml-supervised,easy,940,medium,0.0,linear-regression|logistic-regression|decision-trees|svm|naive-bayes|ensemble-methods,standard,0,0,none,0.0,practice_test,981.0,beginner,0,0,0.0,0,0,0.0,0,0,0.0,0.558731369324761,0.0,0,60.36333002496039,32,1.0,0.558731369324761,-18,0,beginner,963,0.0,0,0,0.0,0,0,0.0,-18,easy,easy,Developing,2
s221_t4,221,0,1722100123,ga-q14,general-aptitude,ga-logical-reasoning,easy,850,low,0.0,syllogisms|logical-deduction|critical-reasoning,standard,0,0,none,0.0,practice_test,963.0,beginner,0,0,0.0,0,0,0.0,0,0,0.0,0.6571186864870786,0.0,0,65.58162329298463,32,1.0,0.6571186864870786,-21,0,beginner,942,0.0,0,0,0.0,0,0,0.0,-21,easy,easy,Developing,2
s221_t4,221,0,1722100124,ps-q16,probability-statistics,ps-distributions,medium,1200,medium,0.0,probability-distributions|cumulative-distribution|expected-value,standard,0,0,none,0.0,practice_test,942.0,beginner,0,0,0.0,0,0,0.0,0,0,0.0,0.1846481847166994,0.0,0,53.59439260823796,32,1.0,0.1846481847166994,-6,0,beginner,936,0.0,0,0,0.0,0,0,0.0,-6,medium,medium,Developing,4
s221_t4,221,0,1722100125,ml-q89,machine-learning,ml-supervised,medium,1370,high,0.0,linear-regression|logistic-regression|decision-trees|svm|naive-bayes|ensemble-methods,standard,0,0,none,0.0,practice_test,936.0,beginner,0,0,0.0,0,0,0.0,0,0,0.0,0.0759771035027654,0.0,0,103.46433223679642,32,1.0,0.0759771035027654,-2,0,beginner,934,0.0,0,0,0.0,0,0,0.0,-2,medium,medium,Developing,4
s221_t4,221,0,1722100126,ds-q353,artificial-intelligence,algorithms,medium,1440,high,0.0,sorting|searching|dynamic-programming|greedy,standard,0,0,none,0.0,practice_test,934.0,beginner,0,0,0.0,0,0,0.0,0,0,0.0,0.0515258875974667,0.0,0,110.58662468463044,32,1.0,0.0515258875974667,-2,0,beginner,932,0.0,0,0,0.0,0,0,0.0,-2,medium,medium,Developing,6
s221_t4,221,0,1722100127,la-q58,linear-algebra,la-eigenvalues,medium,1130,medium,0.0,eigenvalues|eigenvectors|diagonalization|spectral-theorem,standard,0,0,none,0.0,practice_test,932.0,beginner,0,0,0.0,0,0,0.0,0,0,0.0,0.2423608251377483,0.0,0,108.71971994563155,32,1.0,0.2423608251377483,-8,0,beginner,924,0.0,0,0,0.0,0,0,0.0,-8,medium,medium,Developing,4
s221_t4,221,0,1722100128,ds-q188,artificial-intelligence,algorithms,medium,1480,high,0.0,sorting|searching|dynamic-programming|greedy,standard,0,0,none,0.0,practice_test,924.0,beginner,0,0,0.0,0,0,0.0,0,0,0.0,0.0391434027516929,0.0,0,53.22363787154392,32,1.0,0.0391434027516929,-1,0,beginner,923,0.0,0,0,0.0,0,0,0.0,-1,medium,medium,Developing,6
s221_t4,221,0,1722100129,la-q45,linear-algebra,la-matrices,medium,1090,medium,0.0,addition|scalar-multiplication|matrix-multiplication|determinants|minors|cofactors|symmetric|orthogonal,standard,0,0,none,0.0,practice_test,923.0,beginner,0,0,0.0,0,0,0.0,0,0,0.0,0.2766121305608294,0.0,0,90.1322492309183,32,1.0,0.2766121305608294,-9,0,beginner,914,0.0,0,0,0.0,0,0,0.0,-9,medium,medium,Developing,4
s221_t4,221,0,1722100130,dsa-q39,programming-dsa,dsa-arrays,easy,890,low,0.0,array-operations|indexing|searching|sorting,standard,0,0,none,0.0,practice_test,914.0,beginner,0,0,0.0,0,0,0.0,0,0,0.0,0.5344839447268315,0.0,0,51.29596401608783,32,1.0,0.5344839447268315,-17,0,beginner,897,0.0,0,0,0.0,0,0,0.0,-17,easy,easy,Developing,2
s221_t4,221,0,1722100131,co-q13,calculus-optimization,co-differentiation,medium,1300,medium,0.0,derivatives|chain-rule|product-rule|critical-points,standard,0,0,none,0.0,practice_test,897.0,beginner,0,0,0.0,0,0,0.0,0,0,0.0,0.0894919159507723,0.0,0,131.36451536470685,32,1.0,0.0894919159507723,-3,0,beginner,894,0.0,0,0,0.0,0,0,0.0,-3,medium,medium,Developing,4
s221_t4,221,0,1722100132,ml-q106,machine-learning,ml-unsupervised,easy,840,low,0.0,clustering|k-means|hierarchical-clustering|dimensionality-reduction|pca,standard,0,0,none,0.0,practice_test,894.0,beginner,0,0,0.0,0,0,0.0,0,0,0.0,0.577092475825329,0.0,1,127.01750063872144,32,1.0,0.577092475825329,14,0,beginner,908,0.0,0,0,0.0,0,0,0.0,14,easy,easy,Developing,2
s221_t4,221,0,1722100133,ga-q7,general-aptitude,ga-quantitative-aptitude,easy,820,low,0.0,arithmetic|algebra|geometry|permutations|combinations,standard,0,0,none,0.0,practice_test,908.0,beginner,0,0,0.0,0,0,0.0,0,0,0.0,0.6240017586176672,0.0,1,26.68457594424895,32,1.0,0.6240017586176672,12,0,beginner,920,0.0,0,0,0.0,0,0,0.0,12,easy,easy,Developing,2
s221_t4,221,0,1722100134,la-17,linear-algebra,la-matrices,medium,1210,medium,0.0,,standard,0,0,none,0.0,practice_test,920.0,beginner,0,0,0.0,0,0,0.0,0,0,0.0,0.1585076330767581,0.0,0,45.86291718363611,32,1.0,0.1585076330767581,-5,0,beginner,915,0.0,0,0,0.0,0,0,0.0,-5,medium,medium,Developing,4
s221_t4,221,0,1722100135,ga-q2,general-aptitude,ga-quantitative-aptitude,easy,860,low,0.0,arithmetic|algebra|geometry|permutations|combinations,standard,0,0,none,0.0,practice_test,915.0,beginner,0,0,0.0,0,0,0.0,0,0,0.0,0.5784967523447427,0.0,1,130.89506095766964,32,1.0,0.5784967523447427,13,0,beginner,928,0.0,0,0,0.0,0,0,0.0,13,easy,easy,Developing,2
s221_t4,221,0,1722100136,co-q50,calculus-optimization,co-integration,medium,1350,high,0.0,definite-integrals|indefinite-integrals|integration-by-parts|u-substitution|fundamental-theorem,standard,0,0,none,0.0,practice_test,928.0,beginner,0,0,0.0,0,0,0.0,0,0,0.0,0.0809709508054486,0.0,0,53.897052656124096,32,1.0,0.0809709508054486,-3,0,beginner,925,0.0,0,0,0.0,0,0,0.0,-3,medium,medium,Developing,4
s221_t4,221,0,1722100137,ml-q55,machine-learning,ml-evaluation,easy,1310,high,0.0,accuracy|precision|recall|f1-score|cross-validation,standard,0,0,none,0.0,practice_test,925.0,beginner,0,0,0.0,0,0,0.0,0,0,0.0,0.0983017453978049,0.0,0,123.44636584257856,32,1.0,0.0983017453978049,-3,0,beginner,922,0.0,0,0,0.0,0,0,0.0,-3,easy,easy,Developing,4
s221_t4,221,0,1722100138,ga-q23,general-aptitude,ga-logical-reasoning,easy,790,low,0.0,syllogisms|logical-deduction|critical-reasoning,standard,0,0,none,0.0,practice_test,922.0,beginner,0,0,0.0,0,0,0.0,0,0,0.0,0.6813218351663937,0.0,1,82.97650577696842,32,1.0,0.6813218351663937,10,0,beginner,932,0.0,0,0,0.0,0,0,0.0,10,easy,easy,Developing,2
s221_t4,221,0,1722100139,dsa-q70,programming-dsa,dsa-complexity,hard,2010,high,0.0,time-complexity|space-complexity|big-o-notation,standard,0,0,none,0.0,practice_test,932.0,beginner,0,0,0.0,0,0,0.0,0,0,0.0,0.0020143007667675,0.0,0,27.486524483868145,32,1.0,0.0020143007667675,0,0,beginner,932,0.0,0,0,0.0,0,0,0.0,0,hard,hard,Developing,8
s221_t4,221,0,1722100140,ds-q371,artificial-intelligence,regularization,medium,1460,high,0.0,l1-regularization|l2-regularization|dropout,standard,0,0,none,0.0,practice_test,932.0,beginner,0,0,0.0,0,0,0.0,0,0,0.0,0.0456767810396623,0.0,0,46.67450762645417,32,1.0,0.0456767810396623,-1,0,beginner,931,0.0,0,0,0.0,0,0,0.0,-1,medium,medium,Developing,6
s221_t4,221,0,1722100141,ga-q29,general-aptitude,ga-logical-reasoning,easy,800,low,0.0,syllogisms|logical-deduction|critical-reasoning,standard,0,0,none,0.0,practice_test,931.0,beginner,0,0,0.0,0,0,0.0,0,0,0.0,0.6800706757372215,0.0,1,121.16542596204376,32,1.0,0.6800706757372215,10,0,beginner,941,0.0,0,0,0.0,0,0,0.0,10,easy,easy,Developing,2
s221_t4,221,0,1722100142,dsa-q61,programming-dsa,dsa-trees,medium,1190,medium,0.0,binary-trees|bst|tree-traversal|balanced-trees,standard,0,0,none,0.0,practice_test,941.0,beginner,0,0,0.0,0,0,0.0,0,0,0.0,0.1925758183287207,0.0,1,50.86798358367098,32,1.0,0.1925758183287207,26,0,beginner,967,0.0,0,0,0.0,0,0,0.0,26,medium,medium,Developing,4
s221_t4,221,0,1722100143,ga-q26,general-aptitude,ga-verbal-reasoning,easy,830,low,0.0,reading-comprehension|vocabulary|sentence-correction|para-jumbles,standard,0,0,none,0.0,practice_test,967.0,beginner,0,0,0.0,0,0,0.0,0,0,0.0,0.6875382482123418,0.0,1,83.49809246345663,32,1.0,0.6875382482123418,10,0,beginner,977,0.0,0,0,0.0,0,0,0.0,10,easy,easy,Developing,2
s221_t4,221,0,1722100144,ds-q362,probability-statistics,probability,medium,1110,medium,0.0,sample-spaces|events|conditional-probability|independence,standard,0,0,none,0.0,practice_test,977.0,beginner,0,0,0.0,0,0,0.0,0,0,0.0,0.3174296145252281,0.0,0,89.09375059059317,32,1.0,0.3174296145252281,-10,0,beginner,967,0.0,0,0,0.0,0,0,0.0,-10,medium,medium,Developing,4
s221_t4,221,0,1722100145,dsa-q46,programming-dsa,dsa-trees,medium,1350,high,0.0,binary-trees|bst|tree-traversal|balanced-trees,standard,0,0,none,0.0,practice_test,967.0,beginner,0,0,0.0,0,0,0.0,0,0,0.0,0.0993269640096438,0.0,0,25.313639869034954,32,1.0,0.0993269640096438,-3,0,beginner,964,0.0,0,0,0.0,0,0,0.0,-3,medium,medium,Developing,4
s221_t4,221,0,1722100146,ds-q425,probability-statistics,probability-theory,medium,1050,medium,0.0,bayes-theorem|permutations|combinations|probability-rules,standard,0,0,none,0.0,practice_test,964.0,beginner,0,0,0.0,0,0,0.0,0,0,0.0,0.3787032768775454,0.0,0,100.01475631465142,32,1.0,0.3787032768775454,-12,0,beginner,952,0.0,0,0,0.0,0,0,0.0,-12,medium,medium,Developing,2
s221_t4,221,0,1722100147,la-q53,linear-algebra,la-eigenvalues,medium,1270,medium,0.0,eigenvalues|eigenvectors|diagonalization|spectral-theorem,standard,0,0,none,0.0,practice_test,952.0,beginner,0,0,0.0,0,0,0.0,0,0,0.0,0.1381721524200822,0.0,0,104.7258758389904,32,1.0,0.1381721524200822,-4,0,beginner,948,0.0,0,0,0.0,0,0,0.0,-4,medium,medium,Developing,4
s221_t4,221,0,1722100148,co-q36,calculus-optimization,co-differentiation,medium,1100,medium,0.0,partial-derivatives|chain-rule|product-rule|critical-points|gradients|implicit-differentiation,standard,0,0,none,0.0,practice_test,948.0,beginner,0,0,0.0,0,0,0.0,0,0,0.0,0.2942186402879975,0.0,0,56.42293232740808,32,1.0,0.2942186402879975,-9,0,beginner,939,0.0,0,0,0.0,0,0,0.0,-9,medium,medium,Developing,4
s221_t4,221,0,1722100149,dbms-q15,dbms,data-warehousing-olap,hard,2410,high,0.0,olap|cubes|aggregation,standard,0,0,none,0.0,practice_test,939.0,beginner,0,0,0.0,0,0,0.0,0,0,0.0,0.0002100916291369,0.0,0,39.78346223609509,32,1.0,0.0002100916291369,0,0,beginner,939,0.0,0,0,0.0,0,0,0.0,0,hard,hard,Developing,10
s221_t4,221,0,1722100150,co-q55,calculus-optimization,co-integration,medium,1240,medium,0.0,definite-integrals|indefinite-integrals|integration-by-parts|u-substitution|fundamental-theorem,standard,0,0,none,0.0,practice_test,939.0,beginner,0,0,0.0,0,0,0.0,0,0,0.0,0.1502431481572538,0.0,0,37.90425229287027,32,1.0,0.1502431481572538,-5,0,beginner,934,0.0,0,0,0.0,0,0,0.0,-5,medium,medium,Developing,4
s221_t4,221,0,1722100151,ps-q35,probability-statistics,ps-probability,easy,780,low,0.0,basic-probability|bayes-theorem|conditional-probability|independence|random-variables,standard,0,0,none,0.0,practice_test,934.0,beginner,0,0,0.0,0,0,0.0,0,0,0.0,0.7081663882812006,0.0,0,90.94845746638634,32,1.0,0.7081663882812006,-23,0,beginner,911,0.0,0,0,0.0,0,0,0.0,-23,easy,easy,Developing,2
s221_t4,221,0,1722100152,ps-q25,probability-statistics,ps-distributions,medium,1200,medium,0.0,probability-distributions|cumulative-distribution|expected-value,standard,0,0,none,0.0,practice_test,911.0,beginner,0,0,0.0,0,0,0.0,0,0,0.0,0.1592769573383849,0.0,0,31.21380213802533,32,1.0,0.1592769573383849,-5,0,beginner,906,0.0,0,0,0.0,0,0,0.0,-5,medium,medium,Developing,4
s221_t4,221,0,1722100153,ps-q41,probability-statistics,ps-probability,easy,1200,medium,0.0,basic-probability|bayes-theorem|conditional-probability|independence|random-variables,standard,0,0,none,0.0,practice_test,906.0,beginner,0,0,0.0,0,0,0.0,0,0,0.0,0.1554604717699649,0.0,0,30.58184995234035,32,1.0,0.1554604717699649,-5,0,beginner,901,0.0,0,0,0.0,0,0,0.0,-5,easy,easy,Developing,4
s221_t4,221,0,1722100154,dsa-q82,programming-dsa,dsa-complexity,easy,840,low,0.0,time-complexity|space-complexity|big-o-notation,standard,0,0,none,0.0,practice_test,901.0,beginner,0,0,0.0,0,0,0.0,0,0,0.0,0.5868950233791,0.0,0,118.35045053734184,32,1.0,0.5868950233791,-19,0,beginner,882,0.0,0,0,0.0,0,0,0.0,-19,easy,easy,Developing,2
s221_t4,221,0,1722100155,dbms-q27,dbms,dbms-sql,easy,830,low,0.0,select|joins|group-by|aggregation,standard,0,0,none,0.0,practice_test,882.0,beginner,0,0,0.0,0,0,0.0,0,0,0.0,0.5742802036545245,0.0,1,98.9527254553041,32,1.0,0.5742802036545245,14,0,beginner,896,0.0,0,0,0.0,0,0,0.0,14,easy,easy,Developing,2
s221_t4,221,0,1722100156,ds-q54,dbms,dbms,medium,1310,high,0.0,database-fundamentals|acid-properties|transactions,standard,0,0,none,0.0,practice_test,896.0,beginner,0,0,0.0,0,0,0.0,0,0,0.0,0.0844646732967243,0.0,0,65.47831805663225,32,1.0,0.0844646732967243,-3,0,beginner,893,0.0,0,0,0.0,0,0,0.0,-3,medium,medium,Developing,4
s221_t4,221,0,1722100157,dsa-q63,programming-dsa,dsa-trees,easy,820,low,0.0,binary-trees|bst|tree-traversal|balanced-trees,standard,0,0,none,0.0,practice_test,893.0,beginner,0,0,0.0,0,0,0.0,0,0,0.0,0.6035363185261781,0.0,1,70.84130994544375,32,1.0,0.6035363185261781,13,0,beginner,906,0.0,0,0,0.0,0,0,0.0,13,easy,easy,Developing,2
s221_t4,221,0,1722100158,dsa-q12,programming-dsa,dsa-trees,easy,880,low,0.0,binary-trees|bst|tree-traversal|balanced-trees,standard,0,0,none,0.0,practice_test,906.0,beginner,0,0,0.0,0,0,0.0,0,0,0.0,0.5373473171664928,0.0,0,86.80169442106,32,1.0,0.5373473171664928,-17,0,beginner,889,0.0,0,0,0.0,0,0,0.0,-17,easy,easy,Developing,2
s221_t4,221,0,1722100159,ds-q18,machine-learning,machine-learning,easy,850,low,0.0,supervised|unsupervised|reinforcement|evaluation,standard,0,0,none,0.0,practice_test,889.0,beginner,0,0,0.0,0,0,0.0,0,0,0.0,0.5558909611168531,0.0,1,70.8636676143236,32,1.0,0.5558909611168531,14,0,beginner,903,0.0,0,0,0.0,0,0,0.0,14,easy,easy,Developing,2
s221_t4,221,0,1722100160,ds-q21,machine-learning,machine-learning,medium,1180,medium,0.0,supervised|unsupervised|reinforcement|evaluation,standard,0,0,none,0.0,practice_test,903.0,beginner,0,0,0.0,0,0,0.0,0,0,0.0,0.1687460843479534,0.0,0,55.18304849521063,32,1.0,0.1687460843479534,-5,0,beginner,898,0.0,0,0,0.0,0,0,0.0,-5,medium,medium,Developing,4
s221_t4,221,0,1722100161,ga-q15,general-aptitude,ga-quantitative-aptitude,easy,800,low,0.0,arithmetic|algebra|geometry|permutations|combinations,standard,0,0,none,0.0,practice_test,898.0,beginner,0,0,0.0,0,0,0.0,0,0,0.0,0.6374083767444845,0.0,0,107.84133243192473,32,1.0,0.6374083767444845,-20,0,beginner,878,0.0,0,0,0.0,0,0,0.0,-20,easy,easy,Developing,2
s221_t4,221,0,1722100162,ds-q50,artificial-intelligence,data-structures,medium,1170,medium,0.0,arrays|linked-lists|stacks|queues|trees,standard,0,0,none,0.0,practice_test,878.0,beginner,0,0,0.0,0,0,0.0,0,0,0.0,0.1569780355859638,0.0,0,39.06928063862873,32,1.0,0.1569780355859638,-5,0,beginner,873,0.0,0,0,0.0,0,0,0.0,-5,medium,medium,Developing,4
s221_t4,221,0,1722100163,dsa-q48,programming-dsa,dsa-trees,medium,1410,high,0.0,binary-trees|bst|tree-traversal|balanced-trees,standard,0,0,none,0.0,practice_test,873.0,beginner,0,0,0.0,0,0,0.0,0,0,0.0,0.0434708574113939,0.0,0,95.81551927992776,32,1.0,0.0434708574113939,-1,0,beginner,872,0.0,0,0,0.0,0,0,0.0,-1,medium,medium,Developing,4
s221_t4,221,0,1722100164,dsa-q77,programming-dsa,dsa-complexity,medium,1180,medium,0.0,time-complexity|space-complexity|big-o-notation,standard,0,0,none,0.0,practice_test,872.0,beginner,0,0,0.0,0,0,0.0,0,0,0.0,0.1451708224682404,0.0,0,36.72816361937704,32,1.0,0.1451708224682404,-5,0,beginner,867,0.0,0,0,0.0,0,0,0.0,-5,medium,medium,Developing,4
s221_t4,221,0,1722100165,la-q60,linear-algebra,la-eigenvalues,hard,1870,high,0.0,eigenvalues|eigenvectors|diagonalization|spectral-theorem,standard,0,0,none,0.0,practice_test,867.0,beginner,0,0,0.0,0,0,0.0,0,0,0.0,0.0030985053270875,0.0,0,82.09622317966901,32,1.0,0.0030985053270875,0,0,beginner,867,0.0,0,0,0.0,0,0,0.0,0,hard,hard,Developing,8
s221_t4,221,0,1722100166,dsa-q81,programming-dsa,dsa-complexity,medium,1310,high,0.0,time-complexity|space-complexity|big-o-notation,standard,0,0,none,0.0,practice_test,867.0,beginner,0,0,0.0,0,0,0.0,0,0,0.0,0.0724188949265398,0.0,0,91.96753487627598,32,1.0,0.0724188949265398,-2,0,beginner,865,0.0,0,0,0.0,0,0,0.0,-2,medium,medium,Developing,4
s221_t4,221,0,1722100167,ai-q24,artificial-intelligence,ai-search,medium,1320,high,0.0,breadth-first-search|depth-first-search|a-star|heuristics,standard,0,0,none,0.0,practice_test,865.0,beginner,0,0,0.0,0,0,0.0,0,0,0.0,0.0679135152972564,0.0,0,52.08050811720983,32,1.0,0.0679135152972564,-2,0,beginner,863,0.0,0,0,0.0,0,0,0.0,-2,medium,medium,Developing,4
s221_t4,221,0,1722100168,dbms-q26,dbms,dbms-sql,easy,880,low,0.0,select|joins|group-by|aggregation,standard,0,0,none,0.0,practice_test,863.0,beginner,0,0,0.0,0,0,0.0,0,0,0.0,0.4755545388793386,0.0,0,16.65465316826883,32,1.0,0.4755545388793386,-15,0,beginner,848,0.0,0,0,0.0,0,0,0.0,-15,easy,easy,Developing,2
s221_t4,221,0,1722100169,ds-q79,calculus-optimization,calculus,easy,910,medium,0.0,derivatives|integrals|limits|continuity,standard,0,0,none,0.0,practice_test,848.0,beginner,0,0,0.0,0,0,0.0,0,0,0.0,0.4117100281368371,0.0,0,119.54204551783862,32,1.0,0.4117100281368371,-13,0,beginner,835,0.0,0,0,0.0,0,0,0.0,-13,easy,easy,Developing,2
s221_t4,221,0,1722100170,dsa-q60,programming-dsa,dsa-trees,medium,1050,medium,0.0,binary-trees|bst|tree-traversal|balanced-trees,standard,0,0,none,0.0,practice_test,835.0,beginner,0,0,0.0,0,0,0.0,0,0,0.0,0.2248471343503159,0.0,0,49.63159896208755,32,1.0,0.2248471343503159,-7,0,beginner,828,0.0,0,0,0.0,0,0,0.0,-7,medium,medium,Developing,2
s221_t4,221,0,1722100171,ga-q25,general-aptitude,ga-verbal-reasoning,easy,860,low,0.0,reading-comprehension|vocabulary|sentence-correction|para-jumbles,standard,0,0,none,0.0,practice_test,828.0,beginner,0,0,0.0,0,0,0.0,0,0,0.0,0.4540780772195163,0.0,1,125.1579555643704,32,1.0,0.4540780772195163,17,0,beginner,845,0.0,0,0,0.0,0,0,0.0,17,easy,easy,Developing,2
s221_t4,221,0,1722100172,ds-q45,probability-statistics,probability-theory,medium,1140,medium,0.0,bayes-theorem|permutations|combinations|probability-rules,standard,0,0,none,0.0,practice_test,845.0,beginner,0,0,0.0,0,0,0.0,0,0,0.0,0.1547061893820004,0.0,0,64.87027364683885,32,1.0,0.1547061893820004,-5,0,beginner,840,0.0,0,0,0.0,0,0,0.0,-5,medium,medium,Developing,4
s221_t4,221,0,1722100173,ga-q3,general-aptitude,ga-quantitative-aptitude,easy,820,low,0.0,arithmetic|algebra|geometry|permutations|combinations,standard,0,0,none,0.0,practice_test,840.0,beginner,0,0,0.0,0,0,0.0,0,0,0.0,0.5287505638922686,0.0,0,120.140611255245,32,1.0,0.5287505638922686,-17,0,beginner,823,0.0,0,0,0.0,0,0,0.0,-17,easy,easy,Developing,2
s221_t4,221,0,1722100174,dsa-q9,programming-dsa,dsa-complexity,medium,1200,medium,0.0,time-complexity|space-complexity|big-o-notation,standard,0,0,none,0.0,practice_test,823.0,beginner,0,0,0.0,0,0,0.0,0,0,0.0,0.1024598858712761,0.0,0,10.897521033257933,32,1.0,0.1024598858712761,-3,0,beginner,820,0.0,0,0,0.0,0,0,0.0,-3,medium,medium,Developing,4
s221_t4,221,0,1722100175,la-q56,linear-algebra,la-eigenvalues,medium,1090,medium,0.0,eigenvalues|eigenvectors|diagonalization|spectral-theorem,standard,0,0,none,0.0,practice_test,820.0,beginner,0,0,0.0,0,0,0.0,0,0,0.0,0.1744740126388183,0.0,0,60.40095494698806,32,1.0,0.1744740126388183,-6,0,beginner,814,0.0,0,0,0.0,0,0,0.0,-6,medium,medium,Developing,4
s221_t4,221,0,1722100176,ps-q75,probability-statistics,ps-distributions,medium,1340,high,0.0,normal-distribution|binomial-distribution|poisson-distribution|cumulative-distribution|expected-value|variance,standard,0,0,none,0.0,practice_test,814.0,beginner,0,0,0.0,0,0,0.0,0,0,0.0,0.0461812674008591,0.0,0,142.31876493883004,32,1.0,0.0461812674008591,-1,0,beginner,813,0.0,0,0,0.0,0,0,0.0,-1,medium,medium,Developing,4
s221_t4,221,0,1722100177,dsa-q40,programming-dsa,dsa-arrays,medium,1280,medium,0.0,array-operations|indexing|searching|sorting,standard,0,0,none,0.0,practice_test,813.0,beginner,0,0,0.0,0,0,0.0,0,0,0.0,0.0636691885305839,0.0,0,128.60768072310395,32,1.0,0.0636691885305839,-2,0,beginner,811,0.0,0,0,0.0,0,0,0.0,-2,medium,medium,Developing,4
s221_t4,221,0,1722100178,dsa-q36,programming-dsa,dsa-arrays,hard,1500,high,0.0,array-operations|indexing|searching|sorting,standard,0,0,none,0.0,practice_test,811.0,beginner,0,0,0.0,0,0,0.0,0,0,0.0,0.0185929866396564,0.0,0,74.6470035561872,32,1.0,0.0185929866396564,-1,0,beginner,810,0.0,0,0,0.0,0,0,0.0,-1,hard,hard,Developing,6
s221_t4,221,0,1722100179,la-29,linear-algebra,la-matrices,medium,1210,medium,0.0,,standard,0,0,none,0.0,practice_test,810.0,beginner,0,0,0.0,0,0,0.0,0,0,0.0,0.0909090909090909,0.0,0,42.74678231564151,32,1.0,0.0909090909090909,-3,0,beginner,807,0.0,0,0,0.0,0,0,0.0,-3,medium,medium,Developing,4
s221_t4,221,0,1722100180,ga-q28,general-aptitude,ga-logical-reasoning,medium,1010,medium,0.0,syllogisms|logical-deduction|critical-reasoning,standard,0,0,none,0.0,practice_test,807.0,beginner,0,0,0.0,0,0,0.0,0,0,0.0,0.2371150196947458,0.0,0,70.90521624479892,32,1.0,0.2371150196947458,-8,0,beginner,799,0.0,0,0,0.0,0,0,0.0,-8,medium,medium,Developing,2
s221_t4,221,0,1722100181,ds-q272,probability-statistics,probability,easy,960,medium,0.0,sample-spaces|events|conditional-probability|independence,standard,0,0,none,0.0,practice_test,799.0,beginner,0,0,0.0,0,0,0.0,0,0,0.0,0.2835763058970612,0.0,1,115.83300089563532,32,1.0,0.2835763058970612,23,0,beginner,822,0.0,0,0,0.0,0,0,0.0,23,easy,easy,Developing,2
s221_t4,221,0,1722100182,ps-q39,probability-statistics,ps-probability,medium,1170,medium,0.0,basic-probability|bayes-theorem|conditional-probability|independence|random-variables,standard,0,0,none,0.0,practice_test,822.0,beginner,0,0,0.0,0,0,0.0,0,0,0.0,0.1188622164463017,0.0,0,54.6322543970624,32,1.0,0.1188622164463017,-4,0,beginner,818,0.0,0,0,0.0,0,0,0.0,-4,medium,medium,Developing,4
s221_t4,221,0,1722100183,ds-q345,machine-learning,machine-learning,easy,980,medium,0.0,supervised|unsupervised|reinforcement|evaluation,standard,0,0,none,0.0,practice_test,818.0,beginner,0,0,0.0,0,0,0.0,0,0,0.0,0.2824082768084685,0.0,0,121.59457203445965,32,1.0,0.2824082768084685,-9,0,beginner,809,0.0,0,0,0.0,0,0,0.0,-9,easy,easy,Developing,2
s221_t4,221,0,1722100184,ml-q41,machine-learning,ml-supervised,medium,1360,high,0.0,linear-regression|logistic-regression|decision-trees|svm,standard,0,0,none,0.0,practice_test,809.0,beginner,0,0,0.0,0,0,0.0,0,0,0.0,0.0402404156313757,0.0,0,40.33089115289384,32,1.0,0.0402404156313757,-1,0,beginner,808,0.0,0,0,0.0,0,0,0.0,-1,medium,medium,Developing,4
s221_t17,221,4,1722100740,dsa-q67,programming-dsa,dsa-complexity,easy,740,low,0.0,time-complexity|space-complexity|big-o-notation,standard,0,0,none,0.0,practice_test,775.0,beginner,0,0,0.0,0,0,0.0,0,0,0.0,0.550199353253537,0.0,1,46.16271715732651,32,1.0,0.550199353253537,14,0,beginner,789,0.0,0,0,0.0,0,0,0.0,14,easy,easy,Developing,2
s221_t17,221,4,1722100741,ga-q14,general-aptitude,ga-logical-reasoning,easy,850,low,0.0,syllogisms|logical-deduction|critical-reasoning,standard,0,0,none,0.0,practice_test,789.0,beginner,0,0,0.0,0,0,0.0,0,0,0.0,0.4131049766208999,0.0,0,89.15527005652784,32,1.0,0.4131049766208999,-13,0,beginner,776,0.0,0,0,0.0,0,0,0.0,-13,easy,easy,Developing,2
s221_t17,221,4,1722100742,dsa-q71,programming-dsa,dsa-complexity,medium,1080,medium,0.0,time-complexity|space-complexity|big-o-notation,standard,0,0,none,0.0,practice_test,776.0,beginner,0,0,0.0,0,0,0.0,0,0,0.0,0.1480516541474262,0.0,0,48.93528069605235,32,1.0,0.1480516541474262,-5,0,beginner,771,0.0,0,0,0.0,0,0,0.0,-5,medium,medium,Developing,4
s221_t17,221,4,1722100743,co-q47,calculus-optimization,co-integration,medium,1410,high,0.0,definite-integrals|indefinite-integrals|integration-by-parts|u-substitution|fundamental-theorem,standard,0,0,none,0.0,practice_test,771.0,beginner,0,0,0.0,0,0,0.0,0,0,0.0,0.0246413412835204,0.0,1,96.10145778832955,32,1.0,0.0246413412835204,31,0,beginner,802,0.0,0,0,0.0,0,0,0.0,31,medium,medium,Developing,4
s221_t17,221,4,1722100744,dbms-q36,dbms,dbms-sql,easy,750,low,0.0,select|joins|group-by|aggregation,standard,0,0,none,0.0,practice_test,802.0,beginner,0,0,0.0,0,0,0.0,0,0,0.0,0.5742802036545245,0.0,1,60.82033917275872,32,1.0,0.5742802036545245,14,0,beginner,816,0.0,0,0,0.0,0,0,0.0,14,easy,easy,Developing,2
s221_t17,221,4,1722100745,ds-q368,machine-learning,machine-learning,medium,1150,medium,0.0,supervised|unsupervised|reinforcement|evaluation,standard,0,0,none,0.0,practice_test,816.0,beginner,0,0,0.0,0,0,0.0,0,0,0.0,0.1275653963642402,0.0,0,37.22947715144136,32,1.0,0.1275653963642402,-4,0,beginner,812,0.0,0,0,0.0,0,0,0.0,-4,medium,medium,Developing,4
s221_t17,221,4,1722100746,ml-q35,machine-learning,ml-supervised,medium,1200,medium,0.0,linear-regression|logistic-regression|decision-trees|svm,standard,0,0,none,0.0,practice_test,812.0,beginner,0,0,0.0,0,0,0.0,0,0,0.0,0.0967815957048191,0.0,0,41.73872003548619,32,1.0,0.0967815957048191,-3,0,beginner,809,0.0,0,0,0.0,0,0,0.0,-3,medium,medium,Developing,4
s221_t17,221,4,1722100747,ml-q21,general-aptitude,unknown,medium,1310,high,0.0,,standard,0,0,none,0.0,practice_test,809.0,beginner,0,0,0.0,0,0,0.0,0,0,0.0,0.0529508017989083,0.0,0,136.06424783224628,32,1.0,0.0529508017989083,-2,0,beginner,807,0.0,0,0,0.0,0,0,0.0,-2,medium,medium,Developing,4
s221_t17,221,4,1722100748,ps-q24,probability-statistics,ps-distributions,hard,2180,high,0.0,probability-distributions|cumulative-distribution|expected-value,standard,0,0,none,0.0,practice_test,807.0,beginner,0,0,0.0,0,0,0.0,0,0,0.0,0.000369266236434,0.0,0,99.4338157463368,32,1.0,0.000369266236434,0,0,beginner,807,0.0,0,0,0.0,0,0,0.0,0,hard,hard,Developing,10
s221_t17,221,4,1722100749,co-q43,calculus-optimization,co-integration,easy,740,low,0.0,definite-integrals|indefinite-integrals|integration-by-parts|u-substitution|fundamental-theorem,standard,0,0,none,0.0,practice_test,807.0,beginner,0,0,0.0,0,0,0.0,0,0,0.0,0.5952430396515719,0.0,0,87.15470420450559,32,1.0,0.5952430396515719,-19,0,beginner,788,0.0,0,0,0.0,0,0,0.0,-19,easy,easy,Developing,2
s221_t17,221,4,1722100750,ds-q455,calculus-optimization,calculus,medium,1210,medium,0.0,derivatives|integrals|limits|continuity,standard,0,0,none,0.0,practice_test,788.0,beginner,0,0,0.0,0,0,0.0,0,0,0.0,0.0809709508054486,0.0,0,46.182181304018805,32,1.0,0.0809709508054486,-3,0,beginner,785,0.0,0,0,0.0,0,0,0.0,-3,medium,medium,Developing,4
s221_t17,221,4,1722100751,la-q5,linear-algebra,la-eigenvalues,easy,760,low,0.0,eigenvalues|eigenvectors|diagonalization|spectral-theorem,standard,0,0,none,0.0,practice_test,785.0,beginner,0,0,0.0,0,0,0.0,0,0,0.0,0.5359159269451023,0.0,1,129.32646792659523,32,1.0,0.5359159269451023,15,0,beginner,800,0.0,0,0,0.0,0,0,0.0,15,easy,easy,Developing,2
s221_t17,221,4,1722100752,ds-q442,machine-learning,machine-learning,easy,850,low,0.0,supervised|unsupervised|reinforcement|evaluation,standard,0,0,none,0.0,practice_test,800.0,beginner,0,0,0.0,0,0,0.0,0,0,0.0,0.4285368825916186,0.0,0,37.42619027582575,32,1.0,0.4285368825916186,-14,0,beginner,786,0.0,0,0,0.0,0,0,0.0,-14,easy,easy,Developing,2
s221_t17,221,4,1722100753,ml-q53,machine-learning,ml-supervised,easy,720,low,0.0,linear-regression|logistic-regression|decision-trees|svm,standard,0,0,none,0.0,practice_test,786.0,beginner,0,0,0.0,0,0,0.0,0,0,0.0,0.5938553852361779,0.0,1,61.75617603489571,32,1.0,0.5938553852361779,13,0,beginner,799,0.0,0,0,0.0,0,0,0.0,13,easy,easy,Developing,2
s221_t17,221,4,1722100754,ds-q56,probability-statistics,conditional-probability,medium,1050,medium,0.0,bayes-rule|conditional-independence,standard,0,0,none,0.0,practice_test,799.0,beginner,0,0,0.0,0,0,0.0,0,0,0.0,0.1907920025141619,0.0,0,116.84468390854812,32,1.0,0.1907920025141619,-6,0,beginner,793,0.0,0,0,0.0,0,0,0.0,-6,medium,medium,Developing,2
s221_t17,221,4,1722100755,dsa-q60,programming-dsa,dsa-trees,medium,1050,medium,0.0,binary-trees|bst|tree-traversal|balanced-trees,standard,0,0,none,0.0,practice_test,793.0,beginner,0,0,0.0,0,0,0.0,0,0,0.0,0.1855164124952877,0.0,0,108.87766242951972,32,1.0,0.1855164124952877,-6,0,beginner,787,0.0,0,0,0.0,0,0,0.0,-6,medium,medium,Developing,2
s221_t17,221,4,1722100756,ga-q28,general-aptitude,ga-logical-reasoning,medium,1010,medium,0.0,syllogisms|logical-deduction|critical-reasoning,standard,0,0,none,0.0,practice_test,787.0,beginner,0,0,0.0,0,0,0.0,0,0,0.0,0.2169225565903239,0.0,0,134.3139923111521,32,1.0,0.2169225565903239,-7,0,beginner,780,0.0,0,0,0.0,0,0,0.0,-7,medium,medium,Developing,2
s221_t17,221,4,1722100757,ps-q74,probability-statistics,ps-distributions,medium,1340,high,0.0,normal-distribution|binomial-distribution|poisson-distribution|cumulative-distribution|expected-value|variance,standard,0,0,none,0.0,practice_test,780.0,beginner,0,0,0.0,0,0,0.0,0,0,0.0,0.0382865038822547,0.0,0,50.794297356166894,32,1.0,0.0382865038822547,-1,0,beginner,779,0.0,0,0,0.0,0,0,0.0,-1,medium,medium,Developing,4
s221_t17,221,4,1722100758,ds-q432,artificial-intelligence,ai-search,easy,820,low,0.0,breadth-first-search|depth-first-search|a-star|heuristics,standard,0,0,none,0.0,practice_test,779.0,beginner,0,0,0.0,0,0,0.0,0,0,0.0,0.4412686306752389,0.0,0,19.95844984451501,32,1.0,0.4412686306752389,-14,0,beginner,765,0.0,0,0,0.0,0,0,0.0,-14,easy,easy,Developing,2
s221_t17,221,4,1722100759,dsa-q29,programming-dsa,dsa-arrays,medium,1370,high,0.0,array-operations|indexing|searching|sorting,standard,0,0,none,0.0,practice_test,765.0,beginner,0,0,0.0,0,0,0.0,0,0,0.0,0.0298096549053202,0.0,0,132.80834489812332,32,1.0,0.0298096549053202,-1,0,beginner,764,0.0,0,0,0.0,0,0,0.0,-1,medium,medium,Developing,4
s221_t17,221,4,1722100760,la-19,linear-algebra,la-matrices,medium,1210,medium,0.0,,standard,0,0,none,0.0,practice_test,764.0,beginner,0,0,0.0,0,0,0.0,0,0,0.0,0.0712673657441494,0.0,0,83.44239849009465,32,1.0,0.0712673657441494,-2,0,beginner,762,0.0,0,0,0.0,0,0,0.0,-2,medium,medium,Developing,4
s221_t17,221,4,1722100761,ps-q10,probability-statistics,ps-distributions,medium,1210,medium,0.0,probability-distributions|cumulative-distribution|expected-value,standard,0,0,none,0.0,practice_test,762.0,beginner,0,0,0.0,0,0,0.0,0,0,0.0,0.0705090956252296,0.0,1,115.654575556634,32,1.0,0.0705090956252296,30,0,beginner,792,0.0,0,0,0.0,0,0,0.0,30,medium,medium,Developing,4
s221_t17,221,4,1722100762,ai-q44,artificial-intelligence,ai-logic,easy,910,medium,0.0,propositional-logic|syntax-semantics|truth-tables|validity-satisfiability|inference-rules|soundness-completeness|predicate-logic|first-order-logic|quantifiers|unification|resolution,standard,0,0,none,0.0,practice_test,792.0,beginner,0,0,0.0,0,0,0.0,0,0,0.0,0.3364259019587045,0.0,0,47.24678733672299,32,1.0,0.3364259019587045,-11,0,beginner,781,0.0,0,0,0.0,0,0,0.0,-11,easy,easy,Developing,2
s221_t17,221,4,1722100763,dsa-q81,programming-dsa,dsa-complexity,medium,1310,high,0.0,time-complexity|space-complexity|big-o-notation,standard,0,0,none,0.0,practice_test,781.0,beginner,0,0,0.0,0,0,0.0,0,0,0.0,0.0454265096778443,0.0,0,86.28338635787865,32,1.0,0.0454265096778443,-1,0,beginner,780,0.0,0,0,0.0,0,0,0.0,-1,medium,medium,Developing,4
s221_t17,221,4,1722100764,dsa-q31,programming-dsa,dsa-arrays,medium,1460,high,0.0,array-operations|indexing|searching|sorting,standard,0,0,none,0.0,practice_test,780.0,beginner,0,0,0.0,0,0,0.0,0,0,0.0,0.0195623038725795,0.0,0,47.51562640455751,32,1.0,0.0195623038725795,-1,0,beginner,779,0.0,0,0,0.0,0,0,0.0,-1,medium,medium,Developing,6
s221_t17,221,4,1722100765,dbms-q62,dbms,dbms-normalization,easy,1250,medium,0.0,functional-dependencies|closure-of-attributes|canonical-cover|lossless-join-decomposition|dependency-preservation|first-normal-form|second-normal-form|third-normal-form|boyce-codd-normal-form,standard,0,0,none,0.0,practice_test,779.0,beginner,0,0,0.0,0,0,0.0,0,0,0.0,0.0623102062738349,0.0,0,96.13710959653102,32,1.0,0.0623102062738349,-2,0,beginner,777,0.0,0,0,0.0,0,0,0.0,-2,easy,easy,Developing,4
s221_t17,221,4,1722100766,ps-q57,probability-statistics,ps-probability,easy,890,low,0.0,basic-probability|bayes-theorem|conditional-probability|independence|random-variables,standard,0,0,none,0.0,practice_test,777.0,beginner,0,0,0.0,0,0,0.0,0,0,0.0,0.3428813135129214,0.0,0,40.13259020876882,32,1.0,0.3428813135129214,-11,0,beginner,766,0.0,0,0,0.0,0,0,0.0,-11,easy,easy,Developing,2
s221_t17,221,4,1722100767,la-q20,linear-algebra,la-matrices,easy,870,low,0.0,addition|scalar-multiplication|matrix-multiplication|determinants|minors|cofactors|symmetric|orthogonal,standard,0,0,none,0.0,practice_test,766.0,beginner,0,0,0.0,0,0,0.0,0,0,0.0,0.3546475495606176,0.0,0,94.9213927105509,32,1.0,0.3546475495606176,-11,0,beginner,755,0.0,0,0,0.0,0,0,0.0,-11,easy,easy,Developing,2
s221_t17,221,4,1722100768,ds-q166,artificial-intelligence,statistics,easy,760,low,0.0,descriptive-statistics|mean|variance|standard-deviation,standard,0,0,none,0.0,practice_test,755.0,beginner,0,0,0.0,0,0,0.0,0,0,0.0,0.4928049182909486,0.0,0,39.46525611971145,32,1.0,0.4928049182909486,-16,0,beginner,739,0.0,0,0,0.0,0,0,0.0,-16,easy,easy,Developing,2
s221_t17,221,4,1722100769,dbms-q58,dbms,dbms-normalization,medium,1350,high,0.0,functional-dependencies|closure-of-attributes|canonical-cover|lossless-join-decomposition|dependency-preservation|first-normal-form|second-normal-form|third-normal-form|boyce-codd-normal-form,standard,0,0,none,0.0,practice_test,739.0,beginner,0,0,0.0,0,0,0.0,0,0,0.0,0.0288268163957222,0.0,0,100.52184000628348,32,1.0,0.0288268163957222,-1,0,beginner,738,0.0,0,0,0.0,0,0,0.0,-1,medium,medium,Developing,4
s235_t16,235,3,1723500675,ds-q436,probability-statistics,conditional-probability,medium,1210,medium,0.0,bayes-rule|conditional-independence,standard,0,0,none,0.0,practice_test,609.0,beginner,0,0,0.0,0,0,0.0,0,0,0.0,0.0304828450187082,0.0,0,73.7647351327602,32,1.0,0.0304828450187082,-1,0,beginner,608,0.0,0,0,0.0,0,0,0.0,-1,medium,medium,Developing,4
s235_t16,235,3,1723500676,dsa-q82,programming-dsa,dsa-complexity,easy,840,low,0.0,time-complexity|space-complexity|big-o-notation,standard,0,0,none,0.0,practice_test,608.0,beginner,0,0,0.0,0,0,0.0,0,0,0.0,0.2082511624918155,0.0,0,147.63007055570225,32,1.0,0.2082511624918155,-7,0,beginner,601,0.0,0,0,0.0,0,0,0.0,-7,easy,easy,Developing,2
s235_t16,235,3,1723500677,ds-q233,machine-learning,machine-learning,medium,1210,medium,0.0,supervised|unsupervised|reinforcement|evaluation,standard,0,0,none,0.0,practice_test,601.0,beginner,0,0,0.0,0,0,0.0,0,0,0.0,0.0291508846672584,0.0,0,106.33798321792376,32,1.0,0.0291508846672584,-1,0,beginner,600,0.0,0,0,0.0,0,0,0.0,-1,medium,medium,Developing,4
s235_t16,235,3,1723500678,la-q63,linear-algebra,la-eigenvalues,medium,1210,medium,0.0,eigenvalues|eigenvectors|diagonalization|spectral-theorem,standard,0,0,none,0.0,practice_test,600.0,beginner,0,0,0.0,0,0,0.0,0,0,0.0,0.0289884111997226,0.0,0,98.71550857812063,32,1.0,0.0289884111997226,-1,0,beginner,599,0.0,0,0,0.0,0,0,0.0,-1,medium,medium,Developing,4
s235_t16,235,3,1723500679,co-q22,calculus-optimization,co-differentiation,medium,1330,high,0.0,partial-derivatives|chain-rule|product-rule|critical-points|gradients|implicit-differentiation,standard,0,0,none,0.0,practice_test,599.0,beginner,0,0,0.0,0,0,0.0,0,0,0.0,0.0146584083144236,0.0,0,20.855003611860973,32,1.0,0.0146584083144236,0,0,beginner,599,0.0,0,0,0.0,0,0,0.0,0,medium,medium,Developing,4
s235_t16,235,3,1723500680,ga-q25,general-aptitude,ga-verbal-reasoning,easy,860,low,0.0,reading-comprehension|vocabulary|sentence-correction|para-jumbles,standard,0,0,none,0.0,practice_test,599.0,beginner,0,0,0.0,0,0,0.0,0,0,0.0,0.1820623689418843,0.0,0,79.37144446687162,32,1.0,0.1820623689418843,-6,0,beginner,593,0.0,0,0,0.0,0,0,0.0,-6,easy,easy,Developing,2
s235_t16,235,3,1723500681,ps-q32,probability-statistics,ps-distributions,medium,1210,medium,0.0,probability-distributions|cumulative-distribution|expected-value,standard,0,0,none,0.0,practice_test,593.0,beginner,0,0,0.0,0,0,0.0,0,0,0.0,0.0278754514909684,0.0,0,52.7326718191874,32,1.0,0.0278754514909684,-1,0,beginner,592,0.0,0,0,0.0,0,0,0.0,-1,medium,medium,Developing,4
s235_t16,235,3,1723500682,ps-q31,probability-statistics,ps-distributions,hard,1670,high,0.0,probability-distributions|cumulative-distribution|expected-value,standard,0,0,none,0.0,practice_test,592.0,beginner,0,0,0.0,0,0,0.0,0,0,0.0,0.0020143007667675,0.0,0,26.560806841502988,32,1.0,0.0020143007667675,0,0,beginner,592,0.0,0,0,0.0,0,0,0.0,0,hard,hard,Developing,6
s235_t16,235,3,1723500683,dbms-q21,dbms,dbms-normalization,hard,1900,high,0.0,functional-dependencies|first-normal-form|second-normal-form|third-normal-form|boyce-codd-normal-form,standard,0,0,none,0.0,practice_test,592.0,beginner,0,0,0.0,0,0,0.0,0,0,0.0,0.0005367435480184,0.0,0,124.26391048825312,32,1.0,0.0005367435480184,0,0,beginner,592,0.0,0,0,0.0,0,0,0.0,0,hard,hard,Developing,8
s235_t16,235,3,1723500684,co-q70,calculus-optimization,co-optimization,hard,2270,high,0.0,critical-points|extrema|optimization|lagrange-multipliers|convexity|gradient-descent,standard,0,0,none,0.0,practice_test,592.0,beginner,0,0,0.0,0,0,0.0,0,0,0.0,6.382227507627614e-05,0.0,0,73.22810975117865,32,1.0,6.382227507627614e-05,0,0,beginner,592,0.0,0,0,0.0,0,0,0.0,0,hard,hard,Developing,10
s235_t16,235,3,1723500685,dsa-q32,programming-dsa,dsa-arrays,medium,1250,medium,0.0,array-operations|indexing|searching|sorting,standard,0,0,none,0.0,practice_test,592.0,beginner,0,0,0.0,0,0,0.0,0,0,0.0,0.0221449389759908,0.0,0,43.128519013227134,32,1.0,0.0221449389759908,-1,0,beginner,591,0.0,0,0,0.0,0,0,0.0,-1,medium,medium,Developing,4
s235_t16,235,3,1723500686,dsa-q34,programming-dsa,dsa-arrays,medium,1200,medium,0.0,array-operations|indexing|searching|sorting,standard,0,0,none,0.0,practice_test,591.0,beginner,0,0,0.0,0,0,0.0,0,0,0.0,0.0291508846672584,0.0,0,62.13058277387888,32,1.0,0.0291508846672584,-1,0,beginner,590,0.0,0,0,0.0,0,0,0.0,-1,medium,medium,Developing,4
s235_t16,235,3,1723500687,ml-q39,machine-learning,ml-supervised,medium,1080,medium,0.0,linear-regression|logistic-regression|decision-trees|svm,standard,0,0,none,0.0,practice_test,590.0,beginner,0,0,0.0,0,0,0.0,0,0,0.0,0.0562175478474267,0.0,1,59.09463058946932,32,1.0,0.0562175478474267,30,0,beginner,620,0.0,0,0,0.0,0,0,0.0,30,medium,medium,Developing,4
s235_t16,235,3,1723500688,ds-q381,machine-learning,machine-learning,medium,1010,medium,0.0,supervised|unsupervised|reinforcement|evaluation,standard,0,0,none,0.0,practice_test,620.0,beginner,0,0,0.0,0,0,0.0,0,0,0.0,0.0957798556303859,0.0,0,126.2983172040952,32,1.0,0.0957798556303859,-3,0,beginner,617,0.0,0,0,0.0,0,0,0.0,-3,medium,medium,Developing,2
s235_t16,235,3,1723500689,la-q28,linear-algebra,la-matrices,medium,1300,medium,0.0,addition|scalar-multiplication|matrix-multiplication|determinants|minors|cofactors|symmetric|orthogonal,standard,0,0,none,0.0,practice_test,617.0,beginner,0,0,0.0,0,0,0.0,0,0,0.0,0.0192338171407248,0.0,0,40.81849728898534,32,1.0,0.0192338171407248,-1,0,beginner,616,0.0,0,0,0.0,0,0,0.0,-1,medium,medium,Developing,4
s235_t16,235,3,1723500690,dsa-q49,programming-dsa,dsa-trees,easy,1250,medium,0.0,binary-trees|bst|tree-traversal|balanced-trees,standard,0,0,none,0.0,practice_test,616.0,beginner,0,0,0.0,0,0,0.0,0,0,0.0,0.025342646388035,0.0,0,129.79251233940604,32,1.0,0.025342646388035,-1,0,beginner,615,0.0,0,0,0.0,0,0,0.0,-1,easy,easy,Developing,4
s235_t16,235,3,1723500691,ps-q56,probability-statistics,ps-probability,hard,1830,high,0.0,basic-probability|bayes-theorem|conditional-probability|independence|random-variables,standard,0,0,none,0.0,practice_test,615.0,beginner,0,0,0.0,0,0,0.0,0,0,0.0,0.0009164353113323,0.0,0,34.385544655071904,32,1.0,0.0009164353113323,0,0,beginner,615,0.0,0,0,0.0,0,0,0.0,0,hard,hard,Developing,8
s235_t16,235,3,1723500692,ga-q19,general-aptitude,ga-quantitative-aptitude,medium,1120,medium,0.0,arithmetic|algebra|geometry|permutations|combinations,standard,0,0,none,0.0,practice_test,615.0,beginner,0,0,0.0,0,0,0.0,0,0,0.0,0.0518079388895503,0.0,0,64.35031170166748,32,1.0,0.0518079388895503,-2,0,beginner,613,0.0,0,0,0.0,0,0,0.0,-2,medium,medium,Developing,4
s235_t16,235,3,1723500693,la-32,linear-algebra,la-eigenvalues,hard,1360,high,0.0,,standard,0,0,none,0.0,practice_test,613.0,beginner,0,0,0.0,0,0,0.0,0,0,0.0,0.0133858921403983,0.0,0,92.5493241504862,32,1.0,0.0133858921403983,0,0,beginner,613,0.0,0,0,0.0,0,0,0.0,0,hard,hard,Developing,4
s235_t16,235,3,1723500694,dsa-q1,programming-dsa,dsa-complexity,easy,710,low,0.0,time-complexity|space-complexity|big-o-notation,standard,0,0,none,0.0,practice_test,613.0,beginner,0,0,0.0,0,0,0.0,0,0,0.0,0.363923100312118,0.0,0,114.73224617251486,32,1.0,0.363923100312118,-12,0,beginner,601,0.0,0,0,0.0,0,0,0.0,-12,easy,easy,Developing,2
s235_t16,235,3,1723500695,la-q56,linear-algebra,la-eigenvalues,medium,1090,medium,0.0,eigenvalues|eigenvectors|diagonalization|spectral-theorem,standard,0,0,none,0.0,practice_test,601.0,beginner,0,0,0.0,0,0,0.0,0,0,0.0,0.0565237506540668,0.0,0,139.9713577055434,32,1.0,0.0565237506540668,-2,0,beginner,599,0.0,0,0,0.0,0,0,0.0,-2,medium,medium,Developing,4
s235_t16,235,3,1723500696,ga-q5,general-aptitude,ga-logical-reasoning,easy,700,low,0.0,syllogisms|logical-deduction|critical-reasoning,standard,0,0,none,0.0,practice_test,599.0,beginner,0,0,0.0,0,0,0.0,0,0,0.0,0.358609888044382,0.0,0,110.93936412873803,32,1.0,0.358609888044382,-11,0,beginner,588,0.0,0,0,0.0,0,0,0.0,-11,easy,easy,Developing,2
s235_t16,235,3,1723500697,dbms-q61,dbms,dbms-normalization,medium,1400,high,0.0,functional-dependencies|closure-of-attributes|canonical-cover|lossless-join-decomposition|dependency-preservation|first-normal-form|second-normal-form|third-normal-form|boyce-codd-normal-form,standard,0,0,none,0.0,practice_test,588.0,beginner,0,0,0.0,0,0,0.0,0,0,0.0,0.0092462519638547,0.0,0,103.44125838395956,32,1.0,0.0092462519638547,0,0,beginner,588,0.0,0,0,0.0,0,0,0.0,0,medium,medium,Developing,4
s235_t16,235,3,1723500698,co-q3,calculus-optimization,co-differentiation,easy,730,low,0.0,derivatives|chain-rule|product-rule|critical-points,standard,0,0,none,0.0,practice_test,588.0,beginner,0,0,0.0,0,0,0.0,0,0,0.0,0.3063120835780346,0.0,0,104.55351054354968,32,1.0,0.3063120835780346,-10,0,beginner,578,0.0,0,0,0.0,0,0,0.0,-10,easy,easy,Developing,2
s235_t16,235,3,1723500699,ml-q110,machine-learning,ml-unsupervised,medium,1370,high,0.0,clustering|k-means|hierarchical-clustering|dimensionality-reduction|pca,standard,0,0,none,0.0,practice_test,578.0,beginner,0,0,0.0,0,0,0.0,0,0,0.0,0.0103627739164597,0.0,0,50.9834525178214,32,1.0,0.0103627739164597,0,0,beginner,578,0.0,0,0,0.0,0,0,0.0,0,medium,medium,Developing,4
s235_t16,235,3,1723500700,dbms-q32,dbms,dbms-sql,medium,1310,high,0.0,select|joins|group-by|aggregation,standard,0,0,none,0.0,practice_test,578.0,beginner,0,0,0.0,0,0,0.0,0,0,0.0,0.0145754964904743,0.0,0,133.17414109774623,32,1.0,0.0145754964904743,0,0,beginner,578,0.0,0,0,0.0,0,0,0.0,0,medium,medium,Developing,4
s235_t16,235,3,1723500701,ai-q4,artificial-intelligence,ai-search,medium,1480,high,0.0,breadth-first-search|depth-first-search|a-star|heuristics,standard,0,0,none,0.0,practice_test,578.0,beginner,0,0,0.0,0,0,0.0,0,0,0.0,0.0055283104595045,0.0,0,38.24710221435456,32,1.0,0.0055283104595045,0,0,beginner,578,0.0,0,0,0.0,0,0,0.0,0,medium,medium,Developing,6
s235_t16,235,3,1723500702,ps-q59,probability-statistics,ps-distributions,medium,1170,medium,0.0,normal-distribution|binomial-distribution|poisson-distribution|cumulative-distribution|expected-value|variance,standard,0,0,none,0.0,practice_test,578.0,beginner,0,0,0.0,0,0,0.0,0,0,0.0,0.0320517780278711,0.0,0,87.5742556395064,32,1.0,0.0320517780278711,-1,0,beginner,577,0.0,0,0,0.0,0,0,0.0,-1,medium,medium,Developing,4
s235_t16,235,3,1723500703,ga-q20,general-aptitude,ga-quantitative-aptitude,medium,1170,medium,0.0,arithmetic|algebra|geometry|permutations|combinations,standard,0,0,none,0.0,practice_test,577.0,beginner,0,0,0.0,0,0,0.0,0,0,0.0,0.0318736671449864,0.0,0,93.37471937504216,32,1.0,0.0318736671449864,-1,0,beginner,576,0.0,0,0,0.0,0,0,0.0,-1,medium,medium,Developing,4
s235_t16,235,3,1723500704,ds-q469,artificial-intelligence,regularization,easy,720,low,0.0,l1-regularization|l2-regularization|dropout,standard,0,0,none,0.0,practice_test,576.0,beginner,0,0,0.0,0,0,0.0,0,0,0.0,0.3038712295704002,0.0,0,96.0047828251232,32,1.0,0.3038712295704002,-10,0,beginner,566,0.0,0,0,0.0,0,0,0.0,-10,easy,easy,Developing,2
s235_t16,235,3,1723500705,ga-q16,general-aptitude,ga-verbal-reasoning,medium,1010,medium,0.0,reading-comprehension|vocabulary|sentence-correction|para-jumbles,standard,0,0,none,0.0,practice_test,566.0,beginner,0,0,0.0,0,0,0.0,0,0,0.0,0.0720331585038426,0.0,0,87.92786307206444,32,1.0,0.0720331585038426,-2,0,beginner,564,0.0,0,0,0.0,0,0,0.0,-2,medium,medium,Developing,2
s235_t16,235,3,1723500706,dsa-q54,programming-dsa,dsa-trees,easy,920,medium,0.0,binary-trees|bst|tree-traversal|balanced-trees,standard,0,0,none,0.0,practice_test,564.0,beginner,0,0,0.0,0,0,0.0,0,0,0.0,0.1141230574141504,0.0,0,66.08047909603502,32,1.0,0.1141230574141504,-4,0,beginner,560,0.0,0,0,0.0,0,0,0.0,-4,easy,easy,Developing,2
s235_t16,235,3,1723500707,la-q43,linear-algebra,la-matrices,medium,1140,medium,0.0,addition|scalar-multiplication|matrix-multiplication|determinants|minors|cofactors|symmetric|orthogonal,standard,0,0,none,0.0,practice_test,560.0,beginner,0,0,0.0,0,0,0.0,0,0,0.0,0.0342655512848249,0.0,0,68.64012940860226,32,1.0,0.0342655512848249,-1,0,beginner,559,0.0,0,0,0.0,0,0,0.0,-1,medium,medium,Developing,4
s235_t16,235,3,1723500708,ga-q14,general-aptitude,ga-logical-reasoning,easy,850,low,0.0,syllogisms|logical-deduction|critical-reasoning,standard,0,0,none,0.0,practice_test,559.0,beginner,0,0,0.0,0,0,0.0,0,0,0.0,0.1577413275295744,0.0,0,129.3785360903964,32,1.0,0.1577413275295744,-5,0,beginner,554,0.0,0,0,0.0,0,0,0.0,-5,easy,easy,Developing,2
s235_t16,235,3,1723500709,ga-q1,general-aptitude,ga-verbal-reasoning,easy,800,low,0.0,reading-comprehension|vocabulary|sentence-correction|para-jumbles,standard,0,0,none,0.0,practice_test,554.0,beginner,0,0,0.0,0,0,0.0,0,0,0.0,0.1952753065007405,0.0,0,44.31053682101345,32,1.0,0.1952753065007405,-6,0,beginner,548,0.0,0,0,0.0,0,0,0.0,-6,easy,easy,Developing,2
s235_t16,235,3,1723500710,dbms-q37,dbms,dbms-sql,easy,910,medium,0.0,select|joins|group-by|aggregation,standard,0,0,none,0.0,practice_test,548.0,beginner,0,0,0.0,0,0,0.0,0,0,0.0,0.1106774862890531,0.0,0,71.22491076319295,32,1.0,0.1106774862890531,-4,0,beginner,544,0.0,0,0,0.0,0,0,0.0,-4,easy,easy,Developing,2
s235_t16,235,3,1723500711,dbms-q48,dbms,dbms-normalization,medium,1100,medium,0.0,functional-dependencies|closure-of-attributes|canonical-cover|lossless-join-decomposition|dependency-preservation|first-normal-form|second-normal-form|third-normal-form|boyce-codd-normal-form,standard,0,0,none,0.0,practice_test,544.0,beginner,0,0,0.0,0,0,0.0,0,0,0.0,0.0391434027516929,0.0,0,58.35063361394206,32,1.0,0.0391434027516929,-1,0,beginner,543,0.0,0,0,0.0,0,0,0.0,-1,medium,medium,Developing,4
s235_t16,235,3,1723500712,dsa-q41,programming-dsa,dsa-arrays,easy,970,medium,0.0,array-operations|indexing|searching|sorting,standard,0,0,none,0.0,practice_test,543.0,beginner,0,0,0.0,0,0,0.0,0,0,0.0,0.078854793110087,0.0,0,76.61078241198832,32,1.0,0.078854793110087,-3,0,beginner,540,0.0,0,0,0.0,0,0,0.0,-3,easy,easy,Developing,2
s235_t16,235,3,1723500713,la-q38,linear-algebra,la-matrices,medium,1390,high,0.0,addition|scalar-multiplication|matrix-multiplication|determinants|minors|cofactors|symmetric|orthogonal,standard,0,0,none,0.0,practice_test,540.0,beginner,0,0,0.0,0,0,0.0,0,0,0.0,0.0074431265185685,0.0,0,38.75564769551367,32,1.0,0.0074431265185685,0,0,beginner,540,0.0,0,0,0.0,0,0,0.0,0,medium,medium,Developing,4
s235_t16,235,3,1723500714,dsa-q46,programming-dsa,dsa-trees,medium,1350,high,0.0,binary-trees|bst|tree-traversal|balanced-trees,standard,0,0,none,0.0,practice_test,540.0,beginner,0,0,0.0,0,0,0.0,0,0,0.0,0.0093523171951932,0.0,0,30.927648688024924,32,1.0,0.0093523171951932,0,0,beginner,540,0.0,0,0,0.0,0,0,0.0,0,medium,medium,Developing,4
s235_t16,235,3,1723500715,ml-q32,machine-learning,ml-supervised,medium,1250,medium,0.0,linear-regression|logistic-regression|decision-trees|svm,standard,0,0,none,0.0,practice_test,540.0,beginner,0,0,0.0,0,0,0.0,0,0,0.0,0.0165108552793691,0.0,1,31.50670461094296,32,1.0,0.0165108552793691,31,0,beginner,571,0.0,0,0,0.0,0,0,0.0,31,medium,medium,Developing,4
s235_t16,235,3,1723500716,ds-q4,artificial-intelligence,quantitative-aptitude,easy,910,medium,0.0,numbers|algebra|geometry|probability,standard,0,0,none,0.0,practice_test,571.0,beginner,0,0,0.0,0,0,0.0,0,0,0.0,0.1243963313590066,0.0,1,93.40360026427474,32,1.0,0.1243963313590066,28,0,beginner,599,0.0,0,0,0.0,0,0,0.0,28,easy,easy,Developing,2
s235_t16,235,3,1723500717,dsa-q44,programming-dsa,dsa-trees,easy,910,medium,0.0,binary-trees|bst|tree-traversal|balanced-trees,standard,0,0,none,0.0,practice_test,599.0,beginner,0,0,0.0,0,0,0.0,0,0,0.0,0.1430408607355515,0.0,0,61.55124115461353,32,1.0,0.1430408607355515,-5,0,beginner,594,0.0,0,0,0.0,0,0,0.0,-5,easy,easy,Developing,2
s235_t16,235,3,1723500718,ds-q435,probability-statistics,probability-theory,easy,820,low,0.0,bayes-theorem|permutations|combinations|probability-rules,standard,0,0,none,0.0,practice_test,594.0,beginner,0,0,0.0,0,0,0.0,0,0,0.0,0.2140033977178425,0.0,0,143.21838610303246,32,1.0,0.2140033977178425,-7,0,beginner,587,0.0,0,0,0.0,0,0,0.0,-7,easy,easy,Developing,2
s235_t16,235,3,1723500719,ga-q17,general-aptitude,ga-quantitative-aptitude,medium,1290,medium,0.0,arithmetic|algebra|geometry|permutations|combinations,standard,0,0,none,0.0,practice_test,587.0,beginner,0,0,0.0,0,0,0.0,0,0,0.0,0.0171780882833187,0.0,0,23.4557094099812,32,1.0,0.0171780882833187,-1,0,beginner,586,0.0,0,0,0.0,0,0,0.0,-1,medium,medium,Developing,4
s235_t16,235,3,1723500720,ds-q59,calculus-optimization,calculus,easy,950,medium,0.0,derivatives|integrals|limits|continuity,standard,0,0,none,0.0,practice_test,586.0,beginner,0,0,0.0,0,0,0.0,0,0,0.0,0.1095493612770752,0.0,0,57.3904182448943,32,1.0,0.1095493612770752,-4,0,beginner,582,0.0,0,0,0.0,0,0,0.0,-4,easy,easy,Developing,2
s235_t16,235,3,1723500721,ds-q7,probability-statistics,probability,medium,1330,high,0.0,sample-spaces|events|conditional-probability|independence,standard,0,0,none,0.0,practice_test,582.0,beginner,0,0,0.0,0,0,0.0,0,0,0.0,0.0133100807765972,0.0,0,109.244816503831,32,1.0,0.0133100807765972,0,0,beginner,582,0.0,0,0,0.0,0,0,0.0,0,medium,medium,Developing,4
s235_t16,235,3,1723500722,ml-q131,machine-learning,ml-evaluation,medium,1280,medium,0.0,accuracy|precision|recall|f1-score|cross-validation,standard,0,0,none,0.0,practice_test,582.0,beginner,0,0,0.0,0,0,0.0,0,0,0.0,0.0176708336640445,0.0,1,90.46318494065568,32,1.0,0.0176708336640445,31,0,beginner,613,0.0,0,0,0.0,0,0,0.0,31,medium,medium,Developing,4
s235_t16,235,3,1723500723,ga-q22,general-aptitude,ga-quantitative-aptitude,easy,930,medium,0.0,arithmetic|algebra|geometry|permutations|combinations,standard,0,0,none,0.0,practice_test,613.0,beginner,0,0,0.0,0,0,0.0,0,0,0.0,0.1388590643429566,0.0,0,53.486846870587264,32,1.0,0.1388590643429566,-4,0,beginner,609,0.0,0,0,0.0,0,0,0.0,-4,easy,easy,Developing,2
s235_t16,235,3,1723500724,ml-q60,machine-learning,ml-supervised,medium,1110,medium,0.0,linear-regression|logistic-regression|decision-trees|svm,standard,0,0,none,0.0,practice_test,609.0,beginner,0,0,0.0,0,0,0.0,0,0,0.0,0.0529508017989083,0.0,0,122.3820318098307,32,1.0,0.0529508017989083,-2,0,beginner,607,0.0,0,0,0.0,0,0,0.0,-2,medium,medium,Developing,4
s235_t16,235,3,1723500725,dsa-q42,programming-dsa,dsa-arrays,medium,1370,high,0.0,array-operations|indexing|searching|sorting,standard,0,0,none,0.0,practice_test,607.0,beginner,0,0,0.0,0,0,0.0,0,0,0.0,0.0122224745209342,0.0,0,128.1660556709811,32,1.0,0.0122224745209342,0,0,beginner,607,0.0,0,0,0.0,0,0,0.0,0,medium,medium,Developing,4
s235_t16,235,3,1723500726,ga-q10,general-aptitude,ga-logical-reasoning,easy,760,low,0.0,syllogisms|logical-deduction|critical-reasoning,standard,0,0,none,0.0,practice_test,607.0,beginner,0,0,0.0,0,0,0.0,0,0,0.0,0.293024705191459,0.0,0,102.18146926749723,32,1.0,0.293024705191459,-9,0,beginner,598,0.0,0,0,0.0,0,0,0.0,-9,easy,easy,Developing,2
s235_t16,235,3,1723500727,ds-q373,artificial-intelligence,natural-language-processing,medium,1100,medium,0.0,tokenization|embeddings|language-models,standard,0,0,none,0.0,practice_test,598.0,beginner,0,0,0.0,0,0,0.0,0,0,0.0,0.0526628741339258,0.0,0,20.83625271481978,32,1.0,0.0526628741339258,-2,0,beginner,596,0.0,0,0,0.0,0,0,0.0,-2,medium,medium,Developing,4
s235_t16,235,3,1723500728,ml-q77,machine-learning,ml-supervised,easy,770,low,0.0,linear-regression|logistic-regression|decision-trees|svm|naive-bayes|ensemble-methods,standard,0,0,none,0.0,practice_test,596.0,beginner,0,0,0.0,0,0,0.0,0,0,0.0,0.2686221421606117,0.0,0,5.96509251537519,32,1.0,0.2686221421606117,-9,0,beginner,587,0.0,0,0,0.0,0,0,0.0,-9,easy,easy,Developing,2
s235_t16,235,3,1723500729,ds-q179,probability-statistics,probability,hard,1900,high,0.0,sample-spaces|events|conditional-probability|independence,standard,0,0,none,0.0,practice_test,587.0,beginner,0,0,0.0,0,0,0.0,0,0,0.0,0.0005215229761033,0.0,0,129.69055996842013,32,1.0,0.0005215229761033,0,0,beginner,587,0.0,0,0,0.0,0,0,0.0,0,hard,hard,Developing,8
s235_t16,235,3,1723500730,la-q15,linear-algebra,la-eigenvalues,hard,1700,high,0.0,eigenvalues|eigenvectors|diagonalization|spectral-theorem,standard,0,0,none,0.0,practice_test,587.0,beginner,0,0,0.0,0,0,0.0,0,0,0.0,0.0016473427852345,0.0,0,63.356070107460816,32,1.0,0.0016473427852345,0,0,beginner,587,0.0,0,0,0.0,0,0,0.0,0,hard,hard,Developing,6
s235_t16,235,3,1723500731,ds-q76,probability-statistics,conditional-probability,medium,1480,high,0.0,bayes-rule|conditional-independence,standard,0,0,none,0.0,practice_test,587.0,beginner,0,0,0.0,0,0,0.0,0,0,0.0,0.0058205600946011,0.0,0,137.48423223267915,32,1.0,0.0058205600946011,0,0,beginner,587,0.0,0,0,0.0,0,0,0.0,0,medium,medium,Developing,6
s235_t16,235,3,1723500732,ps-q69,probability-statistics,ps-distributions,medium,1490,high,0.0,normal-distribution|binomial-distribution|poisson-distribution|cumulative-distribution|expected-value|variance,standard,0,0,none,0.0,practice_test,587.0,beginner,0,0,0.0,0,0,0.0,0,0,0.0,0.0054967527897737,0.0,0,56.77084008433693,32,1.0,0.0054967527897737,0,0,beginner,587,0.0,0,0,0.0,0,0,0.0,0,medium,medium,Developing,6
s235_t16,235,3,1723500733,ga-q30,general-aptitude,ga-logical-reasoning,medium,1130,medium,0.0,syllogisms|logical-deduction|critical-reasoning,standard,0,0,none,0.0,practice_test,587.0,beginner,0,0,0.0,0,0,0.0,0,0,0.0,0.0420571278125394,0.0,1,60.83059269856428,32,1.0,0.0420571278125394,31,0,beginner,618,0.0,0,0,0.0,0,0,0.0,31,medium,medium,Developing,4
s235_t16,235,3,1723500734,dsa-q71,programming-dsa,dsa-complexity,medium,1080,medium,0.0,time-complexity|space-complexity|big-o-notation,standard,0,0,none,0.0,practice_test,618.0,beginner,0,0,0.0,0,0,0.0,0,0,0.0,0.0654067598627859,0.0,0,127.8714670063998,32,1.0,0.0654067598627859,-2,0,beginner,616,0.0,0,0,0.0,0,0,0.0,-2,medium,medium,Developing,4
s235_t16,235,3,1723500735,ds-q200,artificial-intelligence,quantitative-aptitude,easy,910,medium,0.0,numbers|algebra|geometry|probability,standard,0,0,none,0.0,practice_test,616.0,beginner,0,0,0.0,0,0,0.0,0,0,0.0,0.1554604717699649,0.0,0,82.88199613946418,32,1.0,0.1554604717699649,-5,0,beginner,611,0.0,0,0,0.0,0,0,0.0,-5,easy,easy,Developing,2
s235_t16,235,3,1723500736,dsa-q72,programming-dsa,dsa-complexity,medium,1080,medium,0.0,time-complexity|space-complexity|big-o-notation,standard,0,0,none,0.0,practice_test,611.0,beginner,0,0,0.0,0,0,0.0,0,0,0.0,0.0629862787119077,0.0,0,119.24911599474358,32,1.0,0.0629862787119077,-2,0,beginner,609,0.0,0,0,0.0,0,0,0.0,-2,medium,medium,Developing,4
s235_t16,235,3,1723500737,dsa-q21,programming-dsa,dsa-arrays,easy,720,low,0.0,array-operations|indexing|searching|sorting,standard,0,0,none,0.0,practice_test,609.0,beginner,0,0,0.0,0,0,0.0,0,0,0.0,0.345480005617534,0.0,0,57.10526179602928,32,1.0,0.345480005617534,-11,0,beginner,598,0.0,0,0,0.0,0,0,0.0,-11,easy,easy,Developing,2
s235_t16,235,3,1723500738,dsa-q37,programming-dsa,dsa-arrays,hard,1620,high,0.0,array-operations|indexing|searching|sorting,standard,0,0,none,0.0,practice_test,598.0,beginner,0,0,0.0,0,0,0.0,0,0,0.0,0.0027783802645601,0.0,1,112.53306894246823,32,1.0,0.0027783802645601,32,0,beginner,630,0.0,0,0,0.0,0,0,0.0,32,hard,hard,Developing,6
s235_t16,235,3,1723500739,co-q2,calculus-optimization,co-differentiation,easy,940,medium,0.0,derivatives|chain-rule|product-rule|critical-points,standard,0,0,none,0.0,practice_test,630.0,beginner,0,0,0.0,0,0,0.0,0,0,0.0,0.1437479399018495,0.0,1,72.87645568906882,32,1.0,0.1437479399018495,27,0,beginner,657,0.0,0,0,0.0,0,0,0.0,27,easy,easy,Developing,2
s239_t11,239,2,1723900440,ga-q13,general-aptitude,ga-quantitative-aptitude,easy,880,low,0.0,arithmetic|algebra|geometry|permutations|combinations,standard,0,0,none,0.0,practice_test,687.0,beginner,0,0,0.0,0,0,0.0,0,0,0.0,0.2476850063943176,0.0,0,76.67114780875175,32,1.0,0.2476850063943176,-8,0,beginner,679,0.0,0,0,0.0,0,0,0.0,-8,easy,easy,Developing,2
s239_t11,239,2,1723900441,ds-q343,artificial-intelligence,data-structures,easy,710,low,0.0,arrays|linked-lists|stacks|queues|trees,standard,0,0,none,0.0,practice_test,679.0,beginner,0,0,0.0,0,0,0.0,0,0,0.0,0.4555054269169921,0.0,0,65.89162245247812,32,1.0,0.4555054269169921,-15,0,beginner,664,0.0,0,0,0.0,0,0,0.0,-15,easy,easy,Developing,2
s239_t11,239,2,1723900442,ps-q65,probability-statistics,ps-distributions,easy,950,medium,0.0,normal-distribution|binomial-distribution|poisson-distribution|cumulative-distribution|expected-value|variance,standard,0,0,none,0.0,practice_test,664.0,beginner,0,0,0.0,0,0,0.0,0,0,0.0,0.1616030926130567,0.0,0,66.4300233153403,32,1.0,0.1616030926130567,-5,0,beginner,659,0.0,0,0,0.0,0,0,0.0,-5,easy,easy,Developing,2
s239_t11,239,2,1723900443,ps-q78,probability-statistics,ps-hypothesis,medium,1210,medium,0.0,hypothesis-testing|p-value|type-I-error|type-II-error|t-test|significance-level,standard,0,0,none,0.0,practice_test,659.0,beginner,0,0,0.0,0,0,0.0,0,0,0.0,0.0402404156313757,0.0,0,44.94507507701066,32,1.0,0.0402404156313757,-1,0,beginner,658,0.0,0,0,0.0,0,0,0.0,-1,medium,medium,Developing,4
s239_t11,239,2,1723900444,ga-q7,general-aptitude,ga-quantitative-aptitude,easy,820,low,0.0,arithmetic|algebra|geometry|permutations|combinations,standard,0,0,none,0.0,practice_test,658.0,beginner,0,0,0.0,0,0,0.0,0,0,0.0,0.2824082768084685,0.0,1,118.97374531699356,32,1.0,0.2824082768084685,23,0,beginner,681,0.0,0,0,0.0,0,0,0.0,23,easy,easy,Developing,2
s239_t11,239,2,1723900445,ml-q21,general-aptitude,unknown,medium,1310,high,0.0,,standard,0,0,none,0.0,practice_test,681.0,beginner,0,0,0.0,0,0,0.0,0,0,0.0,0.0260633776379237,0.0,0,136.72347689805542,32,1.0,0.0260633776379237,-1,0,beginner,680,0.0,0,0,0.0,0,0,0.0,-1,medium,medium,Developing,4
s239_t11,239,2,1723900446,ds-q26,artificial-intelligence,statistics,easy,850,low,0.0,descriptive-statistics|mean|variance|standard-deviation,standard,0,0,none,0.0,practice_test,680.0,beginner,0,0,0.0,0,0,0.0,0,0,0.0,0.2731699277232688,0.0,1,113.02580268199078,32,1.0,0.2731699277232688,23,0,beginner,703,0.0,0,0,0.0,0,0,0.0,23,easy,easy,Developing,2
s239_t11,239,2,1723900447,co-q31,calculus-optimization,co-differentiation,easy,920,medium,0.0,partial-derivatives|chain-rule|product-rule|critical-points|gradients|implicit-differentiation,standard,0,0,none,0.0,practice_test,703.0,beginner,0,0,0.0,0,0,0.0,0,0,0.0,0.222846894685274,0.0,1,126.67853759348384,32,1.0,0.222846894685274,25,0,beginner,728,0.0,0,0,0.0,0,0,0.0,25,easy,easy,Developing,2
s239_t11,239,2,1723900448,ml-q110,machine-learning,ml-unsupervised,medium,1370,high,0.0,clustering|k-means|hierarchical-clustering|dimensionality-reduction|pca,standard,0,0,none,0.0,practice_test,728.0,beginner,0,0,0.0,0,0,0.0,0,0,0.0,0.0242296759481805,0.0,0,77.74560892779283,32,1.0,0.0242296759481805,-1,0,beginner,727,0.0,0,0,0.0,0,0,0.0,-1,medium,medium,Developing,4
s239_t11,239,2,1723900449,la-45,linear-algebra,la-eigenvalues,medium,1210,medium,0.0,,standard,0,0,none,0.0,practice_test,727.0,beginner,0,0,0.0,0,0,0.0,0,0,0.0,0.058394125552999,0.0,0,26.13563187426352,32,1.0,0.058394125552999,-2,0,beginner,725,0.0,0,0,0.0,0,0,0.0,-2,medium,medium,Developing,4
s239_t11,239,2,1723900450,ps-q21,probability-statistics,ps-distributions,easy,860,low,0.0,probability-distributions|cumulative-distribution|expected-value,standard,0,0,none,0.0,practice_test,725.0,beginner,0,0,0.0,0,0,0.0,0,0,0.0,0.3149403910066497,0.0,0,132.50179937685434,32,1.0,0.3149403910066497,-10,0,beginner,715,0.0,0,0,0.0,0,0,0.0,-10,easy,easy,Developing,2
s239_t11,239,2,1723900451,dsa-q65,programming-dsa,dsa-complexity,medium,1020,medium,0.0,time-complexity|space-complexity|big-o-notation,standard,0,0,none,0.0,practice_test,715.0,beginner,0,0,0.0,0,0,0.0,0,0,0.0,0.1473270479438885,0.0,0,114.3226206773914,32,1.0,0.1473270479438885,-5,0,beginner,710,0.0,0,0,0.0,0,0,0.0,-5,medium,medium,Developing,2
s239_t11,239,2,1723900452,ml-q95,machine-learning,ml-supervised,medium,1040,medium,0.0,linear-regression|logistic-regression|decision-trees|svm|naive-bayes|ensemble-methods,standard,0,0,none,0.0,practice_test,710.0,beginner,0,0,0.0,0,0,0.0,0,0,0.0,0.1301500509256908,0.0,0,35.734394810731104,32,1.0,0.1301500509256908,-4,0,beginner,706,0.0,0,0,0.0,0,0,0.0,-4,medium,medium,Developing,2
s239_t11,239,2,1723900453,dsa-q54,programming-dsa,dsa-trees,easy,920,medium,0.0,binary-trees|bst|tree-traversal|balanced-trees,standard,0,0,none,0.0,practice_test,706.0,beginner,0,0,0.0,0,0,0.0,0,0,0.0,0.2258520222981693,0.0,1,82.62529094191402,32,1.0,0.2258520222981693,25,0,beginner,731,0.0,0,0,0.0,0,0,0.0,25,easy,easy,Developing,2
s239_t11,239,2,1723900454,ga-q3,general-aptitude,ga-quantitative-aptitude,easy,820,low,0.0,arithmetic|algebra|geometry|permutations|combinations,standard,0,0,none,0.0,practice_test,731.0,beginner,0,0,0.0,0,0,0.0,0,0,0.0,0.3746486066924632,0.0,0,76.42450444401632,32,1.0,0.3746486066924632,-12,0,beginner,719,0.0,0,0,0.0,0,0,0.0,-12,easy,easy,Developing,2
s239_t11,239,2,1723900455,dsa-q9,programming-dsa,dsa-complexity,medium,1200,medium,0.0,time-complexity|space-complexity|big-o-notation,standard,0,0,none,0.0,practice_test,719.0,beginner,0,0,0.0,0,0,0.0,0,0,0.0,0.059030382960529,0.0,0,52.93991010406196,32,1.0,0.059030382960529,-2,0,beginner,717,0.0,0,0,0.0,0,0,0.0,-2,medium,medium,Developing,4
s239_t11,239,2,1723900456,ga-q1,general-aptitude,ga-verbal-reasoning,easy,800,low,0.0,reading-comprehension|vocabulary|sentence-correction|para-jumbles,standard,0,0,none,0.0,practice_test,717.0,beginner,0,0,0.0,0,0,0.0,0,0,0.0,0.3827749690950536,0.0,0,90.43865514157648,32,1.0,0.3827749690950536,-12,0,beginner,705,0.0,0,0,0.0,0,0,0.0,-12,easy,easy,Developing,2
s239_t11,239,2,1723900457,dsa-q5,programming-dsa,dsa-complexity,easy,980,medium,0.0,time-complexity|space-complexity|big-o-notation,standard,0,0,none,0.0,practice_test,705.0,beginner,0,0,0.0,0,0,0.0,0,0,0.0,0.1703671765686566,0.0,1,103.33199525910187,32,1.0,0.1703671765686566,27,0,beginner,732,0.0,0,0,0.0,0,0,0.0,27,easy,easy,Developing,2
s239_t11,239,2,1723900458,ds-q150,artificial-intelligence,natural-language-processing,easy,780,low,0.0,tokenization|embeddings|language-models,standard,0,0,none,0.0,practice_test,732.0,beginner,0,0,0.0,0,0,0.0,0,0,0.0,0.4313586081163323,0.0,1,23.83977431896141,32,1.0,0.4313586081163323,18,0,beginner,750,0.0,0,0,0.0,0,0,0.0,18,easy,easy,Developing,2
s239_t11,239,2,1723900459,ds-q53,dbms,dbms,medium,1080,medium,0.0,database-fundamentals|acid-properties|transactions,standard,0,0,none,0.0,practice_test,750.0,beginner,0,0,0.0,0,0,0.0,0,0,0.0,0.1301500509256908,0.0,0,109.49851121776008,32,1.0,0.1301500509256908,-4,0,beginner,746,0.0,0,0,0.0,0,0,0.0,-4,medium,medium,Developing,4
s239_t11,239,2,1723900460,dsa-q16,programming-dsa,dsa-trees,hard,1450,high,0.0,binary-trees|bst|tree-traversal|balanced-trees,standard,0,0,none,0.0,practice_test,746.0,beginner,0,0,0.0,0,0,0.0,0,0,0.0,0.0170811715467934,0.0,0,129.02079410535595,32,1.0,0.0170811715467934,-1,0,beginner,745,0.0,0,0,0.0,0,0,0.0,-1,hard,hard,Developing,6
s239_t11,239,2,1723900461,ga-q17,general-aptitude,ga-quantitative-aptitude,medium,1290,medium,0.0,arithmetic|algebra|geometry|permutations|combinations,standard,0,0,none,0.0,practice_test,745.0,beginner,0,0,0.0,0,0,0.0,0,0,0.0,0.0415957290321025,0.0,1,90.1793371999024,32,1.0,0.0415957290321025,31,0,beginner,776,0.0,0,0,0.0,0,0,0.0,31,medium,medium,Developing,4
s239_t11,239,2,1723900462,co-q67,calculus-optimization,co-optimization,medium,1240,medium,0.0,critical-points|extrema|optimization|lagrange-multipliers|convexity|gradient-descent,standard,0,0,none,0.0,practice_test,776.0,beginner,0,0,0.0,0,0,0.0,0,0,0.0,0.0647065009539217,0.0,0,112.88412200676731,32,1.0,0.0647065009539217,-2,0,beginner,774,0.0,0,0,0.0,0,0,0.0,-2,medium,medium,Developing,4
s239_t11,239,2,1723900463,ps-q91,probability-statistics,ps-hypothesis,easy,780,low,0.0,hypothesis-testing|p-value|type-I-error|type-II-error|t-test|significance-level,standard,0,0,none,0.0,practice_test,774.0,beginner,0,0,0.0,0,0,0.0,0,0,0.0,0.4913661641789174,0.0,0,21.81611496275833,32,1.0,0.4913661641789174,-16,0,beginner,758,0.0,0,0,0.0,0,0,0.0,-16,easy,easy,Developing,2
s239_t11,239,2,1723900464,ga-q15,general-aptitude,ga-quantitative-aptitude,easy,800,low,0.0,arithmetic|algebra|geometry|permutations|combinations,standard,0,0,none,0.0,practice_test,758.0,beginner,0,0,0.0,0,0,0.0,0,0,0.0,0.4398498547680971,0.0,0,126.84244110462323,32,1.0,0.4398498547680971,-14,0,beginner,744,0.0,0,0,0.0,0,0,0.0,-14,easy,easy,Developing,2
s239_t11,239,2,1723900465,ga-q21,general-aptitude,ga-verbal-reasoning,easy,750,low,0.0,reading-comprehension|vocabulary|sentence-correction|para-jumbles,standard,0,0,none,0.0,practice_test,744.0,beginner,0,0,0.0,0,0,0.0,0,0,0.0,0.4913661641789174,0.0,0,27.3471177094688,32,1.0,0.4913661641789174,-16,0,beginner,728,0.0,0,0,0.0,0,0,0.0,-16,easy,easy,Developing,2
s239_t11,239,2,1723900466,la-33,linear-algebra,la-eigenvalues,hard,1360,high,0.0,,standard,0,0,none,0.0,practice_test,728.0,beginner,0,0,0.0,0,0,0.0,0,0,0.0,0.025628579593138,0.0,0,94.52119247355157,32,1.0,0.025628579593138,-1,0,beginner,727,0.0,0,0,0.0,0,0,0.0,-1,hard,hard,Developing,4
s239_t11,239,2,1723900467,ds-q89,artificial-intelligence,algorithms,easy,890,low,0.0,sorting|searching|dynamic-programming|greedy,standard,0,0,none,0.0,practice_test,727.0,beginner,0,0,0.0,0,0,0.0,0,0,0.0,0.2812431701012181,0.0,0,34.57064181529509,32,1.0,0.2812431701012181,-9,0,beginner,718,0.0,0,0,0.0,0,0,0.0,-9,easy,easy,Developing,2
s239_t11,239,2,1723900468,ga-q29,general-aptitude,ga-logical-reasoning,easy,800,low,0.0,syllogisms|logical-deduction|critical-reasoning,standard,0,0,none,0.0,practice_test,718.0,beginner,0,0,0.0,0,0,0.0,0,0,0.0,0.384135895746244,0.0,0,106.08497876805164,32,1.0,0.384135895746244,-12,0,beginner,706,0.0,0,0,0.0,0,0,0.0,-12,easy,easy,Developing,2
s239_t11,239,2,1723900469,dsa-q35,programming-dsa,dsa-arrays,medium,1300,medium,0.0,array-operations|indexing|searching|sorting,standard,0,0,none,0.0,practice_test,706.0,beginner,0,0,0.0,0,0,0.0,0,0,0.0,0.0316965136088868,0.0,0,77.34902641335755,32,1.0,0.0316965136088868,-1,0,beginner,705,0.0,0,0,0.0,0,0,0.0,-1,medium,medium,Developing,4
s239_t11,239,2,1723900470,ds-q351,probability-statistics,probability,easy,1200,medium,0.0,sample-spaces|events|conditional-probability|independence,standard,0,0,none,0.0,practice_test,705.0,beginner,0,0,0.0,0,0,0.0,0,0,0.0,0.0547098033764761,0.0,0,100.82599612892643,32,1.0,0.0547098033764761,-2,0,beginner,703,0.0,0,0,0.0,0,0,0.0,-2,easy,easy,Developing,4
s239_t11,239,2,1723900471,ml-q97,machine-learning,ml-supervised,hard,1630,high,0.0,linear-regression|logistic-regression|decision-trees|svm|naive-bayes|ensemble-methods,standard,0,0,none,0.0,practice_test,703.0,beginner,0,0,0.0,0,0,0.0,0,0,0.0,0.0047908696168579,0.0,0,43.72760830534934,32,1.0,0.0047908696168579,0,0,beginner,703,0.0,0,0,0.0,0,0,0.0,0,hard,hard,Developing,6
s239_t11,239,2,1723900472,la-q37,linear-algebra,la-matrices,medium,1070,medium,0.0,addition|scalar-multiplication|matrix-multiplication|determinants|minors|cofactors|symmetric|orthogonal,standard,0,0,none,0.0,practice_test,703.0,beginner,0,0,0.0,0,0,0.0,0,0,0.0,0.107876086056773,0.0,1,78.23471989390617,32,1.0,0.107876086056773,29,0,beginner,732,0.0,0,0,0.0,0,0,0.0,29,medium,medium,Developing,4
s239_t11,239,2,1723900473,dsa-q38,programming-dsa,dsa-arrays,easy,710,low,0.0,array-operations|indexing|searching|sorting,standard,0,0,none,0.0,practice_test,732.0,beginner,0,0,0.0,0,0,0.0,0,0,0.0,0.5316182978281073,0.0,0,119.80444982474656,32,1.0,0.5316182978281073,-17,0,beginner,715,0.0,0,0,0.0,0,0,0.0,-17,easy,easy,Developing,2
s239_t11,239,2,1723900474,dsa-q28,programming-dsa,dsa-arrays,easy,830,low,0.0,array-operations|indexing|searching|sorting,standard,0,0,none,0.0,practice_test,715.0,beginner,0,0,0.0,0,0,0.0,0,0,0.0,0.3402920058552519,0.0,1,106.23813378671878,32,1.0,0.3402920058552519,21,0,beginner,736,0.0,0,0,0.0,0,0,0.0,21,easy,easy,Developing,2
s239_t11,239,2,1723900475,dsa-q2,programming-dsa,dsa-arrays,easy,990,medium,0.0,array-operations|indexing|searching|sorting,standard,0,0,none,0.0,practice_test,736.0,beginner,0,0,0.0,0,0,0.0,0,0,0.0,0.1881400016662134,0.0,0,134.19184915262167,32,1.0,0.1881400016662134,-6,0,beginner,730,0.0,0,0,0.0,0,0,0.0,-6,easy,easy,Developing,2
s239_t11,239,2,1723900476,ps-q93,probability-statistics,ps-hypothesis,medium,1100,medium,0.0,hypothesis-testing|p-value|type-I-error|type-II-error|t-test|significance-level,standard,0,0,none,0.0,practice_test,730.0,beginner,0,0,0.0,0,0,0.0,0,0,0.0,0.1062253198218535,0.0,0,122.76468692094733,32,1.0,0.1062253198218535,-3,0,beginner,727,0.0,0,0,0.0,0,0,0.0,-3,medium,medium,Developing,4
s239_t11,239,2,1723900477,dbms-q16,dbms,dbms-sql,medium,1450,high,0.0,select|joins|group-by|aggregation,standard,0,0,none,0.0,practice_test,727.0,beginner,0,0,0.0,0,0,0.0,0,0,0.0,0.0153386414290214,0.0,0,88.92941225003364,32,1.0,0.0153386414290214,0,0,beginner,727,0.0,0,0,0.0,0,0,0.0,0,medium,medium,Developing,6
s239_t11,239,2,1723900478,ps-q82,probability-statistics,ps-hypothesis,medium,1470,high,0.0,hypothesis-testing|p-value|type-I-error|type-II-error|t-test|significance-level,standard,0,0,none,0.0,practice_test,727.0,beginner,0,0,0.0,0,0,0.0,0,0,0.0,0.0136934200488004,0.0,0,96.79743749507084,32,1.0,0.0136934200488004,0,0,beginner,727,0.0,0,0,0.0,0,0,0.0,0,medium,medium,Developing,6
s239_t11,239,2,1723900479,dbms-q50,dbms,dbms-normalization,medium,1350,high,0.0,functional-dependencies|closure-of-attributes|canonical-cover|lossless-join-decomposition|dependency-preservation|first-normal-form|second-normal-form|third-normal-form|boyce-codd-normal-form,standard,0,0,none,0.0,practice_test,727.0,beginner,0,0,0.0,0,0,0.0,0,0,0.0,0.026954612834125,0.0,1,67.00609152257412,32,1.0,0.026954612834125,31,0,beginner,758,0.0,0,0,0.0,0,0,0.0,31,medium,medium,Developing,4
s239_t11,239,2,1723900480,ds-q39,probability-statistics,probability,easy,740,low,0.0,sample-spaces|events|conditional-probability|independence,standard,0,0,none,0.0,practice_test,758.0,beginner,0,0,0.0,0,0,0.0,0,0,0.0,0.525880930891169,0.0,0,86.97009277681752,32,1.0,0.525880930891169,-17,0,beginner,741,0.0,0,0,0.0,0,0,0.0,-17,easy,easy,Developing,2
s239_t11,239,2,1723900481,ds-q412,machine-learning,machine-learning,medium,1200,medium,0.0,supervised|unsupervised|reinforcement|evaluation,standard,0,0,none,0.0,practice_test,741.0,beginner,0,0,0.0,0,0,0.0,0,0,0.0,0.0664703715245584,0.0,0,67.05664468601785,32,1.0,0.0664703715245584,-2,0,beginner,739,0.0,0,0,0.0,0,0,0.0,-2,medium,medium,Developing,4
s239_t11,239,2,1723900482,la-q24,linear-algebra,la-eigenvalues,hard,1940,high,0.0,eigenvalues|eigenvectors|diagonalization|spectral-theorem,standard,0,0,none,0.0,practice_test,739.0,beginner,0,0,0.0,0,0,0.0,0,0,0.0,0.0009932725027609,0.0,0,47.10121868194341,32,1.0,0.0009932725027609,0,0,beginner,739,0.0,0,0,0.0,0,0,0.0,0,hard,hard,Developing,8
s239_t11,239,2,1723900483,dsa-q22,programming-dsa,dsa-trees,medium,1120,medium,0.0,binary-trees|bst|tree-traversal|balanced-trees,standard,0,0,none,0.0,practice_test,739.0,beginner,0,0,0.0,0,0,0.0,0,0,0.0,0.1003616848499489,0.0,0,24.99456679144579,32,1.0,0.1003616848499489,-3,0,beginner,736,0.0,0,0,0.0,0,0,0.0,-3,medium,medium,Developing,4
s239_t11,239,2,1723900484,ds-q411,dbms,dbms,medium,1480,high,0.0,database-fundamentals|acid-properties|transactions,standard,0,0,none,0.0,practice_test,736.0,beginner,0,0,0.0,0,0,0.0,0,0,0.0,0.013615891028782,0.0,0,127.5036931903609,32,1.0,0.013615891028782,0,0,beginner,736,0.0,0,0,0.0,0,0,0.0,0,medium,medium,Developing,6
s239_t11,239,2,1723900485,la-19,linear-algebra,la-matrices,medium,1210,medium,0.0,,standard,0,0,none,0.0,practice_test,736.0,beginner,0,0,0.0,0,0,0.0,0,0,0.0,0.0613087908216011,0.0,0,111.9547679131783,32,1.0,0.0613087908216011,-2,0,beginner,734,0.0,0,0,0.0,0,0,0.0,-2,medium,medium,Developing,4
s239_t11,239,2,1723900486,ml-q86,machine-learning,ml-supervised,medium,1470,high,0.0,linear-regression|logistic-regression|decision-trees|svm|naive-bayes|ensemble-methods,standard,0,0,none,0.0,practice_test,734.0,beginner,0,0,0.0,0,0,0.0,0,0,0.0,0.0142484450164782,0.0,0,111.9168813569532,32,1.0,0.0142484450164782,0,0,beginner,734,0.0,0,0,0.0,0,0,0.0,0,medium,medium,Developing,6
s239_t11,239,2,1723900487,co-q34,calculus-optimization,co-differentiation,easy,980,medium,0.0,partial-derivatives|chain-rule|product-rule|critical-points|gradients|implicit-differentiation,standard,0,0,none,0.0,practice_test,734.0,beginner,0,0,0.0,0,0,0.0,0,0,0.0,0.1952753065007405,0.0,1,111.73003401500556,32,1.0,0.1952753065007405,26,0,beginner,760,0.0,0,0,0.0,0,0,0.0,26,easy,easy,Developing,2
s239_t11,239,2,1723900488,ml-q123,machine-learning,ml-evaluation,hard,2050,high,0.0,accuracy|precision|recall|f1-score|cross-validation,standard,0,0,none,0.0,practice_test,760.0,beginner,0,0,0.0,0,0,0.0,0,0,0.0,0.0005953075413628,0.0,0,44.406481737798,32,1.0,0.0005953075413628,0,0,beginner,760,0.0,0,0,0.0,0,0,0.0,0,hard,hard,Developing,8
s239_t11,239,2,1723900489,co-q3,calculus-optimization,co-differentiation,easy,730,low,0.0,derivatives|chain-rule|product-rule|critical-points,standard,0,0,none,0.0,practice_test,760.0,beginner,0,0,0.0,0,0,0.0,0,0,0.0,0.5430664920222119,0.0,1,35.01196333801217,32,1.0,0.5430664920222119,15,0,beginner,775,0.0,0,0,0.0,0,0,0.0,15,easy,easy,Developing,2
s241_t8,241,1,1724100305,ga-q21,general-aptitude,ga-verbal-reasoning,easy,750,low,0.0,reading-comprehension|vocabulary|sentence-correction|para-jumbles,standard,0,0,none,0.0,practice_test,817.0,beginner,0,0,0.0,0,0,0.0,0,0,0.0,0.5952430396515719,0.0,1,87.96418976349288,32,1.0,0.5952430396515719,13,0,beginner,830,0.0,0,0,0.0,0,0,0.0,13,easy,easy,Developing,2
s241_t8,241,1,1724100306,dbms-q6,dbms,dbms-sql,medium,1430,high,0.0,select|joins|group-by|aggregation,standard,0,0,none,0.0,practice_test,830.0,beginner,0,0,0.0,0,0,0.0,0,0,0.0,0.0306534300317155,0.0,0,75.93693994518573,32,1.0,0.0306534300317155,-1,0,beginner,829,0.0,0,0,0.0,0,0,0.0,-1,medium,medium,Developing,6
s241_t8,241,1,1724100307,ga-q4,general-aptitude,ga-quantitative-aptitude,easy,870,low,0.0,arithmetic|algebra|geometry|permutations|combinations,standard,0,0,none,0.0,practice_test,829.0,beginner,0,0,0.0,0,0,0.0,0,0,0.0,0.4412686306752389,0.0,1,127.388263695461,32,1.0,0.4412686306752389,18,0,beginner,847,0.0,0,0,0.0,0,0,0.0,18,easy,easy,Developing,2
s241_t8,241,1,1724100308,dsa-q32,programming-dsa,dsa-arrays,medium,1250,medium,0.0,array-operations|indexing|searching|sorting,standard,0,0,none,0.0,practice_test,847.0,beginner,0,0,0.0,0,0,0.0,0,0,0.0,0.0894919159507723,0.0,0,90.41023984430647,32,1.0,0.0894919159507723,-3,0,beginner,844,0.0,0,0,0.0,0,0,0.0,-3,medium,medium,Developing,4
s241_t8,241,1,1724100309,ds-q322,machine-learning,machine-learning,hard,1700,high,0.0,supervised|unsupervised|reinforcement|evaluation,standard,0,0,none,0.0,practice_test,844.0,beginner,0,0,0.0,0,0,0.0,0,0,0.0,0.0071922563097016,0.0,0,23.749628658114457,32,1.0,0.0071922563097016,0,0,beginner,844,0.0,0,0,0.0,0,0,0.0,0,hard,hard,Developing,6
s241_t8,241,1,1724100310,dsa-q68,programming-dsa,dsa-complexity,easy,980,medium,0.0,time-complexity|space-complexity|big-o-notation,standard,0,0,none,0.0,practice_test,844.0,beginner,0,0,0.0,0,0,0.0,0,0,0.0,0.3136997423166875,0.0,0,46.28561988386186,32,1.0,0.3136997423166875,-10,0,beginner,834,0.0,0,0,0.0,0,0,0.0,-10,easy,easy,Developing,2
s241_t8,241,1,1724100311,co-q51,calculus-optimization,co-integration,medium,1190,medium,0.0,definite-integrals|indefinite-integrals|integration-by-parts|u-substitution|fundamental-theorem,standard,0,0,none,0.0,practice_test,834.0,beginner,0,0,0.0,0,0,0.0,0,0,0.0,0.1141230574141504,0.0,0,127.74555948404208,32,1.0,0.1141230574141504,-4,0,beginner,830,0.0,0,0,0.0,0,0,0.0,-4,medium,medium,Developing,4
s241_t8,241,1,1724100312,dsa-q4,programming-dsa,dsa-complexity,easy,960,medium,0.0,time-complexity|space-complexity|big-o-notation,standard,0,0,none,0.0,practice_test,830.0,beginner,0,0,0.0,0,0,0.0,0,0,0.0,0.3211830802052434,0.0,0,37.19156317969035,32,1.0,0.3211830802052434,-10,0,beginner,820,0.0,0,0,0.0,0,0,0.0,-10,easy,easy,Developing,2
s241_t8,241,1,1724100313,dsa-q72,programming-dsa,dsa-complexity,medium,1080,medium,0.0,time-complexity|space-complexity|big-o-notation,standard,0,0,none,0.0,practice_test,820.0,beginner,0,0,0.0,0,0,0.0,0,0,0.0,0.1829211658000257,0.0,0,114.7397339540716,32,1.0,0.1829211658000257,-6,0,beginner,814,0.0,0,0,0.0,0,0,0.0,-6,medium,medium,Developing,4
s241_t8,241,1,1724100314,ds-q413,dbms,dbms,medium,1220,medium,0.0,database-fundamentals|acid-properties|transactions,standard,0,0,none,0.0,practice_test,814.0,beginner,0,0,0.0,0,0,0.0,0,0,0.0,0.0880946923965763,0.0,0,116.2607840540177,32,1.0,0.0880946923965763,-3,0,beginner,811,0.0,0,0,0.0,0,0,0.0,-3,medium,medium,Developing,4
s241_t8,241,1,1724100315,ml-q82,machine-learning,ml-supervised,easy,840,low,0.0,linear-regression|logistic-regression|decision-trees|svm|naive-bayes|ensemble-methods,standard,0,0,none,0.0,practice_test,811.0,beginner,0,0,0.0,0,0,0.0,0,0,0.0,0.4583622972852365,0.0,0,111.42277508075036,32,1.0,0.4583622972852365,-15,0,beginner,796,0.0,0,0,0.0,0,0,0.0,-15,easy,easy,Developing,2
s241_t8,241,1,1724100316,la-q39,linear-algebra,la-matrices,medium,1410,high,0.0,addition|scalar-multiplication|matrix-multiplication|determinants|minors|cofactors|symmetric|orthogonal,standard,0,0,none,0.0,practice_test,796.0,beginner,0,0,0.0,0,0,0.0,0,0,0.0,0.0283472595326763,0.0,0,44.28408707079137,32,1.0,0.0283472595326763,-1,0,beginner,795,0.0,0,0,0.0,0,0,0.0,-1,medium,medium,Developing,4
s241_t8,241,1,1724100317,ds-q111,machine-learning,machine-learning,medium,1350,high,0.0,supervised|unsupervised|reinforcement|evaluation,standard,0,0,none,0.0,practice_test,795.0,beginner,0,0,0.0,0,0,0.0,0,0,0.0,0.0393604855044517,0.0,1,117.6270502242214,32,1.0,0.0393604855044517,31,0,beginner,826,0.0,0,0,0.0,0,0,0.0,31,medium,medium,Developing,4
s241_t8,241,1,1724100318,ml-q96,machine-learning,ml-supervised,hard,1560,high,0.0,linear-regression|logistic-regression|decision-trees|svm|naive-bayes|ensemble-methods,standard,0,0,none,0.0,practice_test,826.0,beginner,0,0,0.0,0,0,0.0,0,0,0.0,0.0144110565648774,0.0,0,42.13875340991877,32,1.0,0.0144110565648774,0,0,beginner,826,0.0,0,0,0.0,0,0,0.0,0,hard,hard,Developing,6
s241_t8,241,1,1724100319,la-q21,linear-algebra,la-eigenvalues,hard,1530,high,0.0,eigenvalues|eigenvectors|diagonalization|spectral-theorem,standard,0,0,none,0.0,practice_test,826.0,beginner,0,0,0.0,0,0,0.0,0,0,0.0,0.0170811715467934,0.0,1,39.52432531100236,32,1.0,0.0170811715467934,31,0,beginner,857,0.0,0,0,0.0,0,0,0.0,31,hard,hard,Developing,6
s241_t8,241,1,1724100320,ds-q191,probability-statistics,probability,hard,2090,high,0.0,sample-spaces|events|conditional-probability|independence,standard,0,0,none,0.0,practice_test,857.0,beginner,0,0,0.0,0,0,0.0,0,0,0.0,0.000826306162041,0.0,0,86.80045717721352,32,1.0,0.000826306162041,0,0,beginner,857,0.0,0,0,0.0,0,0,0.0,0,hard,hard,Developing,8
s241_t8,241,1,1724100321,ps-q39,probability-statistics,ps-probability,medium,1170,medium,0.0,basic-probability|bayes-theorem|conditional-probability|independence|random-variables,standard,0,0,none,0.0,practice_test,857.0,beginner,0,0,0.0,0,0,0.0,0,0,0.0,0.1416353958261022,0.0,0,110.3154240840564,32,1.0,0.1416353958261022,-5,0,beginner,852,0.0,0,0,0.0,0,0,0.0,-5,medium,medium,Developing,4
s241_t8,241,1,1724100322,la-42,linear-algebra,la-eigenvalues,hard,1410,high,0.0,,standard,0,0,none,0.0,practice_test,852.0,beginner,0,0,0.0,0,0,0.0,0,0,0.0,0.0387126779471775,0.0,0,110.77564506841011,32,1.0,0.0387126779471775,-1,0,beginner,851,0.0,0,0,0.0,0,0,0.0,-1,hard,hard,Developing,4
s241_t8,241,1,1724100323,ml-q21,general-aptitude,unknown,medium,1310,high,0.0,,standard,0,0,none,0.0,practice_test,851.0,beginner,0,0,0.0,0,0,0.0,0,0,0.0,0.0664703715245584,0.0,0,51.14471383531405,32,1.0,0.0664703715245584,-2,0,beginner,849,0.0,0,0,0.0,0,0,0.0,-2,medium,medium,Developing,4
s241_t8,241,1,1724100324,ml-q93,machine-learning,ml-supervised,hard,2190,high,0.0,linear-regression|logistic-regression|decision-trees|svm|naive-bayes|ensemble-methods,standard,0,0,none,0.0,practice_test,849.0,beginner,0,0,0.0,0,0,0.0,0,0,0.0,0.0004439225066522,0.0,0,38.41205029732299,32,1.0,0.0004439225066522,0,0,beginner,849,0.0,0,0,0.0,0,0,0.0,0,hard,hard,Developing,10
s241_t8,241,1,1724100325,ps-q72,probability-statistics,ps-distributions,medium,1050,medium,0.0,normal-distribution|binomial-distribution|poisson-distribution|cumulative-distribution|expected-value|variance,standard,0,0,none,0.0,practice_test,849.0,beginner,0,0,0.0,0,0,0.0,0,0,0.0,0.2392039090108577,0.0,0,99.97849734880576,32,1.0,0.2392039090108577,-8,0,beginner,841,0.0,0,0,0.0,0,0,0.0,-8,medium,medium,Developing,2
s241_t8,241,1,1724100326,co-q14,calculus-optimization,co-differentiation,hard,1810,high,0.0,derivatives|chain-rule|product-rule|critical-points,standard,0,0,none,0.0,practice_test,841.0,beginner,0,0,0.0,0,0,0.0,0,0,0.0,0.0037658362432395,0.0,0,61.64495383866242,32,1.0,0.0037658362432395,0,0,beginner,841,0.0,0,0,0.0,0,0,0.0,0,hard,hard,Developing,8
s241_t8,241,1,1724100327,ds-q327,artificial-intelligence,verbal-reasoning,easy,890,low,0.0,comprehension|sentence-correction|para-jumbles,standard,0,0,none,0.0,practice_test,841.0,beginner,0,0,0.0,0,0,0.0,0,0,0.0,0.4299471764160117,0.0,1,63.25659734003505,32,1.0,0.4299471764160117,18,0,beginner,859,0.0,0,0,0.0,0,0,0.0,18,easy,easy,Developing,2
s241_t8,241,1,1724100328,dsa-q20,programming-dsa,dsa-complexity,hard,2460,high,0.0,time-complexity|space-complexity|big-o-notation,standard,0,0,none,0.0,practice_test,859.0,beginner,0,0,0.0,0,0,0.0,0,0,0.0,9.941612284713016e-05,0.0,0,63.93936173520101,32,1.0,9.941612284713016e-05,0,0,beginner,859,0.0,0,0,0.0,0,0,0.0,0,hard,hard,Developing,10
s241_t8,241,1,1724100329,co-q72,calculus-optimization,co-optimization,medium,1330,high,0.0,critical-points|extrema|optimization|lagrange-multipliers|convexity|gradient-descent,standard,0,0,none,0.0,practice_test,859.0,beginner,0,0,0.0,0,0,0.0,0,0,0.0,0.0623102062738349,0.0,0,95.09773758654876,32,1.0,0.0623102062738349,-2,0,beginner,857,0.0,0,0,0.0,0,0,0.0,-2,medium,medium,Developing,4
s241_t8,241,1,1724100330,co-q5,calculus-optimization,co-optimization,medium,1100,medium,0.0,critical-points|extrema|optimization|lagrange-multipliers,standard,0,0,none,0.0,practice_test,857.0,beginner,0,0,0.0,0,0,0.0,0,0,0.0,0.1980033558855668,0.0,0,38.79762952373718,32,1.0,0.1980033558855668,-6,0,beginner,851,0.0,0,0,0.0,0,0,0.0,-6,medium,medium,Developing,4
s241_t8,241,1,1724100331,dsa-q76,programming-dsa,dsa-complexity,medium,1270,medium,0.0,time-complexity|space-complexity|big-o-notation,standard,0,0,none,0.0,practice_test,851.0,beginner,0,0,0.0,0,0,0.0,0,0,0.0,0.0822653812006012,0.0,0,39.4118717483355,32,1.0,0.0822653812006012,-3,0,beginner,848,0.0,0,0,0.0,0,0,0.0,-3,medium,medium,Developing,4
s241_t8,241,1,1724100332,dsa-q49,programming-dsa,dsa-trees,easy,1250,medium,0.0,binary-trees|bst|tree-traversal|balanced-trees,standard,0,0,none,0.0,practice_test,848.0,beginner,0,0,0.0,0,0,0.0,0,0,0.0,0.0899620801884837,0.0,0,130.00649153941217,32,1.0,0.0899620801884837,-3,0,beginner,845,0.0,0,0,0.0,0,0,0.0,-3,easy,easy,Developing,4
s241_t8,241,1,1724100333,ml-q114,machine-learning,ml-unsupervised,easy,920,medium,0.0,clustering|k-means|hierarchical-clustering|dimensionality-reduction|pca,standard,0,0,none,0.0,practice_test,845.0,beginner,0,0,0.0,0,0,0.0,0,0,0.0,0.3937121762145718,0.0,0,86.47864300990443,32,1.0,0.3937121762145718,-13,0,beginner,832,0.0,0,0,0.0,0,0,0.0,-13,easy,easy,Developing,2
s241_t8,241,1,1724100334,ps-q71,probability-statistics,ps-distributions,easy,1150,medium,0.0,normal-distribution|binomial-distribution|poisson-distribution|cumulative-distribution|expected-value|variance,standard,0,0,none,0.0,practice_test,832.0,beginner,0,0,0.0,0,0,0.0,0,0,0.0,0.1381721524200822,0.0,0,74.29579855827774,32,1.0,0.1381721524200822,-4,0,beginner,828,0.0,0,0,0.0,0,0,0.0,-4,easy,easy,Developing,4
s241_t8,241,1,1724100335,dsa-q16,programming-dsa,dsa-trees,hard,1450,high,0.0,binary-trees|bst|tree-traversal|balanced-trees,standard,0,0,none,0.0,practice_test,828.0,beginner,0,0,0.0,0,0,0.0,0,0,0.0,0.0271060055283036,0.0,0,72.36368766973352,32,1.0,0.0271060055283036,-1,0,beginner,827,0.0,0,0,0.0,0,0,0.0,-1,hard,hard,Developing,6
s241_t8,241,1,1724100336,ds-q163,artificial-intelligence,algorithms,medium,1490,high,0.0,sorting|searching|dynamic-programming|greedy,standard,0,0,none,0.0,practice_test,827.0,beginner,0,0,0.0,0,0,0.0,0,0,0.0,0.0215301690417092,0.0,0,114.75005723956556,32,1.0,0.0215301690417092,-1,0,beginner,826,0.0,0,0,0.0,0,0,0.0,-1,medium,medium,Developing,6
s241_t8,241,1,1724100337,la-q3,linear-algebra,la-matrix,easy,930,medium,0.0,addition|scalar-multiplication|matrix-multiplication|determinants|minors|cofactors|gauss-jordan-elimination|symmetric|orthogonal|hermintian|unitary|identity-metrices,standard,0,0,none,0.0,practice_test,826.0,beginner,0,0,0.0,0,0,0.0,0,0,0.0,0.3546475495606176,0.0,1,12.13605258026966,32,1.0,0.3546475495606176,21,0,beginner,847,0.0,0,0,0.0,0,0,0.0,21,easy,easy,Developing,2
s241_t8,241,1,1724100338,dsa-q30,programming-dsa,dsa-arrays,medium,1000,medium,0.0,array-operations|indexing|searching|sorting,standard,0,0,none,0.0,practice_test,847.0,beginner,0,0,0.0,0,0,0.0,0,0,0.0,0.293024705191459,0.0,0,90.35122892656818,32,1.0,0.293024705191459,-9,0,beginner,838,0.0,0,0,0.0,0,0,0.0,-9,medium,medium,Developing,2
s241_t8,241,1,1724100339,dsa-q28,programming-dsa,dsa-arrays,easy,830,low,0.0,array-operations|indexing|searching|sorting,standard,0,0,none,0.0,practice_test,838.0,beginner,0,0,0.0,0,0,0.0,0,0,0.0,0.5115108912177917,0.0,0,136.69990890526032,32,1.0,0.5115108912177917,-16,0,beginner,822,0.0,0,0,0.0,0,0,0.0,-16,easy,easy,Developing,2
s241_t8,241,1,1724100340,dsa-q19,programming-dsa,dsa-complexity,medium,1210,medium,0.0,time-complexity|space-complexity|big-o-notation,standard,0,0,none,0.0,practice_test,822.0,beginner,0,0,0.0,0,0,0.0,0,0,0.0,0.0967815957048191,0.0,0,84.9235216774247,32,1.0,0.0967815957048191,-3,0,beginner,819,0.0,0,0,0.0,0,0,0.0,-3,medium,medium,Developing,4
s241_t8,241,1,1724100341,ps-q11,probability-statistics,ps-distributions,medium,1410,high,0.0,probability-distributions|cumulative-distribution|expected-value,standard,0,0,none,0.0,practice_test,819.0,beginner,0,0,0.0,0,0,0.0,0,0,0.0,0.0322308510638867,0.0,0,132.23984577957697,32,1.0,0.0322308510638867,-1,0,beginner,818,0.0,0,0,0.0,0,0,0.0,-1,medium,medium,Developing,4
s241_t8,241,1,1724100342,dsa-q67,programming-dsa,dsa-complexity,easy,740,low,0.0,time-complexity|space-complexity|big-o-notation,standard,0,0,none,0.0,practice_test,818.0,beginner,0,0,0.0,0,0,0.0,0,0,0.0,0.6104024220946891,0.0,0,93.05202620039076,32,1.0,0.6104024220946891,-20,0,beginner,798,0.0,0,0,0.0,0,0,0.0,-20,easy,easy,Developing,2
s241_t8,241,1,1724100343,dbms-q7,dbms,dbms-normalization,medium,1430,high,0.0,functional-dependencies|closure-of-attributes|canonical-cover|lossless-join-decomposition|dependency-preservation|first-normal-form|second-normal-form|third-normal-form|boyce-codd-normal-form,standard,0,0,none,0.0,practice_test,798.0,beginner,0,0,0.0,0,0,0.0,0,0,0.0,0.025628579593138,0.0,0,151.68239895598228,32,1.0,0.025628579593138,-1,0,beginner,797,0.0,0,0,0.0,0,0,0.0,-1,medium,medium,Developing,6
s241_t8,241,1,1724100344,ps-q17,probability-statistics,ps-probability,medium,1200,medium,0.0,probability-theory|conditional-probability|independence,standard,0,0,none,0.0,practice_test,797.0,beginner,0,0,0.0,0,0,0.0,0,0,0.0,0.0894919159507723,0.0,0,55.48345159899753,32,1.0,0.0894919159507723,-3,0,beginner,794,0.0,0,0,0.0,0,0,0.0,-3,medium,medium,Developing,4
s241_t8,241,1,1724100345,ga-q26,general-aptitude,ga-verbal-reasoning,easy,830,low,0.0,reading-comprehension|vocabulary|sentence-correction|para-jumbles,standard,0,0,none,0.0,practice_test,794.0,beginner,0,0,0.0,0,0,0.0,0,0,0.0,0.4483764526890395,0.0,1,27.60285776261039,32,1.0,0.4483764526890395,18,0,beginner,812,0.0,0,0,0.0,0,0,0.0,18,easy,easy,Developing,2
s241_t8,241,1,1724100346,ps-q33,probability-statistics,ps-distributions,medium,1120,medium,0.0,probability-distributions|cumulative-distribution|expected-value,standard,0,0,none,0.0,practice_test,812.0,beginner,0,0,0.0,0,0,0.0,0,0,0.0,0.1451708224682404,0.0,0,46.937458148654926,32,1.0,0.1451708224682404,-5,0,beginner,807,0.0,0,0,0.0,0,0,0.0,-5,medium,medium,Developing,4
s241_t8,241,1,1724100347,ga-q12,general-aptitude,ga-verbal-reasoning,easy,820,low,0.0,reading-comprehension|vocabulary|sentence-correction|para-jumbles,standard,0,0,none,0.0,practice_test,807.0,beginner,0,0,0.0,0,0,0.0,0,0,0.0,0.4813002220704414,0.0,1,67.36169290685359,32,1.0,0.4813002220704414,17,0,beginner,824,0.0,0,0,0.0,0,0,0.0,17,easy,easy,Developing,2
s241_t8,241,1,1724100348,ga-q11,general-aptitude,ga-verbal-reasoning,easy,830,low,0.0,reading-comprehension|vocabulary|sentence-correction|para-jumbles,standard,0,0,none,0.0,practice_test,824.0,beginner,0,0,0.0,0,0,0.0,0,0,0.0,0.4913661641789174,0.0,1,23.057069134877253,32,1.0,0.4913661641789174,16,0,beginner,840,0.0,0,0,0.0,0,0,0.0,16,easy,easy,Developing,2
s241_t8,241,1,1724100349,ga-q1,general-aptitude,ga-verbal-reasoning,easy,800,low,0.0,reading-comprehension|vocabulary|sentence-correction|para-jumbles,standard,0,0,none,0.0,practice_test,840.0,beginner,0,0,0.0,0,0,0.0,0,0,0.0,0.5573116337622928,0.0,0,106.43599252056792,32,1.0,0.5573116337622928,-18,0,beginner,822,0.0,0,0,0.0,0,0,0.0,-18,easy,easy,Developing,2
s241_t8,241,1,1724100350,ga-q10,general-aptitude,ga-logical-reasoning,easy,760,low,0.0,syllogisms|logical-deduction|critical-reasoning,standard,0,0,none,0.0,practice_test,822.0,beginner,0,0,0.0,0,0,0.0,0,0,0.0,0.5882899718631628,0.0,0,61.6280670494716,32,1.0,0.5882899718631628,-19,0,beginner,803,0.0,0,0,0.0,0,0,0.0,-19,easy,easy,Developing,2
s241_t8,241,1,1724100351,la-24,linear-algebra,la-matrices,medium,1360,high,0.0,,standard,0,0,none,0.0,practice_test,803.0,beginner,0,0,0.0,0,0,0.0,0,0,0.0,0.0389274687475735,0.0,0,32.071210771386625,32,1.0,0.0389274687475735,-1,0,beginner,802,0.0,0,0,0.0,0,0,0.0,-1,medium,medium,Developing,4
s241_t8,241,1,1724100352,ga-q22,general-aptitude,ga-quantitative-aptitude,easy,930,medium,0.0,arithmetic|algebra|geometry|permutations|combinations,standard,0,0,none,0.0,practice_test,802.0,beginner,0,0,0.0,0,0,0.0,0,0,0.0,0.3236983305072631,0.0,0,55.35737191252326,32,1.0,0.3236983305072631,-10,0,beginner,792,0.0,0,0,0.0,0,0,0.0,-10,easy,easy,Developing,2
s241_t8,241,1,1724100353,dsa-q66,programming-dsa,dsa-complexity,medium,1150,medium,0.0,time-complexity|space-complexity|big-o-notation,standard,0,0,none,0.0,practice_test,792.0,beginner,0,0,0.0,0,0,0.0,0,0,0.0,0.1129642731158783,0.0,0,116.06852963169182,32,1.0,0.1129642731158783,-4,0,beginner,788,0.0,0,0,0.0,0,0,0.0,-4,medium,medium,Developing,4
s241_t8,241,1,1724100354,ga-q14,general-aptitude,ga-logical-reasoning,easy,850,low,0.0,syllogisms|logical-deduction|critical-reasoning,standard,0,0,none,0.0,practice_test,788.0,beginner,0,0,0.0,0,0,0.0,0,0,0.0,0.4117100281368371,0.0,1,89.82625149298651,32,1.0,0.4117100281368371,19,0,beginner,807,0.0,0,0,0.0,0,0,0.0,19,easy,easy,Developing,2
s241_t8,241,1,1724100355,dbms-q29,dbms,dbms-sql,medium,1350,high,0.0,select|joins|group-by|aggregation,standard,0,0,none,0.0,practice_test,807.0,beginner,0,0,0.0,0,0,0.0,0,0,0.0,0.0420571278125394,0.0,0,26.97747084561832,32,1.0,0.0420571278125394,-1,0,beginner,806,0.0,0,0,0.0,0,0,0.0,-1,medium,medium,Developing,4
s241_t8,241,1,1724100356,ds-q185,artificial-intelligence,natural-language-processing,easy,940,medium,0.0,tokenization|embeddings|language-models,standard,0,0,none,0.0,practice_test,806.0,beginner,0,0,0.0,0,0,0.0,0,0,0.0,0.3161836858063414,0.0,1,152.39810466414616,32,1.0,0.3161836858063414,22,0,beginner,828,0.0,0,0,0.0,0,0,0.0,22,easy,easy,Developing,2
s241_t8,241,1,1724100357,ga-q5,general-aptitude,ga-logical-reasoning,easy,700,low,0.0,syllogisms|logical-deduction|critical-reasoning,standard,0,0,none,0.0,practice_test,828.0,beginner,0,0,0.0,0,0,0.0,0,0,0.0,0.676301669492737,0.0,0,64.97561802972508,32,1.0,0.676301669492737,-22,0,beginner,806,0.0,0,0,0.0,0,0,0.0,-22,easy,easy,Developing,2
s241_t8,241,1,1724100358,ds-q427,artificial-intelligence,linear-algebra,easy,1280,medium,0.0,matrices|vectors|eigenvalues|linear-systems|transformations,standard,0,0,none,0.0,practice_test,806.0,beginner,0,0,0.0,0,0,0.0,0,0,0.0,0.0613087908216011,0.0,0,30.51045955666469,32,1.0,0.0613087908216011,-2,0,beginner,804,0.0,0,0,0.0,0,0,0.0,-2,easy,easy,Developing,4
s241_t8,241,1,1724100359,la-q26,linear-algebra,la-vector-spaces,medium,1230,medium,0.0,vector-addition|scalar-multiplication|sub-spaces|linear-combinations|spanning-sets|linear-independence|basis|dimension,standard,0,0,none,0.0,practice_test,804.0,beginner,0,0,0.0,0,0,0.0,0,0,0.0,0.0792739386312066,0.0,0,150.3548095770356,32,1.0,0.0792739386312066,-3,0,beginner,801,0.0,0,0,0.0,0,0,0.0,-3,medium,medium,Developing,4
s241_t8,241,1,1724100360,ps-q75,probability-statistics,ps-distributions,medium,1340,high,0.0,normal-distribution|binomial-distribution|poisson-distribution|cumulative-distribution|expected-value|variance,standard,0,0,none,0.0,practice_test,801.0,beginner,0,0,0.0,0,0,0.0,0,0,0.0,0.0429946450487325,0.0,0,102.98754591438312,32,1.0,0.0429946450487325,-1,0,beginner,800,0.0,0,0,0.0,0,0,0.0,-1,medium,medium,Developing,4
s241_t8,241,1,1724100361,ml-q48,machine-learning,ml-supervised,medium,1200,medium,0.0,linear-regression|logistic-regression|decision-trees|svm,standard,0,0,none,0.0,practice_test,800.0,beginner,0,0,0.0,0,0,0.0,0,0,0.0,0.0909090909090909,0.0,0,28.596308288740754,32,1.0,0.0909090909090909,-3,0,beginner,797,0.0,0,0,0.0,0,0,0.0,-3,medium,medium,Developing,4
s241_t8,241,1,1724100362,dbms-q23,dbms,dbms-sql,easy,740,low,0.0,select|joins|group-by|aggregation,standard,0,0,none,0.0,practice_test,797.0,beginner,0,0,0.0,0,0,0.0,0,0,0.0,0.581301478368915,0.0,1,78.58050549437988,32,1.0,0.581301478368915,13,0,beginner,810,0.0,0,0,0.0,0,0,0.0,13,easy,easy,Developing,2
s241_t8,241,1,1724100363,ps-q31,probability-statistics,ps-distributions,hard,1670,high,0.0,probability-distributions|cumulative-distribution|expected-value,standard,0,0,none,0.0,practice_test,810.0,beginner,0,0,0.0,0,0,0.0,0,0,0.0,0.0070296914396392,0.0,0,44.593926065568105,32,1.0,0.0070296914396392,0,0,beginner,810,0.0,0,0,0.0,0,0,0.0,0,hard,hard,Developing,6
s241_t8,241,1,1724100364,ds-q15,artificial-intelligence,data-structures,easy,970,medium,0.0,arrays|linked-lists|stacks|queues|trees,standard,0,0,none,0.0,practice_test,810.0,beginner,0,0,0.0,0,0,0.0,0,0,0.0,0.2847472489508014,0.0,0,72.96380151097135,32,1.0,0.2847472489508014,-9,0,beginner,801,0.0,0,0,0.0,0,0,0.0,-9,easy,easy,Developing,2
s241_t8,241,1,1724100365,co-q25,calculus-optimization,co-differentiation,easy,1150,medium,0.0,partial-derivatives|chain-rule|product-rule|critical-points|gradients|implicit-differentiation,standard,0,0,none,0.0,practice_test,801.0,beginner,0,0,0.0,0,0,0.0,0,0,0.0,0.1182606406580926,0.0,0,77.66722487375932,32,1.0,0.1182606406580926,-4,0,beginner,797,0.0,0,0,0.0,0,0,0.0,-4,easy,easy,Developing,4
s241_t8,241,1,1724100366,ps-q45,probability-statistics,ps-probability,medium,1210,medium,0.0,basic-probability|bayes-theorem|conditional-probability|independence|random-variables,standard,0,0,none,0.0,practice_test,797.0,beginner,0,0,0.0,0,0,0.0,0,0,0.0,0.0849108889395813,0.0,0,69.46460462212572,32,1.0,0.0849108889395813,-3,0,beginner,794,0.0,0,0,0.0,0,0,0.0,-3,medium,medium,Developing,4
s241_t8,241,1,1724100367,ml-q129,machine-learning,ml-evaluation,easy,930,medium,0.0,accuracy|precision|recall|f1-score|cross-validation,standard,0,0,none,0.0,practice_test,794.0,beginner,0,0,0.0,0,0,0.0,0,0,0.0,0.3136997423166875,0.0,0,65.12212500373263,32,1.0,0.3136997423166875,-10,0,beginner,784,0.0,0,0,0.0,0,0,0.0,-10,easy,easy,Developing,2
s241_t8,241,1,1724100368,la-q52,linear-algebra,la-eigenvalues,medium,1060,medium,0.0,eigenvalues|eigenvectors|diagonalization|spectral-theorem,standard,0,0,none,0.0,practice_test,784.0,beginner,0,0,0.0,0,0,0.0,0,0,0.0,0.1695550886467628,0.0,0,40.69336685474575,32,1.0,0.1695550886467628,-5,0,beginner,779,0.0,0,0,0.0,0,0,0.0,-5,medium,medium,Developing,4
s241_t8,241,1,1724100369,dsa-q64,programming-dsa,dsa-complexity,easy,860,low,0.0,time-complexity|space-complexity|big-o-notation,standard,0,0,none,0.0,practice_test,779.0,beginner,0,0,0.0,0,0,0.0,0,0,0.0,0.3854986389914422,0.0,1,122.1608228321328,32,1.0,0.3854986389914422,20,0,beginner,799,0.0,0,0,0.0,0,0,0.0,20,easy,easy,Developing,2
s248_t10,248,2,1724800400,dsa-q36,programming-dsa,dsa-arrays,hard,1500,high,0.0,array-operations|indexing|searching|sorting,standard,0,0,none,0.0,practice_test,791.0,beginner,0,0,0.0,0,0,0.0,0,0,0.0,0.0166045907672773,0.0,0,81.63541599729176,32,1.0,0.0166045907672773,-1,0,beginner,790,0.0,0,0,0.0,0,0,0.0,-1,hard,hard,Struggling,6
s248_t10,248,2,1724800401,ga-q26,general-aptitude,ga-verbal-reasoning,easy,830,low,0.0,reading-comprehension|vocabulary|sentence-correction|para-jumbles,standard,0,0,none,0.0,practice_test,790.0,beginner,0,0,0.0,0,0,0.0,0,0,0.0,0.4426883662377072,0.0,0,121.48000358624554,32,1.0,0.4426883662377072,-14,0,beginner,776,0.0,0,0,0.0,0,0,0.0,-14,easy,easy,Struggling,2
s248_t10,248,2,1724800402,ps-q27,probability-statistics,ps-probability,medium,1200,medium,0.0,probability-theory|conditional-probability|independence,standard,0,0,none,0.0,practice_test,776.0,beginner,0,0,0.0,0,0,0.0,0,0,0.0,0.0801183430290193,0.0,0,129.48967488047143,32,1.0,0.0801183430290193,-3,0,beginner,773,0.0,0,0,0.0,0,0,0.0,-3,medium,medium,Struggling,4
s248_t10,248,2,1724800403,co-q19,calculus-optimization,co-optimization,medium,1410,high,0.0,critical-points|extrema|optimization|lagrange-multipliers|convexity|gradient-descent,standard,0,0,none,0.0,practice_test,773.0,beginner,0,0,0.0,0,0,0.0,0,0,0.0,0.0249195641867229,0.0,0,56.53625247961386,32,1.0,0.0249195641867229,-1,0,beginner,772,0.0,0,0,0.0,0,0,0.0,-1,medium,medium,Struggling,4
s248_t10,248,2,1724800404,ds-q53,dbms,dbms,medium,1080,medium,0.0,database-fundamentals|acid-properties|transactions,standard,0,0,none,0.0,practice_test,772.0,beginner,0,0,0.0,0,0,0.0,0,0,0.0,0.1451708224682404,0.0,0,58.17744793487724,32,1.0,0.1451708224682404,-5,0,beginner,767,0.0,0,0,0.0,0,0,0.0,-5,medium,medium,Struggling,4
s248_t10,248,2,1724800405,ga-q15,general-aptitude,ga-quantitative-aptitude,easy,800,low,0.0,arithmetic|algebra|geometry|permutations|combinations,standard,0,0,none,0.0,practice_test,767.0,beginner,0,0,0.0,0,0,0.0,0,0,0.0,0.4526514819541353,0.0,1,69.39071827056979,32,1.0,0.4526514819541353,18,0,beginner,785,0.0,0,0,0.0,0,0,0.0,18,easy,easy,Struggling,2
s248_t10,248,2,1724800406,la-37,linear-algebra,la-eigenvalues,hard,1510,high,0.0,,standard,0,0,none,0.0,practice_test,785.0,beginner,0,0,0.0,0,0,0.0,0,0,0.0,0.0151657242500001,0.0,0,84.03520025548477,32,1.0,0.0151657242500001,0,0,beginner,785,0.0,0,0,0.0,0,0,0.0,0,hard,hard,Struggling,6
s248_t10,248,2,1724800407,ps-q10,probability-statistics,ps-distributions,medium,1210,medium,0.0,probability-distributions|cumulative-distribution|expected-value,standard,0,0,none,0.0,practice_test,785.0,beginner,0,0,0.0,0,0,0.0,0,0,0.0,0.0796951193276405,0.0,0,56.50869017362992,32,1.0,0.0796951193276405,-3,0,beginner,782,0.0,0,0,0.0,0,0,0.0,-3,medium,medium,Struggling,4
s248_t10,248,2,1724800408,la-29,linear-algebra,la-matrices,medium,1210,medium,0.0,,standard,0,0,none,0.0,practice_test,782.0,beginner,0,0,0.0,0,0,0.0,0,0,0.0,0.0784376749430217,0.0,0,67.20342249683608,32,1.0,0.0784376749430217,-3,0,beginner,779,0.0,0,0,0.0,0,0,0.0,-3,medium,medium,Struggling,4
s248_t10,248,2,1724800409,ds-q31,dbms,dbms,medium,1430,high,0.0,database-fundamentals|acid-properties|transactions,standard,0,0,none,0.0,practice_test,779.0,beginner,0,0,0.0,0,0,0.0,0,0,0.0,0.0230345226915705,0.0,0,75.9765673118875,32,1.0,0.0230345226915705,-1,0,beginner,778,0.0,0,0,0.0,0,0,0.0,-1,medium,medium,Struggling,6
s248_t10,248,2,1724800410,co-q76,calculus-optimization,co-optimization,medium,1350,high,0.0,critical-points|extrema|optimization|lagrange-multipliers|convexity|gradient-descent,standard,0,0,none,0.0,practice_test,778.0,beginner,0,0,0.0,0,0,0.0,0,0,0.0,0.0358225875813289,0.0,0,88.92409269604562,32,1.0,0.0358225875813289,-1,0,beginner,777,0.0,0,0,0.0,0,0,0.0,-1,medium,medium,Struggling,4
s248_t10,248,2,1724800411,dsa-q59,programming-dsa,dsa-trees,medium,1390,high,0.0,binary-trees|bst|tree-traversal|balanced-trees,standard,0,0,none,0.0,practice_test,777.0,beginner,0,0,0.0,0,0,0.0,0,0,0.0,0.0285062449862064,0.0,0,81.96671121906134,32,1.0,0.0285062449862064,-1,0,beginner,776,0.0,0,0,0.0,0,0,0.0,-1,medium,medium,Struggling,4
s248_t10,248,2,1724800412,dsa-q38,programming-dsa,dsa-arrays,easy,710,low,0.0,array-operations|indexing|searching|sorting,standard,0,0,none,0.0,practice_test,776.0,beginner,0,0,0.0,0,0,0.0,0,0,0.0,0.5938553852361779,0.0,0,68.1533492583011,32,1.0,0.5938553852361779,-19,0,beginner,757,0.0,0,0,0.0,0,0,0.0,-19,easy,easy,Struggling,2
s248_t10,248,2,1724800413,ai-q48,artificial-intelligence,ai-logic,hard,2240,high,0.0,propositional-logic|syntax-semantics|truth-tables|validity-satisfiability|inference-rules|soundness-completeness|predicate-logic|first-order-logic|quantifiers|unification|resolution,standard,0,0,none,0.0,practice_test,757.0,beginner,0,0,0.0,0,0,0.0,0,0,0.0,0.0001960716659101,0.0,1,156.20680705395642,32,1.0,0.0001960716659101,32,0,beginner,789,0.0,0,0,0.0,0,0,0.0,32,hard,hard,Struggling,10
s248_t10,248,2,1724800414,ds-q112,artificial-intelligence,linear-algebra,easy,880,low,0.0,matrices|vectors|eigenvalues|linear-systems|transformations,standard,0,0,none,0.0,practice_test,789.0,beginner,0,0,0.0,0,0,0.0,0,0,0.0,0.3719551943780582,0.0,0,34.76209218260301,32,1.0,0.3719551943780582,-12,0,beginner,777,0.0,0,0,0.0,0,0,0.0,-12,easy,easy,Struggling,2
s248_t10,248,2,1724800415,dsa-q83,programming-dsa,dsa-complexity,hard,2240,high,0.0,time-complexity|space-complexity|big-o-notation,standard,0,0,none,0.0,practice_test,777.0,beginner,0,0,0.0,0,0,0.0,0,0,0.0,0.0002199907643783,0.0,0,106.44338409094632,32,1.0,0.0002199907643783,0,0,beginner,777,0.0,0,0,0.0,0,0,0.0,0,hard,hard,Struggling,10
s248_t10,248,2,1724800416,dsa-q37,programming-dsa,dsa-arrays,hard,1620,high,0.0,array-operations|indexing|searching|sorting,standard,0,0,none,0.0,practice_test,777.0,beginner,0,0,0.0,0,0,0.0,0,0,0.0,0.0077468029078758,0.0,0,48.78099448547836,32,1.0,0.0077468029078758,0,0,beginner,777,0.0,0,0,0.0,0,0,0.0,0,hard,hard,Struggling,6
s248_t10,248,2,1724800417,ps-q93,probability-statistics,ps-hypothesis,medium,1100,medium,0.0,hypothesis-testing|p-value|type-I-error|type-II-error|t-test|significance-level,standard,0,0,none,0.0,practice_test,777.0,beginner,0,0,0.0,0,0,0.0,0,0,0.0,0.1347802947714417,0.0,0,51.89289721422044,32,1.0,0.1347802947714417,-4,0,beginner,773,0.0,0,0,0.0,0,0,0.0,-4,medium,medium,Struggling,4
s248_t10,248,2,1724800418,dsa-q20,programming-dsa,dsa-complexity,hard,2460,high,0.0,time-complexity|space-complexity|big-o-notation,standard,0,0,none,0.0,practice_test,773.0,beginner,0,0,0.0,0,0,0.0,0,0,0.0,6.0600147452275226e-05,0.0,1,135.01210839572457,32,1.0,6.0600147452275226e-05,32,0,beginner,805,0.0,0,0,0.0,0,0,0.0,32,hard,hard,Struggling,10
s248_t10,248,2,1724800419,la-45,linear-algebra,la-eigenvalues,medium,1210,medium,0.0,,standard,0,0,none,0.0,practice_test,805.0,beginner,0,0,0.0,0,0,0.0,0,0,0.0,0.0885582299969842,0.0,0,38.44500911418776,32,1.0,0.0885582299969842,-3,0,beginner,802,0.0,0,0,0.0,0,0,0.0,-3,medium,medium,Struggling,4
s248_t10,248,2,1724800420,la-43,linear-algebra,la-eigenvalues,hard,1360,high,0.0,,standard,0,0,none,0.0,practice_test,802.0,beginner,0,0,0.0,0,0,0.0,0,0,0.0,0.0387126779471775,0.0,0,130.05828228369833,32,1.0,0.0387126779471775,-1,0,beginner,801,0.0,0,0,0.0,0,0,0.0,-1,hard,hard,Struggling,4
s248_t10,248,2,1724800421,co-q54,calculus-optimization,co-integration,hard,2460,high,0.0,definite-integrals|indefinite-integrals|integration-by-parts|u-substitution|fundamental-theorem,standard,0,0,none,0.0,practice_test,801.0,beginner,0,0,0.0,0,0,0.0,0,0,0.0,7.119821045380582e-05,0.0,0,93.6035530940054,32,1.0,7.119821045380582e-05,0,0,beginner,801,0.0,0,0,0.0,0,0,0.0,0,hard,hard,Struggling,10
s248_t10,248,2,1724800422,dsa-q80,programming-dsa,dsa-complexity,medium,1410,high,0.0,time-complexity|space-complexity|big-o-notation,standard,0,0,none,0.0,practice_test,801.0,beginner,0,0,0.0,0,0,0.0,0,0,0.0,0.0291508846672584,0.0,0,81.65341686706569,32,1.0,0.0291508846672584,-1,0,beginner,800,0.0,0,0,0.0,0,0,0.0,-1,medium,medium,Struggling,4
s248_t10,248,2,1724800423,ds-q119,dbms,dbms,medium,1260,medium,0.0,database-fundamentals|acid-properties|transactions,standard,0,0,none,0.0,practice_test,800.0,beginner,0,0,0.0,0,0,0.0,0,0,0.0,0.0661140613371956,0.0,1,128.72257528282384,32,1.0,0.0661140613371956,30,0,beginner,830,0.0,0,0,0.0,0,0,0.0,30,medium,medium,Struggling,4
s248_t10,248,2,1724800424,ml-q105,machine-learning,ml-unsupervised,medium,1460,high,0.0,clustering|k-means|hierarchical-clustering|dimensionality-reduction|pca,standard,0,0,none,0.0,practice_test,830.0,beginner,0,0,0.0,0,0,0.0,0,0,0.0,0.025917653106862,0.0,0,63.587503936916384,32,1.0,0.025917653106862,-1,0,beginner,829,0.0,0,0,0.0,0,0,0.0,-1,medium,medium,Struggling,6
s248_t10,248,2,1724800425,ps-q6,probability-statistics,ps-distributions,easy,980,medium,0.0,probability-distributions|cumulative-distribution|expected-value,standard,0,0,none,0.0,practice_test,829.0,beginner,0,0,0.0,0,0,0.0,0,0,0.0,0.295415407337279,0.0,0,27.25901364893063,32,1.0,0.295415407337279,-9,0,beginner,820,0.0,0,0,0.0,0,0,0.0,-9,easy,easy,Struggling,2
s248_t10,248,2,1724800426,ga-q30,general-aptitude,ga-logical-reasoning,medium,1130,medium,0.0,syllogisms|logical-deduction|critical-reasoning,standard,0,0,none,0.0,practice_test,820.0,beginner,0,0,0.0,0,0,0.0,0,0,0.0,0.1437479399018495,0.0,0,113.26062259211056,32,1.0,0.1437479399018495,-5,0,beginner,815,0.0,0,0,0.0,0,0,0.0,-5,medium,medium,Struggling,4
s248_t10,248,2,1724800427,ga-q5,general-aptitude,ga-logical-reasoning,easy,700,low,0.0,syllogisms|logical-deduction|critical-reasoning,standard,0,0,none,0.0,practice_test,815.0,beginner,0,0,0.0,0,0,0.0,0,0,0.0,0.6597079941447481,0.0,1,33.67783228034947,32,1.0,0.6597079941447481,11,0,beginner,826,0.0,0,0,0.0,0,0,0.0,11,easy,easy,Struggling,2
s248_t10,248,2,1724800428,ml-q120,machine-learning,ml-evaluation,medium,1050,medium,0.0,accuracy|precision|recall|f1-score|cross-validation,standard,0,0,none,0.0,practice_test,826.0,beginner,0,0,0.0,0,0,0.0,0,0,0.0,0.2159463161121849,0.0,0,137.60283626296518,32,1.0,0.2159463161121849,-7,0,beginner,819,0.0,0,0,0.0,0,0,0.0,-7,medium,medium,Struggling,2
s248_t10,248,2,1724800429,ga-q17,general-aptitude,ga-quantitative-aptitude,medium,1290,medium,0.0,arithmetic|algebra|geometry|permutations|combinations,standard,0,0,none,0.0,practice_test,819.0,beginner,0,0,0.0,0,0,0.0,0,0,0.0,0.0623102062738349,0.0,0,36.59839973460765,32,1.0,0.0623102062738349,-2,0,beginner,817,0.0,0,0,0.0,0,0,0.0,-2,medium,medium,Struggling,4
s248_t10,248,2,1724800430,ml-q19,machine-learning,ml-supervised,easy,740,low,0.0,linear-regression|logistic-regression|decision-trees|svm,standard,0,0,none,0.0,practice_test,817.0,beginner,0,0,0.0,0,0,0.0,0,0,0.0,0.6090326034042396,0.0,0,75.63039216724368,32,1.0,0.6090326034042396,-19,0,beginner,798,0.0,0,0,0.0,0,0,0.0,-19,easy,easy,Struggling,2
s248_t10,248,2,1724800431,ml-q35,machine-learning,ml-supervised,medium,1200,medium,0.0,linear-regression|logistic-regression|decision-trees|svm,standard,0,0,none,0.0,practice_test,798.0,beginner,0,0,0.0,0,0,0.0,0,0,0.0,0.0899620801884837,0.0,0,72.37253236194752,32,1.0,0.0899620801884837,-3,0,beginner,795,0.0,0,0,0.0,0,0,0.0,-3,medium,medium,Struggling,4
s248_t10,248,2,1724800432,ai-q3,artificial-intelligence,ai-logic,easy,840,low,0.0,propositional-logic|syntax-semantics|truth-tables|validity-satisfiability|inference-rules|soundness-completeness|predicate-logic|first-order-logic|quantifiers|unification|resolution,standard,0,0,none,0.0,practice_test,795.0,beginner,0,0,0.0,0,0,0.0,0,0,0.0,0.4355995097595788,0.0,0,56.22650188526213,32,1.0,0.4355995097595788,-14,0,beginner,781,0.0,0,0,0.0,0,0,0.0,-14,easy,easy,Struggling,2
s248_t10,248,2,1724800433,ds-q251,machine-learning,machine-learning,hard,2130,high,0.0,supervised|unsupervised|reinforcement|evaluation,standard,0,0,none,0.0,practice_test,781.0,beginner,0,0,0.0,0,0,0.0,0,0,0.0,0.0004239511730823,0.0,1,22.205821482665144,32,1.0,0.0004239511730823,32,0,beginner,813,0.0,0,0,0.0,0,0,0.0,32,hard,hard,Struggling,8
s248_t10,248,2,1724800434,dsa-q70,programming-dsa,dsa-complexity,hard,2010,high,0.0,time-complexity|space-complexity|big-o-notation,standard,0,0,none,0.0,practice_test,813.0,beginner,0,0,0.0,0,0,0.0,0,0,0.0,0.0010163852761171,0.0,0,38.11629996336566,32,1.0,0.0010163852761171,0,0,beginner,813,0.0,0,0,0.0,0,0,0.0,0,hard,hard,Struggling,8
s248_t10,248,2,1724800435,ds-q390,probability-statistics,probability-theory,easy,790,low,0.0,bayes-theorem|permutations|combinations|probability-rules,standard,0,0,none,0.0,practice_test,813.0,beginner,0,0,0.0,0,0,0.0,0,0,0.0,0.5330513938844411,0.0,0,20.15690120378404,32,1.0,0.5330513938844411,-17,0,beginner,796,0.0,0,0,0.0,0,0,0.0,-17,easy,easy,Struggling,2
s248_t10,248,2,1724800436,la-q7,linear-algebra,la-matrix,medium,1490,high,0.0,addition|scalar-multiplication|matrix-multiplication|determinants|minors|cofactors|gauss-jordan-elimination|symmetric|orthogonal|hermintian|unitary|identity-metrices,standard,0,0,none,0.0,practice_test,796.0,beginner,0,0,0.0,0,0,0.0,0,0,0.0,0.0180750004668307,0.0,0,100.52046302690836,32,1.0,0.0180750004668307,-1,0,beginner,795,0.0,0,0,0.0,0,0,0.0,-1,medium,medium,Struggling,6
s248_t10,248,2,1724800437,ds-q425,probability-statistics,probability-theory,medium,1050,medium,0.0,bayes-theorem|permutations|combinations|probability-rules,standard,0,0,none,0.0,practice_test,795.0,beginner,0,0,0.0,0,0,0.0,0,0,0.0,0.1872623183634652,0.0,0,90.5169955192031,32,1.0,0.1872623183634652,-6,0,beginner,789,0.0,0,0,0.0,0,0,0.0,-6,medium,medium,Struggling,2
s248_t10,248,2,1724800438,ga-q7,general-aptitude,ga-quantitative-aptitude,easy,820,low,0.0,arithmetic|algebra|geometry|permutations|combinations,standard,0,0,none,0.0,practice_test,789.0,beginner,0,0,0.0,0,0,0.0,0,0,0.0,0.4555054269169921,0.0,0,116.01843347215866,32,1.0,0.4555054269169921,-15,0,beginner,774,0.0,0,0,0.0,0,0,0.0,-15,easy,easy,Struggling,2
s248_t10,248,2,1724800439,ga-q2,general-aptitude,ga-quantitative-aptitude,easy,860,low,0.0,arithmetic|algebra|geometry|permutations|combinations,standard,0,0,none,0.0,practice_test,774.0,beginner,0,0,0.0,0,0,0.0,0,0,0.0,0.3787032768775454,0.0,1,83.49955727981725,32,1.0,0.3787032768775454,20,0,beginner,794,0.0,0,0,0.0,0,0,0.0,20,easy,easy,Struggling,2
s271_t12,271,2,1727100490,ml-q66,machine-learning,ml-supervised,easy,1200,medium,0.0,linear-regression|logistic-regression|decision-trees|svm,standard,0,0,none,0.0,practice_test,659.0,beginner,0,0,0.0,0,0,0.0,0,0,0.0,0.0425234175560488,0.0,0,123.3099464378861,32,1.0,0.0425234175560488,-1,0,beginner,658,0.0,0,0,0.0,0,0,0.0,-1,easy,easy,Struggling,4
s271_t12,271,2,1727100491,dsa-q14,programming-dsa,dsa-trees,medium,1240,medium,0.0,binary-trees|bst|tree-traversal|balanced-trees,standard,0,0,none,0.0,practice_test,658.0,beginner,0,0,0.0,0,0,0.0,0,0,0.0,0.0338866082603358,0.0,0,150.38677793758643,32,1.0,0.0338866082603358,-1,0,beginner,657,0.0,0,0,0.0,0,0,0.0,-1,medium,medium,Struggling,4
s271_t12,271,2,1727100492,ds-q377,probability-statistics,probability,easy,970,medium,0.0,sample-spaces|events|conditional-probability|independence,standard,0,0,none,0.0,practice_test,657.0,beginner,0,0,0.0,0,0,0.0,0,0,0.0,0.1416353958261022,0.0,0,47.61267702852411,32,1.0,0.1416353958261022,-5,0,beginner,652,0.0,0,0,0.0,0,0,0.0,-5,easy,easy,Struggling,2
s271_t12,271,2,1727100493,co-q3,calculus-optimization,co-differentiation,easy,730,low,0.0,derivatives|chain-rule|product-rule|critical-points,standard,0,0,none,0.0,practice_test,652.0,beginner,0,0,0.0,0,0,0.0,0,0,0.0,0.389597577905311,0.0,1,74.1488244551365,32,1.0,0.389597577905311,20,0,beginner,672,0.0,0,0,0.0,0,0,0.0,20,easy,easy,Struggling,2
s271_t12,271,2,1727100494,ps-q28,probability-statistics,ps-probability,medium,1160,medium,0.0,probability-theory|conditional-probability|independence,standard,0,0,none,0.0,practice_test,672.0,beginner,0,0,0.0,0,0,0.0,0,0,0.0,0.0568315208400972,0.0,0,48.29535529138156,32,1.0,0.0568315208400972,-2,0,beginner,670,0.0,0,0,0.0,0,0,0.0,-2,medium,medium,Struggling,4
s271_t12,271,2,1727100495,ds-q266,artificial-intelligence,logical-reasoning,medium,1070,medium,0.0,logical-deduction|critical-reasoning,standard,0,0,none,0.0,practice_test,670.0,beginner,0,0,0.0,0,0,0.0,0,0,0.0,0.0909090909090909,0.0,0,16.58751984732908,32,1.0,0.0909090909090909,-3,0,beginner,667,0.0,0,0,0.0,0,0,0.0,-3,medium,medium,Struggling,4
s271_t12,271,2,1727100496,dsa-q35,programming-dsa,dsa-arrays,medium,1300,medium,0.0,array-operations|indexing|searching|sorting,standard,0,0,none,0.0,practice_test,667.0,beginner,0,0,0.0,0,0,0.0,0,0,0.0,0.0254852224745824,0.0,0,130.4835274069147,32,1.0,0.0254852224745824,-1,0,beginner,666,0.0,0,0,0.0,0,0,0.0,-1,medium,medium,Struggling,4
s271_t12,271,2,1727100497,dbms-q58,dbms,dbms-normalization,medium,1350,high,0.0,functional-dependencies|closure-of-attributes|canonical-cover|lossless-join-decomposition|dependency-preservation|first-normal-form|second-normal-form|third-normal-form|boyce-codd-normal-form,standard,0,0,none,0.0,practice_test,666.0,beginner,0,0,0.0,0,0,0.0,0,0,0.0,0.0191255279241756,0.0,0,36.0802617974876,32,1.0,0.0191255279241756,-1,0,beginner,665,0.0,0,0,0.0,0,0,0.0,-1,medium,medium,Struggling,4
s271_t12,271,2,1727100498,dsa-q60,programming-dsa,dsa-trees,medium,1050,medium,0.0,binary-trees|bst|tree-traversal|balanced-trees,standard,0,0,none,0.0,practice_test,665.0,beginner,0,0,0.0,0,0,0.0,0,0,0.0,0.0983017453978049,0.0,1,66.3350801907222,32,1.0,0.0983017453978049,29,0,beginner,694,0.0,0,0,0.0,0,0,0.0,29,medium,medium,Struggling,2
s271_t12,271,2,1727100499,ml-q112,machine-learning,ml-unsupervised,medium,1200,medium,0.0,clustering|k-means|hierarchical-clustering|dimensionality-reduction|pca,standard,0,0,none,0.0,practice_test,694.0,beginner,0,0,0.0,0,0,0.0,0,0,0.0,0.0515258875974667,0.0,0,145.22467356213627,32,1.0,0.0515258875974667,-2,0,beginner,692,0.0,0,0,0.0,0,0,0.0,-2,medium,medium,Struggling,4
s271_t12,271,2,1727100500,dsa-q30,programming-dsa,dsa-arrays,medium,1000,medium,0.0,array-operations|indexing|searching|sorting,standard,0,0,none,0.0,practice_test,692.0,beginner,0,0,0.0,0,0,0.0,0,0,0.0,0.1451708224682404,0.0,1,101.92668241643126,32,1.0,0.1451708224682404,27,0,beginner,719,0.0,0,0,0.0,0,0,0.0,27,medium,medium,Struggling,2
s271_t12,271,2,1727100501,ds-q139,artificial-intelligence,quantitative-aptitude,easy,850,low,0.0,numbers|algebra|geometry|probability,standard,0,0,none,0.0,practice_test,719.0,beginner,0,0,0.0,0,0,0.0,0,0,0.0,0.3199293242627785,0.0,0,115.97899904112246,32,1.0,0.3199293242627785,-10,0,beginner,709,0.0,0,0,0.0,0,0,0.0,-10,easy,easy,Struggling,2
s271_t12,271,2,1727100502,la-34,linear-algebra,la-eigenvalues,medium,1410,high,0.0,,standard,0,0,none,0.0,practice_test,709.0,beginner,0,0,0.0,0,0,0.0,0,0,0.0,0.0173735453487956,0.0,0,150.0194871273551,32,1.0,0.0173735453487956,-1,0,beginner,708,0.0,0,0,0.0,0,0,0.0,-1,medium,medium,Struggling,4
s271_t12,271,2,1727100503,ps-q13,probability-statistics,ps-distributions,medium,1230,medium,0.0,probability-distributions|cumulative-distribution|expected-value,standard,0,0,none,0.0,practice_test,708.0,beginner,0,0,0.0,0,0,0.0,0,0,0.0,0.0472061876144065,0.0,0,111.06836233746088,32,1.0,0.0472061876144065,-2,0,beginner,706,0.0,0,0,0.0,0,0,0.0,-2,medium,medium,Struggling,4
s271_t12,271,2,1727100504,dbms-q48,dbms,dbms-normalization,medium,1100,medium,0.0,functional-dependencies|closure-of-attributes|canonical-cover|lossless-join-decomposition|dependency-preservation|first-normal-form|second-normal-form|third-normal-form|boyce-codd-normal-form,standard,0,0,none,0.0,practice_test,706.0,beginner,0,0,0.0,0,0,0.0,0,0,0.0,0.0938041532264948,0.0,0,27.39657491264017,32,1.0,0.0938041532264948,-3,0,beginner,703,0.0,0,0,0.0,0,0,0.0,-3,medium,medium,Struggling,4
s271_t12,271,2,1727100505,ds-q439,calculus-optimization,calculus,easy,850,low,0.0,derivatives|integrals|limits|continuity,standard,0,0,none,0.0,practice_test,703.0,beginner,0,0,0.0,0,0,0.0,0,0,0.0,0.3002305967379419,0.0,0,140.90107587640642,32,1.0,0.3002305967379419,-10,0,beginner,693,0.0,0,0,0.0,0,0,0.0,-10,easy,easy,Struggling,2
s271_t12,271,2,1727100506,dsa-q64,programming-dsa,dsa-complexity,easy,860,low,0.0,time-complexity|space-complexity|big-o-notation,standard,0,0,none,0.0,practice_test,693.0,beginner,0,0,0.0,0,0,0.0,0,0,0.0,0.2766121305608294,0.0,0,82.10005354070381,32,1.0,0.2766121305608294,-9,0,beginner,684,0.0,0,0,0.0,0,0,0.0,-9,easy,easy,Struggling,2
s271_t12,271,2,1727100507,dsa-q22,programming-dsa,dsa-trees,medium,1120,medium,0.0,binary-trees|bst|tree-traversal|balanced-trees,standard,0,0,none,0.0,practice_test,684.0,beginner,0,0,0.0,0,0,0.0,0,0,0.0,0.0751727787602884,0.0,0,134.4508293214848,32,1.0,0.0751727787602884,-2,0,beginner,682,0.0,0,0,0.0,0,0,0.0,-2,medium,medium,Struggling,4
s271_t12,271,2,1727100508,ga-q5,general-aptitude,ga-logical-reasoning,easy,700,low,0.0,syllogisms|logical-deduction|critical-reasoning,standard,0,0,none,0.0,practice_test,682.0,beginner,0,0,0.0,0,0,0.0,0,0,0.0,0.4741190691088309,0.0,0,120.34204657366595,32,1.0,0.4741190691088309,-15,0,beginner,667,0.0,0,0,0.0,0,0,0.0,-15,easy,easy,Struggling,2
s271_t12,271,2,1727100509,ds-q229,probability-statistics,probability,easy,760,low,0.0,sample-spaces|events|conditional-probability|independence,standard,0,0,none,0.0,practice_test,667.0,beginner,0,0,0.0,0,0,0.0,0,0,0.0,0.3692697113837977,0.0,0,64.33234089464655,32,1.0,0.3692697113837977,-12,0,beginner,655,0.0,0,0,0.0,0,0,0.0,-12,easy,easy,Struggling,2
s271_t12,271,2,1727100510,dsa-q52,programming-dsa,dsa-trees,medium,1080,medium,0.0,binary-trees|bst|tree-traversal|balanced-trees,standard,0,0,none,0.0,practice_test,655.0,beginner,0,0,0.0,0,0,0.0,0,0,0.0,0.0796951193276405,0.0,0,61.79060686227127,32,1.0,0.0796951193276405,-3,0,beginner,652,0.0,0,0,0.0,0,0,0.0,-3,medium,medium,Struggling,4
s271_t12,271,2,1727100511,la-q27,linear-algebra,la-vector-spaces,hard,1720,high,0.0,vector-addition|scalar-multiplication|sub-spaces|linear-combinations|spanning-sets|linear-independence|basis|dimension,standard,0,0,none,0.0,practice_test,652.0,beginner,0,0,0.0,0,0,0.0,0,0,0.0,0.0021334009591299,0.0,1,68.77281683549874,32,1.0,0.0021334009591299,32,0,beginner,684,0.0,0,0,0.0,0,0,0.0,32,hard,hard,Struggling,6
s271_t12,271,2,1727100512,ml-q94,machine-learning,ml-supervised,hard,1740,high,0.0,linear-regression|logistic-regression|decision-trees|svm|naive-bayes|ensemble-methods,standard,0,0,none,0.0,practice_test,684.0,beginner,0,0,0.0,0,0,0.0,0,0,0.0,0.0022856315733302,0.0,0,26.09966810977892,32,1.0,0.0022856315733302,0,0,beginner,684,0.0,0,0,0.0,0,0,0.0,0,hard,hard,Struggling,6
s271_t12,271,2,1727100513,ga-q9,general-aptitude,ga-logical-reasoning,easy,960,medium,0.0,syllogisms|logical-deduction|critical-reasoning,standard,0,0,none,0.0,practice_test,684.0,beginner,0,0,0.0,0,0,0.0,0,0,0.0,0.1695550886467628,0.0,0,51.782704974902686,32,1.0,0.1695550886467628,-5,0,beginner,679,0.0,0,0,0.0,0,0,0.0,-5,easy,easy,Struggling,2
s271_t12,271,2,1727100514,ps-q12,probability-statistics,ps-hypothesis,medium,1000,medium,0.0,hypothesis-testing|p-value|type-I-error|type-II-error,standard,0,0,none,0.0,practice_test,679.0,beginner,0,0,0.0,0,0,0.0,0,0,0.0,0.1361285236581421,0.0,1,51.7546709031698,32,1.0,0.1361285236581421,28,0,beginner,707,0.0,0,0,0.0,0,0,0.0,28,medium,medium,Struggling,2
s271_t12,271,2,1727100515,ai-q11,artificial-intelligence,ai-search,hard,2240,high,0.0,breadth-first-search|depth-first-search|a-star|heuristics,standard,0,0,none,0.0,practice_test,707.0,beginner,0,0,0.0,0,0,0.0,0,0,0.0,0.0001470402175352,0.0,0,144.23131507635907,32,1.0,0.0001470402175352,0,0,beginner,707,0.0,0,0,0.0,0,0,0.0,0,hard,hard,Struggling,10
s271_t12,271,2,1727100516,la-24,linear-algebra,la-matrices,medium,1360,high,0.0,,standard,0,0,none,0.0,practice_test,707.0,beginner,0,0,0.0,0,0,0.0,0,0,0.0,0.0227768543550126,0.0,0,71.62536721305509,32,1.0,0.0227768543550126,-1,0,beginner,706,0.0,0,0,0.0,0,0,0.0,-1,medium,medium,Struggling,4
s271_t12,271,2,1727100517,ps-q83,probability-statistics,ps-hypothesis,easy,730,low,0.0,hypothesis-testing|p-value|type-I-error|type-II-error|t-test|significance-level,standard,0,0,none,0.0,practice_test,706.0,beginner,0,0,0.0,0,0,0.0,0,0,0.0,0.4655160552731684,0.0,0,110.06899159241284,32,1.0,0.4655160552731684,-15,0,beginner,691,0.0,0,0,0.0,0,0,0.0,-15,easy,easy,Struggling,2
s271_t12,271,2,1727100518,dsa-q65,programming-dsa,dsa-complexity,medium,1020,medium,0.0,time-complexity|space-complexity|big-o-notation,standard,0,0,none,0.0,practice_test,691.0,beginner,0,0,0.0,0,0,0.0,0,0,0.0,0.1308031345449462,0.0,0,73.44027238189496,32,1.0,0.1308031345449462,-4,0,beginner,687,0.0,0,0,0.0,0,0,0.0,-4,medium,medium,Struggling,2
s271_t12,271,2,1727100519,ga-q26,general-aptitude,ga-verbal-reasoning,easy,830,low,0.0,reading-comprehension|vocabulary|sentence-correction|para-jumbles,standard,0,0,none,0.0,practice_test,687.0,beginner,0,0,0.0,0,0,0.0,0,0,0.0,0.3050902872704973,0.0,1,74.2463824323684,32,1.0,0.3050902872704973,22,0,beginner,709,0.0,0,0,0.0,0,0,0.0,22,easy,easy,Struggling,2
s271_t12,271,2,1727100520,ga-q19,general-aptitude,ga-quantitative-aptitude,medium,1120,medium,0.0,arithmetic|algebra|geometry|permutations|combinations,standard,0,0,none,0.0,practice_test,709.0,beginner,0,0,0.0,0,0,0.0,0,0,0.0,0.0858097406904173,0.0,0,28.413632415338185,32,1.0,0.0858097406904173,-3,0,beginner,706,0.0,0,0,0.0,0,0,0.0,-3,medium,medium,Struggling,4
s271_t12,271,2,1727100521,la-q14,linear-algebra,la-eigenvalues,medium,1150,medium,0.0,eigenvalues|eigenvectors|diagonalization|spectral-theorem,standard,0,0,none,0.0,practice_test,706.0,beginner,0,0,0.0,0,0,0.0,0,0,0.0,0.0720331585038426,0.0,0,144.91051051621258,32,1.0,0.0720331585038426,-2,0,beginner,704,0.0,0,0,0.0,0,0,0.0,-2,medium,medium,Struggling,4
s271_t12,271,2,1727100522,ga-q20,general-aptitude,ga-quantitative-aptitude,medium,1170,medium,0.0,arithmetic|algebra|geometry|permutations|combinations,standard,0,0,none,0.0,practice_test,704.0,beginner,0,0,0.0,0,0,0.0,0,0,0.0,0.0640132256667859,0.0,0,132.24931498867323,32,1.0,0.0640132256667859,-2,0,beginner,702,0.0,0,0,0.0,0,0,0.0,-2,medium,medium,Struggling,4
s271_t12,271,2,1727100523,ds-q63,machine-learning,machine-learning,easy,1300,medium,0.0,supervised|unsupervised|reinforcement|evaluation,standard,0,0,none,0.0,practice_test,702.0,beginner,0,0,0.0,0,0,0.0,0,0,0.0,0.0309973775038119,0.0,0,104.28211675712834,32,1.0,0.0309973775038119,-1,0,beginner,701,0.0,0,0,0.0,0,0,0.0,-1,easy,easy,Struggling,4
s271_t12,271,2,1727100524,la-33,linear-algebra,la-eigenvalues,hard,1360,high,0.0,,standard,0,0,none,0.0,practice_test,701.0,beginner,0,0,0.0,0,0,0.0,0,0,0.0,0.0220206277128122,0.0,0,16.91617194629031,32,1.0,0.0220206277128122,-1,0,beginner,700,0.0,0,0,0.0,0,0,0.0,-1,hard,hard,Struggling,4
s271_t12,271,2,1727100525,ps-q46,probability-statistics,ps-probability,easy,800,low,0.0,basic-probability|bayes-theorem|conditional-probability|independence|random-variables,standard,0,0,none,0.0,practice_test,700.0,beginner,0,0,0.0,0,0,0.0,0,0,0.0,0.3599350001971149,0.0,0,115.3150331534692,32,1.0,0.3599350001971149,-12,0,beginner,688,0.0,0,0,0.0,0,0,0.0,-12,easy,easy,Struggling,2
s271_t12,271,2,1727100526,ds-q175,artificial-intelligence,algorithms,medium,1240,medium,0.0,sorting|searching|dynamic-programming|greedy,standard,0,0,none,0.0,practice_test,688.0,beginner,0,0,0.0,0,0,0.0,0,0,0.0,0.0400186820170588,0.0,0,27.69063244844678,32,1.0,0.0400186820170588,-1,0,beginner,687,0.0,0,0,0.0,0,0,0.0,-1,medium,medium,Struggling,4
s271_t12,271,2,1727100527,ds-q30,calculus-optimization,calculus,easy,830,low,0.0,derivatives|integrals|limits|continuity,standard,0,0,none,0.0,practice_test,687.0,beginner,0,0,0.0,0,0,0.0,0,0,0.0,0.3050902872704973,0.0,0,30.753748267880127,32,1.0,0.3050902872704973,-10,0,beginner,677,0.0,0,0,0.0,0,0,0.0,-10,easy,easy,Struggling,2
s271_t12,271,2,1727100528,dsa-q83,programming-dsa,dsa-complexity,hard,2240,high,0.0,time-complexity|space-complexity|big-o-notation,standard,0,0,none,0.0,practice_test,677.0,beginner,0,0,0.0,0,0,0.0,0,0,0.0,0.0001237218100132,0.0,0,45.84389156987069,32,1.0,0.0001237218100132,0,0,beginner,677,0.0,0,0,0.0,0,0,0.0,0,hard,hard,Struggling,10
s271_t12,271,2,1727100529,dbms-q39,dbms,dbms-sql,medium,1170,medium,0.0,select|joins|group-by|aggregation,standard,0,0,none,0.0,practice_test,677.0,beginner,0,0,0.0,0,0,0.0,0,0,0.0,0.0553082747156129,0.0,0,62.54370190485622,32,1.0,0.0553082747156129,-2,0,beginner,675,0.0,0,0,0.0,0,0,0.0,-2,medium,medium,Struggling,4
s271_t12,271,2,1727100530,dsa-q68,programming-dsa,dsa-complexity,easy,980,medium,0.0,time-complexity|space-complexity|big-o-notation,standard,0,0,none,0.0,practice_test,675.0,beginner,0,0,0.0,0,0,0.0,0,0,0.0,0.1473270479438885,0.0,0,96.17778514229092,32,1.0,0.1473270479438885,-5,0,beginner,670,0.0,0,0,0.0,0,0,0.0,-5,easy,easy,Struggling,2
s271_t12,271,2,1727100531,ps-q8,probability-statistics,ps-distributions,easy,750,low,0.0,probability-distributions|cumulative-distribution|expected-value,standard,0,0,none,0.0,practice_test,670.0,beginner,0,0,0.0,0,0,0.0,0,0,0.0,0.3868631798468569,0.0,0,139.15621537292063,32,1.0,0.3868631798468569,-12,0,beginner,658,0.0,0,0,0.0,0,0,0.0,-12,easy,easy,Struggling,2
s271_t12,271,2,1727100532,ml-q9,machine-learning,ml-supervised,easy,890,low,0.0,linear-regression|logistic-regression|decision-trees|svm,standard,0,0,none,0.0,practice_test,658.0,beginner,0,0,0.0,0,0,0.0,0,0,0.0,0.2082511624918155,0.0,0,125.7210798384494,32,1.0,0.2082511624918155,-7,0,beginner,651,0.0,0,0,0.0,0,0,0.0,-7,easy,easy,Struggling,2
s271_t12,271,2,1727100533,ga-q11,general-aptitude,ga-verbal-reasoning,easy,830,low,0.0,reading-comprehension|vocabulary|sentence-correction|para-jumbles,standard,0,0,none,0.0,practice_test,651.0,beginner,0,0,0.0,0,0,0.0,0,0,0.0,0.2630052394593107,0.0,0,152.96470409608,32,1.0,0.2630052394593107,-8,0,beginner,643,0.0,0,0,0.0,0,0,0.0,-8,easy,easy,Struggling,2
s271_t12,271,2,1727100534,dsa-q54,programming-dsa,dsa-trees,easy,920,medium,0.0,binary-trees|bst|tree-traversal|balanced-trees,standard,0,0,none,0.0,practice_test,643.0,beginner,0,0,0.0,0,0,0.0,0,0,0.0,0.1687460843479534,0.0,0,61.06740962206671,32,1.0,0.1687460843479534,-5,0,beginner,638,0.0,0,0,0.0,0,0,0.0,-5,easy,easy,Struggling,2
s271_t12,271,2,1727100535,dsa-q6,programming-dsa,dsa-arrays,medium,1030,medium,0.0,array-operations|indexing|searching|sorting,standard,0,0,none,0.0,practice_test,638.0,beginner,0,0,0.0,0,0,0.0,0,0,0.0,0.0947873959731961,0.0,0,68.5317212730887,32,1.0,0.0947873959731961,-3,0,beginner,635,0.0,0,0,0.0,0,0,0.0,-3,medium,medium,Struggling,2
s271_t12,271,2,1727100536,ga-q14,general-aptitude,ga-logical-reasoning,easy,850,low,0.0,syllogisms|logical-deduction|critical-reasoning,standard,0,0,none,0.0,practice_test,635.0,beginner,0,0,0.0,0,0,0.0,0,0,0.0,0.2248471343503159,0.0,0,74.28969942824581,32,1.0,0.2248471343503159,-7,0,beginner,628,0.0,0,0,0.0,0,0,0.0,-7,easy,easy,Struggling,2
s271_t12,271,2,1727100537,dsa-q43,programming-dsa,dsa-arrays,easy,1250,medium,0.0,array-operations|indexing|searching|sorting,standard,0,0,none,0.0,practice_test,628.0,beginner,0,0,0.0,0,0,0.0,0,0,0.0,0.0271060055283036,0.0,0,125.88167539950726,32,1.0,0.0271060055283036,-1,0,beginner,627,0.0,0,0,0.0,0,0,0.0,-1,easy,easy,Struggling,4
s271_t12,271,2,1727100538,co-q69,calculus-optimization,co-optimization,hard,1850,high,0.0,critical-points|extrema|optimization|lagrange-multipliers|convexity|gradient-descent,standard,0,0,none,0.0,practice_test,627.0,beginner,0,0,0.0,0,0,0.0,0,0,0.0,0.0008752250277577,0.0,0,146.62235166983405,32,1.0,0.0008752250277577,0,0,beginner,627,0.0,0,0,0.0,0,0,0.0,0,hard,hard,Struggling,8
s271_t12,271,2,1727100539,dbms-q59,dbms,dbms-normalization,medium,1350,high,0.0,functional-dependencies|closure-of-attributes|canonical-cover|lossless-join-decomposition|dependency-preservation|first-normal-form|second-normal-form|third-normal-form|boyce-codd-normal-form,standard,0,0,none,0.0,practice_test,627.0,beginner,0,0,0.0,0,0,0.0,0,0,0.0,0.0153386414290214,0.0,0,73.28665509297716,32,1.0,0.0153386414290214,0,0,beginner,627,0.0,0,0,0.0,0,0,0.0,0,medium,medium,Struggling,4
s271_t12,271,2,1727100540,la-q32,linear-algebra,la-matrices,medium,1400,high,0.0,addition|scalar-multiplication|matrix-multiplication|determinants|minors|cofactors|symmetric|orthogonal,standard,0,0,none,0.0,practice_test,627.0,beginner,0,0,0.0,0,0,0.0,0,0,0.0,0.0115466546219724,0.0,0,126.05080641590096,32,1.0,0.0115466546219724,0,0,beginner,627,0.0,0,0,0.0,0,0,0.0,0,medium,medium,Struggling,4
s271_t12,271,2,1727100541,ds-q274,probability-statistics,probability,easy,750,low,0.0,sample-spaces|events|conditional-probability|independence,standard,0,0,none,0.0,practice_test,627.0,beginner,0,0,0.0,0,0,0.0,0,0,0.0,0.3300309860965169,0.0,0,65.47203520327074,32,1.0,0.3300309860965169,-11,0,beginner,616,0.0,0,0,0.0,0,0,0.0,-11,easy,easy,Struggling,2
s271_t12,271,2,1727100542,ml-q21,general-aptitude,unknown,medium,1310,high,0.0,,standard,0,0,none,0.0,practice_test,616.0,beginner,0,0,0.0,0,0,0.0,0,0,0.0,0.0180750004668307,0.0,1,141.49542026371145,32,1.0,0.0180750004668307,31,0,beginner,647,0.0,0,0,0.0,0,0,0.0,31,medium,medium,Struggling,4
s271_t12,271,2,1727100543,ds-q60,artificial-intelligence,data-structures,easy,710,low,0.0,arrays|linked-lists|stacks|queues|trees,standard,0,0,none,0.0,practice_test,647.0,beginner,0,0,0.0,0,0,0.0,0,0,0.0,0.4103164968600499,0.0,0,111.71878387006656,32,1.0,0.4103164968600499,-13,0,beginner,634,0.0,0,0,0.0,0,0,0.0,-13,easy,easy,Struggling,2
s271_t12,271,2,1727100544,dbms-q42,dbms,dbms-sql,medium,730,low,0.0,select|joins|group-by|aggregation,standard,0,0,none,0.0,practice_test,634.0,beginner,0,0,0.0,0,0,0.0,0,0,0.0,0.3652566649476832,0.0,0,151.43210680596837,32,1.0,0.3652566649476832,-12,0,beginner,622,0.0,0,0,0.0,0,0,0.0,-12,medium,medium,Struggling,2
s271_t12,271,2,1727100545,ml-q42,machine-learning,ml-supervised,medium,1270,medium,0.0,linear-regression|logistic-regression|decision-trees|svm,standard,0,0,none,0.0,practice_test,622.0,beginner,0,0,0.0,0,0,0.0,0,0,0.0,0.0234263697215823,0.0,0,129.12110281229556,32,1.0,0.0234263697215823,-1,0,beginner,621,0.0,0,0,0.0,0,0,0.0,-1,medium,medium,Struggling,4
s271_t12,271,2,1727100546,ml-q132,machine-learning,ml-evaluation,medium,1320,high,0.0,accuracy|precision|recall|f1-score|cross-validation,standard,0,0,none,0.0,practice_test,621.0,beginner,0,0,0.0,0,0,0.0,0,0,0.0,0.017571186618403,0.0,0,68.84095000727999,32,1.0,0.017571186618403,-1,0,beginner,620,0.0,0,0,0.0,0,0,0.0,-1,medium,medium,Struggling,4
s271_t12,271,2,1727100547,ps-q2,probability-statistics,prob-distributions,medium,1350,high,0.0,binomial|normal|poisson|exponential,standard,0,0,none,0.0,practice_test,620.0,beginner,0,0,0.0,0,0,0.0,0,0,0.0,0.0147417847215951,0.0,0,35.661047249779664,32,1.0,0.0147417847215951,0,0,beginner,620,0.0,0,0,0.0,0,0,0.0,0,medium,medium,Struggling,4
s271_t12,271,2,1727100548,ga-q1,general-aptitude,ga-verbal-reasoning,easy,800,low,0.0,reading-comprehension|vocabulary|sentence-correction|para-jumbles,standard,0,0,none,0.0,practice_test,620.0,beginner,0,0,0.0,0,0,0.0,0,0,0.0,0.2618909674595814,0.0,0,145.70773884092569,32,1.0,0.2618909674595814,-8,0,beginner,612,0.0,0,0,0.0,0,0,0.0,-8,easy,easy,Struggling,2
s271_t12,271,2,1727100549,ga-q8,general-aptitude,ga-logical-reasoning,medium,1290,medium,0.0,syllogisms|logical-deduction|critical-reasoning,standard,0,0,none,0.0,practice_test,612.0,beginner,0,0,0.0,0,0,0.0,0,0,0.0,0.0197843431102039,0.0,1,106.88980393336205,32,1.0,0.0197843431102039,31,0,beginner,643,0.0,0,0,0.0,0,0,0.0,31,medium,medium,Struggling,4
s271_t12,271,2,1727100550,la-q58,linear-algebra,la-eigenvalues,medium,1130,medium,0.0,eigenvalues|eigenvectors|diagonalization|spectral-theorem,standard,0,0,none,0.0,practice_test,643.0,beginner,0,0,0.0,0,0,0.0,0,0,0.0,0.0571408653324432,0.0,0,13.21003658451962,32,1.0,0.0571408653324432,-2,0,beginner,641,0.0,0,0,0.0,0,0,0.0,-2,medium,medium,Struggling,4
s271_t12,271,2,1727100551,ga-q18,general-aptitude,ga-quantitative-aptitude,medium,1190,medium,0.0,arithmetic|algebra|geometry|permutations|combinations,standard,0,0,none,0.0,practice_test,641.0,beginner,0,0,0.0,0,0,0.0,0,0,0.0,0.0406874188903735,0.0,0,46.40061486305317,32,1.0,0.0406874188903735,-1,0,beginner,640,0.0,0,0,0.0,0,0,0.0,-1,medium,medium,Struggling,4
s271_t12,271,2,1727100552,ml-q130,machine-learning,ml-evaluation,medium,1230,medium,0.0,accuracy|precision|recall|f1-score|cross-validation,standard,0,0,none,0.0,practice_test,640.0,beginner,0,0,0.0,0,0,0.0,0,0,0.0,0.0324108910793922,0.0,0,74.42971794930445,32,1.0,0.0324108910793922,-1,0,beginner,639,0.0,0,0,0.0,0,0,0.0,-1,medium,medium,Struggling,4
s271_t12,271,2,1727100553,dsa-q46,programming-dsa,dsa-trees,medium,1350,high,0.0,binary-trees|bst|tree-traversal|balanced-trees,standard,0,0,none,0.0,practice_test,639.0,beginner,0,0,0.0,0,0,0.0,0,0,0.0,0.0164176401087121,0.0,0,128.03612196219734,32,1.0,0.0164176401087121,-1,0,beginner,638,0.0,0,0,0.0,0,0,0.0,-1,medium,medium,Struggling,4
s271_t12,271,2,1727100554,co-q17,calculus-optimization,co-integration,easy,1470,high,0.0,definite-integrals|indefinite-integrals|integration-by-parts|u-substitution|fundamental-theorem,standard,0,0,none,0.0,practice_test,638.0,beginner,0,0,0.0,0,0,0.0,0,0,0.0,0.0082490253070535,0.0,0,130.92707567348916,32,1.0,0.0082490253070535,0,0,beginner,638,0.0,0,0,0.0,0,0,0.0,0,easy,easy,Struggling,6
s274_t16,274,3,1727400675,ds-q45,probability-statistics,probability-theory,medium,1140,medium,0.0,bayes-theorem|permutations|combinations|probability-rules,standard,0,0,none,0.0,practice_test,574.0,beginner,0,0,0.0,0,0,0.0,0,0,0.0,0.0370348483712476,0.0,0,119.01246914538608,32,1.0,0.0370348483712476,-1,0,beginner,573,0.0,0,0,0.0,0,0,0.0,-1,medium,medium,Struggling,4
s274_t16,274,3,1727400676,dsa-q41,programming-dsa,dsa-arrays,easy,970,medium,0.0,array-operations|indexing|searching|sorting,standard,0,0,none,0.0,practice_test,573.0,beginner,0,0,0.0,0,0,0.0,0,0,0.0,0.092346431806318,0.0,1,119.8025873447317,32,1.0,0.092346431806318,29,0,beginner,602,0.0,0,0,0.0,0,0,0.0,29,easy,easy,Struggling,2
s274_t16,274,3,1727400677,dsa-q72,programming-dsa,dsa-complexity,medium,1080,medium,0.0,time-complexity|space-complexity|big-o-notation,standard,0,0,none,0.0,practice_test,602.0,beginner,0,0,0.0,0,0,0.0,0,0,0.0,0.0599969616299759,0.0,0,108.88270541805632,32,1.0,0.0599969616299759,-2,0,beginner,600,0.0,0,0,0.0,0,0,0.0,-2,medium,medium,Struggling,4
s274_t16,274,3,1727400678,ml-q41,machine-learning,ml-supervised,medium,1360,high,0.0,linear-regression|logistic-regression|decision-trees|svm,standard,0,0,none,0.0,practice_test,600.0,beginner,0,0,0.0,0,0,0.0,0,0,0.0,0.0124327352544424,0.0,1,97.36237381049732,32,1.0,0.0124327352544424,32,0,beginner,632,0.0,0,0,0.0,0,0,0.0,32,medium,medium,Struggling,4
s274_t16,274,3,1727400679,dsa-q81,programming-dsa,dsa-complexity,medium,1310,high,0.0,time-complexity|space-complexity|big-o-notation,standard,0,0,none,0.0,practice_test,632.0,beginner,0,0,0.0,0,0,0.0,0,0,0.0,0.0197843431102039,0.0,0,124.68648770328775,32,1.0,0.0197843431102039,-1,0,beginner,631,0.0,0,0,0.0,0,0,0.0,-1,medium,medium,Struggling,4
s274_t16,274,3,1727400680,dbms-q60,dbms,dbms-normalization,medium,1400,high,0.0,functional-dependencies|closure-of-attributes|canonical-cover|lossless-join-decomposition|dependency-preservation|first-normal-form|second-normal-form|third-normal-form|boyce-codd-normal-form,standard,0,0,none,0.0,practice_test,631.0,beginner,0,0,0.0,0,0,0.0,0,0,0.0,0.0118124337324056,0.0,0,13.268506812942949,32,1.0,0.0118124337324056,0,0,beginner,631,0.0,0,0,0.0,0,0,0.0,0,medium,medium,Struggling,4
s274_t16,274,3,1727400681,la-q38,linear-algebra,la-matrices,medium,1390,high,0.0,addition|scalar-multiplication|matrix-multiplication|determinants|minors|cofactors|symmetric|orthogonal,standard,0,0,none,0.0,practice_test,631.0,beginner,0,0,0.0,0,0,0.0,0,0,0.0,0.0125036127719948,0.0,0,122.83793263936734,32,1.0,0.0125036127719948,0,0,beginner,631,0.0,0,0,0.0,0,0,0.0,0,medium,medium,Struggling,4
s274_t16,274,3,1727400682,dsa-q27,programming-dsa,dsa-arrays,easy,990,medium,0.0,array-operations|indexing|searching|sorting,standard,0,0,none,0.0,practice_test,631.0,beginner,0,0,0.0,0,0,0.0,0,0,0.0,0.1123887401401455,0.0,0,136.84614245553874,32,1.0,0.1123887401401455,-4,0,beginner,627,0.0,0,0,0.0,0,0,0.0,-4,easy,easy,Struggling,2
s274_t16,274,3,1727400683,ga-q17,general-aptitude,ga-quantitative-aptitude,medium,1290,medium,0.0,arithmetic|algebra|geometry|permutations|combinations,standard,0,0,none,0.0,practice_test,627.0,beginner,0,0,0.0,0,0,0.0,0,0,0.0,0.0215301690417092,0.0,0,144.47327337503356,32,1.0,0.0215301690417092,-1,0,beginner,626,0.0,0,0,0.0,0,0,0.0,-1,medium,medium,Struggling,4
s274_t16,274,3,1727400684,ps-q47,probability-statistics,ps-probability,medium,1210,medium,0.0,basic-probability|bayes-theorem|conditional-probability|independence|random-variables,standard,0,0,none,0.0,practice_test,626.0,beginner,0,0,0.0,0,0,0.0,0,0,0.0,0.0335117105483712,0.0,0,72.45538751687955,32,1.0,0.0335117105483712,-1,0,beginner,625,0.0,0,0,0.0,0,0,0.0,-1,medium,medium,Struggling,4
s274_t16,274,3,1727400685,ml-q16,machine-learning,ml-supervised,easy,890,low,0.0,linear-regression|logistic-regression|decision-trees|svm,standard,0,0,none,0.0,practice_test,625.0,beginner,0,0,0.0,0,0,0.0,0,0,0.0,0.178658528262988,0.0,0,23.35274375934456,32,1.0,0.178658528262988,-6,0,beginner,619,0.0,0,0,0.0,0,0,0.0,-6,easy,easy,Struggling,2
s274_t16,274,3,1727400686,ds-q297,artificial-intelligence,statistics,medium,1230,medium,0.0,descriptive-statistics|mean|variance|standard-deviation,standard,0,0,none,0.0,practice_test,619.0,beginner,0,0,0.0,0,0,0.0,0,0,0.0,0.0288268163957222,0.0,0,79.56725248894655,32,1.0,0.0288268163957222,-1,0,beginner,618,0.0,0,0,0.0,0,0,0.0,-1,medium,medium,Struggling,4
s274_t16,274,3,1727400687,ds-q54,dbms,dbms,medium,1310,high,0.0,database-fundamentals|acid-properties|transactions,standard,0,0,none,0.0,practice_test,618.0,beginner,0,0,0.0,0,0,0.0,0,0,0.0,0.0182804730298192,0.0,1,113.47188470284765,32,1.0,0.0182804730298192,31,0,beginner,649,0.0,0,0,0.0,0,0,0.0,31,medium,medium,Struggling,4
s274_t16,274,3,1727400688,la-q16,linear-algebra,la-eigenvalues,medium,1200,medium,0.0,eigenvalues|eigenvectors|diagonalization|spectral-theorem,standard,0,0,none,0.0,practice_test,649.0,beginner,0,0,0.0,0,0,0.0,0,0,0.0,0.0402404156313757,0.0,0,117.46391948762223,32,1.0,0.0402404156313757,-1,0,beginner,648,0.0,0,0,0.0,0,0,0.0,-1,medium,medium,Struggling,4
s274_t16,274,3,1727400689,la-23,linear-algebra,la-matrices,hard,1510,high,0.0,,standard,0,0,none,0.0,practice_test,648.0,beginner,0,0,0.0,0,0,0.0,0,0,0.0,0.0069497824637108,0.0,0,85.67312960715319,32,1.0,0.0069497824637108,0,0,beginner,648,0.0,0,0,0.0,0,0,0.0,0,hard,hard,Struggling,6
s274_t16,274,3,1727400690,ps-q82,probability-statistics,ps-hypothesis,medium,1470,high,0.0,hypothesis-testing|p-value|type-I-error|type-II-error|t-test|significance-level,standard,0,0,none,0.0,practice_test,648.0,beginner,0,0,0.0,0,0,0.0,0,0,0.0,0.0087335419570934,0.0,0,58.58049638426776,32,1.0,0.0087335419570934,0,0,beginner,648,0.0,0,0,0.0,0,0,0.0,0,medium,medium,Struggling,6
s274_t16,274,3,1727400691,ds-q55,probability-statistics,probability-theory,easy,740,low,0.0,bayes-theorem|permutations|combinations|probability-rules,standard,0,0,none,0.0,practice_test,648.0,beginner,0,0,0.0,0,0,0.0,0,0,0.0,0.3706114527824977,0.0,0,115.80211498728052,32,1.0,0.3706114527824977,-12,0,beginner,636,0.0,0,0,0.0,0,0,0.0,-12,easy,easy,Struggling,2
s274_t16,274,3,1727400692,ds-q39,probability-statistics,probability,easy,740,low,0.0,sample-spaces|events|conditional-probability|independence,standard,0,0,none,0.0,practice_test,636.0,beginner,0,0,0.0,0,0,0.0,0,0,0.0,0.3546475495606176,0.0,0,54.36948895993715,32,1.0,0.3546475495606176,-11,0,beginner,625,0.0,0,0,0.0,0,0,0.0,-11,easy,easy,Struggling,2
s274_t16,274,3,1727400693,dsa-q78,programming-dsa,dsa-complexity,easy,770,low,0.0,time-complexity|space-complexity|big-o-notation,standard,0,0,none,0.0,practice_test,625.0,beginner,0,0,0.0,0,0,0.0,0,0,0.0,0.3026549214101467,0.0,0,73.13933232207458,32,1.0,0.3026549214101467,-10,0,beginner,615,0.0,0,0,0.0,0,0,0.0,-10,easy,easy,Struggling,2
s274_t16,274,3,1727400694,ds-q456,dbms,dbms,medium,1160,medium,0.0,database-fundamentals|acid-properties|transactions,standard,0,0,none,0.0,practice_test,615.0,beginner,0,0,0.0,0,0,0.0,0,0,0.0,0.0415957290321025,0.0,0,117.13913915688995,32,1.0,0.0415957290321025,-1,0,beginner,614,0.0,0,0,0.0,0,0,0.0,-1,medium,medium,Struggling,4
s274_t16,274,3,1727400695,ds-q251,machine-learning,machine-learning,hard,2130,high,0.0,supervised|unsupervised|reinforcement|evaluation,standard,0,0,none,0.0,practice_test,614.0,beginner,0,0,0.0,0,0,0.0,0,0,0.0,0.000162154711321,0.0,1,93.8740766752104,32,1.0,0.000162154711321,32,0,beginner,646,0.0,0,0,0.0,0,0,0.0,32,hard,hard,Struggling,8
s274_t16,274,3,1727400696,ps-q50,probability-statistics,ps-probability,medium,1350,high,0.0,basic-probability|bayes-theorem|conditional-probability|independence|random-variables,standard,0,0,none,0.0,practice_test,646.0,beginner,0,0,0.0,0,0,0.0,0,0,0.0,0.0170811715467934,0.0,0,138.62839528349264,32,1.0,0.0170811715467934,-1,0,beginner,645,0.0,0,0,0.0,0,0,0.0,-1,medium,medium,Struggling,4
s274_t16,274,3,1727400697,co-q76,calculus-optimization,co-optimization,medium,1350,high,0.0,critical-points|extrema|optimization|lagrange-multipliers|convexity|gradient-descent,standard,0,0,none,0.0,practice_test,645.0,beginner,0,0,0.0,0,0,0.0,0,0,0.0,0.0169847921535149,0.0,1,60.00841215497871,32,1.0,0.0169847921535149,31,0,beginner,676,0.0,0,0,0.0,0,0,0.0,31,medium,medium,Struggling,4
s274_t16,274,3,1727400698,dsa-q30,programming-dsa,dsa-arrays,medium,1000,medium,0.0,array-operations|indexing|searching|sorting,standard,0,0,none,0.0,practice_test,676.0,beginner,0,0,0.0,0,0,0.0,0,0,0.0,0.1341104175449561,0.0,0,118.00535674537667,32,1.0,0.1341104175449561,-4,0,beginner,672,0.0,0,0,0.0,0,0,0.0,-4,medium,medium,Struggling,2
s274_t16,274,3,1727400699,ds-q57,artificial-intelligence,linear-algebra,easy,860,low,0.0,matrices|vectors|eigenvalues|linear-systems|transformations,standard,0,0,none,0.0,practice_test,672.0,beginner,0,0,0.0,0,0,0.0,0,0,0.0,0.2530870785710568,0.0,0,124.03897185349128,32,1.0,0.2530870785710568,-8,0,beginner,664,0.0,0,0,0.0,0,0,0.0,-8,easy,easy,Struggling,2
s274_t16,274,3,1727400700,la-q32,linear-algebra,la-matrices,medium,1400,high,0.0,addition|scalar-multiplication|matrix-multiplication|determinants|minors|cofactors|symmetric|orthogonal,standard,0,0,none,0.0,practice_test,664.0,beginner,0,0,0.0,0,0,0.0,0,0,0.0,0.0142484450164782,0.0,0,124.06285321866466,32,1.0,0.0142484450164782,0,0,beginner,664,0.0,0,0,0.0,0,0,0.0,0,medium,medium,Struggling,4
s274_t16,274,3,1727400701,ds-q30,calculus-optimization,calculus,easy,830,low,0.0,derivatives|integrals|limits|continuity,standard,0,0,none,0.0,practice_test,664.0,beginner,0,0,0.0,0,0,0.0,0,0,0.0,0.2777654663508294,0.0,1,102.23620963195656,32,1.0,0.2777654663508294,23,0,beginner,687,0.0,0,0,0.0,0,0,0.0,23,easy,easy,Struggling,2
s274_t16,274,3,1727400702,ds-q182,artificial-intelligence,statistics,medium,1330,high,0.0,descriptive-statistics|mean|variance|standard-deviation,standard,0,0,none,0.0,practice_test,687.0,beginner,0,0,0.0,0,0,0.0,0,0,0.0,0.0240939503035321,0.0,0,94.02522240484512,32,1.0,0.0240939503035321,-1,0,beginner,686,0.0,0,0,0.0,0,0,0.0,-1,medium,medium,Struggling,4
s274_t16,274,3,1727400703,ml-q124,machine-learning,ml-evaluation,easy,920,medium,0.0,accuracy|precision|recall|f1-score|cross-validation,standard,0,0,none,0.0,practice_test,686.0,beginner,0,0,0.0,0,0,0.0,0,0,0.0,0.2063592568118311,0.0,0,63.25777964609462,32,1.0,0.2063592568118311,-7,0,beginner,679,0.0,0,0,0.0,0,0,0.0,-7,easy,easy,Struggling,2
s274_t16,274,3,1727400704,ga-q10,general-aptitude,ga-logical-reasoning,easy,760,low,0.0,syllogisms|logical-deduction|critical-reasoning,standard,0,0,none,0.0,practice_test,679.0,beginner,0,0,0.0,0,0,0.0,0,0,0.0,0.3854986389914422,0.0,0,98.6866924570121,32,1.0,0.3854986389914422,-12,0,beginner,667,0.0,0,0,0.0,0,0,0.0,-12,easy,easy,Struggling,2
s274_t16,274,3,1727400705,dsa-q46,programming-dsa,dsa-trees,medium,1350,high,0.0,binary-trees|bst|tree-traversal|balanced-trees,standard,0,0,none,0.0,practice_test,667.0,beginner,0,0,0.0,0,0,0.0,0,0,0.0,0.0192338171407248,0.0,0,135.50380995382096,32,1.0,0.0192338171407248,-1,0,beginner,666,0.0,0,0,0.0,0,0,0.0,-1,medium,medium,Struggling,4
s274_t16,274,3,1727400706,dsa-q7,programming-dsa,dsa-trees,medium,1200,medium,0.0,binary-trees|bst|tree-traversal|balanced-trees,standard,0,0,none,0.0,practice_test,666.0,beginner,0,0,0.0,0,0,0.0,0,0,0.0,0.0441946264864114,0.0,0,123.24809564508044,32,1.0,0.0441946264864114,-1,0,beginner,665,0.0,0,0,0.0,0,0,0.0,-1,medium,medium,Struggling,4
s274_t16,274,3,1727400707,dsa-q12,programming-dsa,dsa-trees,easy,880,low,0.0,binary-trees|bst|tree-traversal|balanced-trees,standard,0,0,none,0.0,practice_test,665.0,beginner,0,0,0.0,0,0,0.0,0,0,0.0,0.2248471343503159,0.0,1,83.53231897925349,32,1.0,0.2248471343503159,25,0,beginner,690,0.0,0,0,0.0,0,0,0.0,25,easy,easy,Struggling,2
s274_t16,274,3,1727400708,ga-q18,general-aptitude,ga-quantitative-aptitude,medium,1190,medium,0.0,arithmetic|algebra|geometry|permutations|combinations,standard,0,0,none,0.0,practice_test,690.0,beginner,0,0,0.0,0,0,0.0,0,0,0.0,0.0532402152020224,0.0,0,122.63973879829824,32,1.0,0.0532402152020224,-2,0,beginner,688,0.0,0,0,0.0,0,0,0.0,-2,medium,medium,Struggling,4
s274_t16,274,3,1727400709,co-q3,calculus-optimization,co-differentiation,easy,730,low,0.0,derivatives|chain-rule|product-rule|critical-points,standard,0,0,none,0.0,practice_test,688.0,beginner,0,0,0.0,0,0,0.0,0,0,0.0,0.4398498547680971,0.0,0,102.26023597163106,32,1.0,0.4398498547680971,-14,0,beginner,674,0.0,0,0,0.0,0,0,0.0,-14,easy,easy,Struggling,2
s274_t16,274,3,1727400710,la-q42,linear-algebra,la-matrices,hard,1670,high,0.0,addition|scalar-multiplication|matrix-multiplication|determinants|minors|cofactors|symmetric|orthogonal,standard,0,0,none,0.0,practice_test,674.0,beginner,0,0,0.0,0,0,0.0,0,0,0.0,0.0032254990589372,0.0,0,85.17363961160821,32,1.0,0.0032254990589372,0,0,beginner,674,0.0,0,0,0.0,0,0,0.0,0,hard,hard,Struggling,6
s274_t16,274,3,1727400711,dsa-q58,programming-dsa,dsa-trees,medium,1020,medium,0.0,binary-trees|bst|tree-traversal|balanced-trees,standard,0,0,none,0.0,practice_test,674.0,beginner,0,0,0.0,0,0,0.0,0,0,0.0,0.1200733119893831,0.0,0,64.21143156745893,32,1.0,0.1200733119893831,-4,0,beginner,670,0.0,0,0,0.0,0,0,0.0,-4,medium,medium,Struggling,2
s274_t16,274,3,1727400712,la-q58,linear-algebra,la-eigenvalues,medium,1130,medium,0.0,eigenvalues|eigenvectors|diagonalization|spectral-theorem,standard,0,0,none,0.0,practice_test,670.0,beginner,0,0,0.0,0,0,0.0,0,0,0.0,0.0661140613371956,0.0,0,136.82607734298816,32,1.0,0.0661140613371956,-2,0,beginner,668,0.0,0,0,0.0,0,0,0.0,-2,medium,medium,Struggling,4
s274_t16,274,3,1727400713,ga-q19,general-aptitude,ga-quantitative-aptitude,medium,1120,medium,0.0,arithmetic|algebra|geometry|permutations|combinations,standard,0,0,none,0.0,practice_test,668.0,beginner,0,0,0.0,0,0,0.0,0,0,0.0,0.0690148803681826,0.0,0,135.40230972558996,32,1.0,0.0690148803681826,-2,0,beginner,666,0.0,0,0,0.0,0,0,0.0,-2,medium,medium,Struggling,4
s274_t16,274,3,1727400714,co-q42,calculus-optimization,co-integration,easy,750,low,0.0,definite-integrals|indefinite-integrals|integration-by-parts|u-substitution|fundamental-theorem,standard,0,0,none,0.0,practice_test,666.0,beginner,0,0,0.0,0,0,0.0,0,0,0.0,0.3814158779109692,0.0,0,99.64168063402217,32,1.0,0.3814158779109692,-12,0,beginner,654,0.0,0,0,0.0,0,0,0.0,-12,easy,easy,Struggling,2
s274_t16,274,3,1727400715,ga-q4,general-aptitude,ga-quantitative-aptitude,easy,870,low,0.0,arithmetic|algebra|geometry|permutations|combinations,standard,0,0,none,0.0,practice_test,654.0,beginner,0,0,0.0,0,0,0.0,0,0,0.0,0.2238454246581692,0.0,0,137.29833991341525,32,1.0,0.2238454246581692,-7,0,beginner,647,0.0,0,0,0.0,0,0,0.0,-7,easy,easy,Struggling,2
s274_t16,274,3,1727400716,ml-q83,machine-learning,ml-supervised,medium,1260,medium,0.0,linear-regression|logistic-regression|decision-trees|svm|naive-bayes|ensemble-methods,standard,0,0,none,0.0,practice_test,647.0,beginner,0,0,0.0,0,0,0.0,0,0,0.0,0.0285062449862064,0.0,0,29.85064404581627,32,1.0,0.0285062449862064,-1,0,beginner,646,0.0,0,0,0.0,0,0,0.0,-1,medium,medium,Struggling,4
s274_t16,274,3,1727400717,ds-q164,machine-learning,machine-learning,medium,1080,medium,0.0,supervised|unsupervised|reinforcement|evaluation,standard,0,0,none,0.0,practice_test,646.0,beginner,0,0,0.0,0,0,0.0,0,0,0.0,0.0759771035027654,0.0,1,95.61814582404853,32,1.0,0.0759771035027654,30,0,beginner,676,0.0,0,0,0.0,0,0,0.0,30,medium,medium,Struggling,4
s274_t16,274,3,1727400718,co-q45,calculus-optimization,co-integration,easy,990,medium,0.0,definite-integrals|indefinite-integrals|integration-by-parts|u-substitution|fundamental-theorem,standard,0,0,none,0.0,practice_test,676.0,beginner,0,0,0.0,0,0,0.0,0,0,0.0,0.1409369976233262,0.0,0,95.11974524938006,32,1.0,0.1409369976233262,-5,0,beginner,671,0.0,0,0,0.0,0,0,0.0,-5,easy,easy,Struggling,2
s274_t16,274,3,1727400719,dsa-q39,programming-dsa,dsa-arrays,easy,890,low,0.0,array-operations|indexing|searching|sorting,standard,0,0,none,0.0,practice_test,671.0,beginner,0,0,0.0,0,0,0.0,0,0,0.0,0.2208593791805304,0.0,0,121.25150374791596,32,1.0,0.2208593791805304,-7,0,beginner,664,0.0,0,0,0.0,0,0,0.0,-7,easy,easy,Struggling,2
s274_t16,274,3,1727400720,ds-q160,machine-learning,machine-learning,medium,1100,medium,0.0,supervised|unsupervised|reinforcement|evaluation,standard,0,0,none,0.0,practice_test,664.0,beginner,0,0,0.0,0,0,0.0,0,0,0.0,0.0751727787602884,0.0,0,66.87992070491512,32,1.0,0.0751727787602884,-2,0,beginner,662,0.0,0,0,0.0,0,0,0.0,-2,medium,medium,Struggling,4
s274_t16,274,3,1727400721,dsa-q3,programming-dsa,dsa-arrays,easy,880,low,0.0,array-operations|indexing|searching|sorting,standard,0,0,none,0.0,practice_test,662.0,beginner,0,0,0.0,0,0,0.0,0,0,0.0,0.2218515457808675,0.0,0,101.78867188170278,32,1.0,0.2218515457808675,-7,0,beginner,655,0.0,0,0,0.0,0,0,0.0,-7,easy,easy,Struggling,2
s274_t16,274,3,1727400722,ga-q3,general-aptitude,ga-quantitative-aptitude,easy,820,low,0.0,arithmetic|algebra|geometry|permutations|combinations,standard,0,0,none,0.0,practice_test,655.0,beginner,0,0,0.0,0,0,0.0,0,0,0.0,0.2789217568024399,0.0,0,123.60564775311278,32,1.0,0.2789217568024399,-9,0,beginner,646,0.0,0,0,0.0,0,0,0.0,-9,easy,easy,Struggling,2
s274_t16,274,3,1727400723,ml-q53,machine-learning,ml-supervised,easy,720,low,0.0,linear-regression|logistic-regression|decision-trees|svm,standard,0,0,none,0.0,practice_test,646.0,beginner,0,0,0.0,0,0,0.0,0,0,0.0,0.3950870979920432,0.0,0,96.17309512795951,32,1.0,0.3950870979920432,-13,0,beginner,633,0.0,0,0,0.0,0,0,0.0,-13,easy,easy,Struggling,2
s274_t16,274,3,1727400724,ps-q60,probability-statistics,ps-distributions,medium,1070,medium,0.0,normal-distribution|binomial-distribution|poisson-distribution|cumulative-distribution|expected-value|variance,standard,0,0,none,0.0,practice_test,633.0,beginner,0,0,0.0,0,0,0.0,0,0,0.0,0.0747735563264481,0.0,0,95.65719249248792,32,1.0,0.0747735563264481,-2,0,beginner,631,0.0,0,0,0.0,0,0,0.0,-2,medium,medium,Struggling,4
s274_t16,274,3,1727400725,ga-q30,general-aptitude,ga-logical-reasoning,medium,1130,medium,0.0,syllogisms|logical-deduction|critical-reasoning,standard,0,0,none,0.0,practice_test,631.0,beginner,0,0,0.0,0,0,0.0,0,0,0.0,0.0535311210405368,0.0,1,50.52081253924669,32,1.0,0.0535311210405368,30,0,beginner,661,0.0,0,0,0.0,0,0,0.0,30,medium,medium,Struggling,4
s274_t16,274,3,1727400726,ps-q61,probability-statistics,ps-distributions,easy,900,low,0.0,normal-distribution|binomial-distribution|poisson-distribution|cumulative-distribution|expected-value|variance,standard,0,0,none,0.0,practice_test,661.0,beginner,0,0,0.0,0,0,0.0,0,0,0.0,0.2016852558450224,0.0,0,148.52976908529695,32,1.0,0.2016852558450224,-6,0,beginner,655,0.0,0,0,0.0,0,0,0.0,-6,easy,easy,Struggling,2
s274_t16,274,3,1727400727,ps-q52,probability-statistics,ps-probability,medium,1060,medium,0.0,basic-probability|bayes-theorem|conditional-probability|independence|random-variables,standard,0,0,none,0.0,practice_test,655.0,beginner,0,0,0.0,0,0,0.0,0,0,0.0,0.0885582299969842,0.0,0,6.790324322470028,32,1.0,0.0885582299969842,-3,0,beginner,652,0.0,0,0,0.0,0,0,0.0,-3,medium,medium,Struggling,4
s274_t16,274,3,1727400728,ga-q6,general-aptitude,ga-logical-reasoning,medium,1340,high,0.0,syllogisms|logical-deduction|critical-reasoning,standard,0,0,none,0.0,practice_test,652.0,beginner,0,0,0.0,0,0,0.0,0,0,0.0,0.018698318073816,0.0,0,132.8518180838627,32,1.0,0.018698318073816,-1,0,beginner,651,0.0,0,0,0.0,0,0,0.0,-1,medium,medium,Struggling,4
s274_t16,274,3,1727400729,la-q10,linear-algebra,la-matrix,medium,1200,medium,0.0,addition|scalar-multiplication|matrix-multiplication|determinants|minors|cofactors|symmetric|orthogonal,standard,0,0,none,0.0,practice_test,651.0,beginner,0,0,0.0,0,0,0.0,0,0,0.0,0.0406874188903735,0.0,0,29.28536404567287,32,1.0,0.0406874188903735,-1,0,beginner,650,0.0,0,0,0.0,0,0,0.0,-1,medium,medium,Struggling,4
s274_t16,274,3,1727400730,ga-q2,general-aptitude,ga-quantitative-aptitude,easy,860,low,0.0,arithmetic|algebra|geometry|permutations|combinations,standard,0,0,none,0.0,practice_test,650.0,beginner,0,0,0.0,0,0,0.0,0,0,0.0,0.2299033233390179,0.0,0,46.857642275639975,32,1.0,0.2299033233390179,-7,0,beginner,643,0.0,0,0,0.0,0,0,0.0,-7,easy,easy,Struggling,2
s274_t16,274,3,1727400731,ds-q105,artificial-intelligence,linear-algebra,medium,1330,high,0.0,matrices|vectors|eigenvalues|linear-systems|transformations,standard,0,0,none,0.0,practice_test,643.0,beginner,0,0,0.0,0,0,0.0,0,0,0.0,0.0188042347894683,0.0,0,130.42452968995036,32,1.0,0.0188042347894683,-1,0,beginner,642,0.0,0,0,0.0,0,0,0.0,-1,medium,medium,Struggling,4
s274_t16,274,3,1727400732,dbms-q8,dbms,dbms-sql,medium,1200,medium,0.0,select|joins|group-by|aggregation,standard,0,0,none,0.0,practice_test,642.0,beginner,0,0,0.0,0,0,0.0,0,0,0.0,0.0387126779471775,0.0,1,102.61276416053158,32,1.0,0.0387126779471775,31,0,beginner,673,0.0,0,0,0.0,0,0,0.0,31,medium,medium,Struggling,4
s274_t16,274,3,1727400733,dsa-q49,programming-dsa,dsa-trees,easy,1250,medium,0.0,binary-trees|bst|tree-traversal|balanced-trees,standard,0,0,none,0.0,practice_test,673.0,beginner,0,0,0.0,0,0,0.0,0,0,0.0,0.0348416390467018,0.0,0,45.10571685506138,32,1.0,0.0348416390467018,-1,0,beginner,672,0.0,0,0,0.0,0,0,0.0,-1,easy,easy,Struggling,4
s274_t16,274,3,1727400734,dbms-q34,dbms,dbms-sql,easy,990,medium,0.0,select|joins|group-by|aggregation,standard,0,0,none,0.0,practice_test,672.0,beginner,0,0,0.0,0,0,0.0,0,0,0.0,0.1381721524200822,0.0,0,41.16589415958804,32,1.0,0.1381721524200822,-4,0,beginner,668,0.0,0,0,0.0,0,0,0.0,-4,easy,easy,Struggling,2
s274_t16,274,3,1727400735,ds-q469,artificial-intelligence,regularization,easy,720,low,0.0,l1-regularization|l2-regularization|dropout,standard,0,0,none,0.0,practice_test,668.0,beginner,0,0,0.0,0,0,0.0,0,0,0.0,0.4257197963454756,0.0,0,55.82625115566465,32,1.0,0.4257197963454756,-14,0,beginner,654,0.0,0,0,0.0,0,0,0.0,-14,easy,easy,Struggling,2
s274_t16,274,3,1727400736,ps-q79,probability-statistics,ps-hypothesis,medium,1020,medium,0.0,hypothesis-testing|p-value|type-I-error|type-II-error|t-test|significance-level,standard,0,0,none,0.0,practice_test,654.0,beginner,0,0,0.0,0,0,0.0,0,0,0.0,0.1084313331266333,0.0,0,33.82555702872829,32,1.0,0.1084313331266333,-3,0,beginner,651,0.0,0,0,0.0,0,0,0.0,-3,medium,medium,Struggling,2
s274_t16,274,3,1727400737,dsa-q24,programming-dsa,dsa-arrays,easy,870,low,0.0,array-operations|indexing|searching|sorting,standard,0,0,none,0.0,practice_test,651.0,beginner,0,0,0.0,0,0,0.0,0,0,0.0,0.2208593791805304,0.0,1,36.99156220653242,32,1.0,0.2208593791805304,25,0,beginner,676,0.0,0,0,0.0,0,0,0.0,25,easy,easy,Struggling,2
s274_t16,274,3,1727400738,ga-q12,general-aptitude,ga-verbal-reasoning,easy,820,low,0.0,reading-comprehension|vocabulary|sentence-correction|para-jumbles,standard,0,0,none,0.0,practice_test,676.0,beginner,0,0,0.0,0,0,0.0,0,0,0.0,0.3038712295704002,0.0,0,81.49663497733077,32,1.0,0.3038712295704002,-10,0,beginner,666,0.0,0,0,0.0,0,0,0.0,-10,easy,easy,Struggling,2
s274_t16,274,3,1727400739,ga-q8,general-aptitude,ga-logical-reasoning,medium,1290,medium,0.0,syllogisms|logical-deduction|critical-reasoning,standard,0,0,none,0.0,practice_test,666.0,beginner,0,0,0.0,0,0,0.0,0,0,0.0,0.0268040424038401,0.0,0,103.2787952760813,32,1.0,0.0268040424038401,-1,0,beginner,665,0.0,0,0,0.0,0,0,0.0,-1,medium,medium,Struggling,4
s276_t6,276,1,1727600215,ds-q82,machine-learning,machine-learning,easy,820,low,0.0,supervised|unsupervised|reinforcement|evaluation,standard,0,0,none,0.0,practice_test,542.0,beginner,0,0,0.0,0,0,0.0,0,0,0.0,0.1679401594696668,0.0,0,56.82040805216933,32,1.0,0.1679401594696668,-5,0,beginner,537,0.0,0,0,0.0,0,0,0.0,-5,easy,easy,Struggling,2
s276_t6,276,1,1727600216,ga-q14,general-aptitude,ga-logical-reasoning,easy,850,low,0.0,syllogisms|logical-deduction|critical-reasoning,standard,0,0,none,0.0,practice_test,537.0,beginner,0,0,0.0,0,0,0.0,0,0,0.0,0.1416353958261022,0.0,0,25.44702454255766,32,1.0,0.1416353958261022,-5,0,beginner,532,0.0,0,0,0.0,0,0,0.0,-5,easy,easy,Struggling,2
s276_t6,276,1,1727600217,dsa-q80,programming-dsa,dsa-complexity,medium,1410,high,0.0,time-complexity|space-complexity|big-o-notation,standard,0,0,none,0.0,practice_test,532.0,beginner,0,0,0.0,0,0,0.0,0,0,0.0,0.0063421552010198,0.0,0,48.84303854170757,32,1.0,0.0063421552010198,0,0,beginner,532,0.0,0,0,0.0,0,0,0.0,0,medium,medium,Struggling,4
s276_t6,276,1,1727600218,ga-q24,general-aptitude,ga-quantitative-aptitude,easy,800,low,0.0,arithmetic|algebra|geometry|permutations|combinations,standard,0,0,none,0.0,practice_test,532.0,beginner,0,0,0.0,0,0,0.0,0,0,0.0,0.1761384714944276,0.0,0,132.85509633303502,32,1.0,0.1761384714944276,-6,0,beginner,526,0.0,0,0,0.0,0,0,0.0,-6,easy,easy,Struggling,2
s276_t6,276,1,1727600219,ps-q7,probability-statistics,ps-distributions,easy,940,medium,0.0,probability-distributions|cumulative-distribution|expected-value,standard,0,0,none,0.0,practice_test,526.0,beginner,0,0,0.0,0,0,0.0,0,0,0.0,0.0844646732967243,0.0,0,63.62378599747418,32,1.0,0.0844646732967243,-3,0,beginner,523,0.0,0,0,0.0,0,0,0.0,-3,easy,easy,Struggling,2
s276_t6,276,1,1727600220,la-21,linear-algebra,la-matrices,medium,1210,medium,0.0,,standard,0,0,none,0.0,practice_test,523.0,beginner,0,0,0.0,0,0,0.0,0,0,0.0,0.0188042347894683,0.0,1,143.16226404982473,32,1.0,0.0188042347894683,31,0,beginner,554,0.0,0,0,0.0,0,0,0.0,31,medium,medium,Struggling,4
s276_t6,276,1,1727600221,la-44,linear-algebra,la-eigenvalues,hard,1510,high,0.0,,standard,0,0,none,0.0,practice_test,554.0,beginner,0,0,0.0,0,0,0.0,0,0,0.0,0.0040572742429588,0.0,0,85.01398210151056,32,1.0,0.0040572742429588,0,0,beginner,554,0.0,0,0,0.0,0,0,0.0,0,hard,hard,Struggling,6
s276_t6,276,1,1727600222,dbms-q59,dbms,dbms-normalization,medium,1350,high,0.0,functional-dependencies|closure-of-attributes|canonical-cover|lossless-join-decomposition|dependency-preservation|first-normal-form|second-normal-form|third-normal-form|boyce-codd-normal-form,standard,0,0,none,0.0,practice_test,554.0,beginner,0,0,0.0,0,0,0.0,0,0,0.0,0.010129277733591,0.0,0,57.115332872737696,32,1.0,0.010129277733591,0,0,beginner,554,0.0,0,0,0.0,0,0,0.0,0,medium,medium,Struggling,4
s276_t6,276,1,1727600223,ga-q17,general-aptitude,ga-quantitative-aptitude,medium,1290,medium,0.0,arithmetic|algebra|geometry|permutations|combinations,standard,0,0,none,0.0,practice_test,554.0,beginner,0,0,0.0,0,0,0.0,0,0,0.0,0.0142484450164782,0.0,0,93.64415768840064,32,1.0,0.0142484450164782,0,0,beginner,554,0.0,0,0,0.0,0,0,0.0,0,medium,medium,Struggling,4
s276_t6,276,1,1727600224,ds-q95,calculus-optimization,calculus,medium,1040,medium,0.0,derivatives|integrals|limits|continuity,standard,0,0,none,0.0,practice_test,554.0,beginner,0,0,0.0,0,0,0.0,0,0,0.0,0.0574517910766422,0.0,0,69.86034047125004,32,1.0,0.0574517910766422,-2,0,beginner,552,0.0,0,0,0.0,0,0,0.0,-2,medium,medium,Struggling,2
s276_t6,276,1,1727600225,dsa-q53,programming-dsa,dsa-trees,easy,990,medium,0.0,binary-trees|bst|tree-traversal|balanced-trees,standard,0,0,none,0.0,practice_test,552.0,beginner,0,0,0.0,0,0,0.0,0,0,0.0,0.0743762835483438,0.0,0,133.7988984920424,32,1.0,0.0743762835483438,-2,0,beginner,550,0.0,0,0,0.0,0,0,0.0,-2,easy,easy,Struggling,2
s276_t6,276,1,1727600226,ds-q178,machine-learning,machine-learning,medium,1080,medium,0.0,supervised|unsupervised|reinforcement|evaluation,standard,0,0,none,0.0,practice_test,550.0,beginner,0,0,0.0,0,0,0.0,0,0,0.0,0.0451775446818475,0.0,0,130.73851626784173,32,1.0,0.0451775446818475,-1,0,beginner,549,0.0,0,0,0.0,0,0,0.0,-1,medium,medium,Struggling,4
s276_t6,276,1,1727600227,ds-q448,probability-statistics,probability,easy,1200,medium,0.0,sample-spaces|events|conditional-probability|independence,standard,0,0,none,0.0,practice_test,549.0,beginner,0,0,0.0,0,0,0.0,0,0,0.0,0.0230345226915705,0.0,0,60.48715018273612,32,1.0,0.0230345226915705,-1,0,beginner,548,0.0,0,0,0.0,0,0,0.0,-1,easy,easy,Struggling,4
s276_t6,276,1,1727600228,ga-q25,general-aptitude,ga-verbal-reasoning,easy,860,low,0.0,reading-comprehension|vocabulary|sentence-correction|para-jumbles,standard,0,0,none,0.0,practice_test,548.0,beginner,0,0,0.0,0,0,0.0,0,0,0.0,0.1423366814461431,0.0,1,65.44227714183201,32,1.0,0.1423366814461431,27,0,beginner,575,0.0,0,0,0.0,0,0,0.0,27,easy,easy,Struggling,2
s276_t6,276,1,1727600229,ga-q19,general-aptitude,ga-quantitative-aptitude,medium,1120,medium,0.0,arithmetic|algebra|geometry|permutations|combinations,standard,0,0,none,0.0,practice_test,575.0,beginner,0,0,0.0,0,0,0.0,0,0,0.0,0.0415957290321025,0.0,0,136.73140582020503,32,1.0,0.0415957290321025,-1,0,beginner,574,0.0,0,0,0.0,0,0,0.0,-1,medium,medium,Struggling,4
s276_t6,276,1,1727600230,ai-q14,artificial-intelligence,ai-search,easy,850,low,0.0,breadth-first-search|depth-first-search|a-star|heuristics,standard,0,0,none,0.0,practice_test,574.0,beginner,0,0,0.0,0,0,0.0,0,0,0.0,0.1695550886467628,0.0,0,48.144071904555865,32,1.0,0.1695550886467628,-5,0,beginner,569,0.0,0,0,0.0,0,0,0.0,-5,easy,easy,Struggling,2
s276_t6,276,1,1727600231,ps-q75,probability-statistics,ps-distributions,medium,1340,high,0.0,normal-distribution|binomial-distribution|poisson-distribution|cumulative-distribution|expected-value|variance,standard,0,0,none,0.0,practice_test,569.0,beginner,0,0,0.0,0,0,0.0,0,0,0.0,0.0116787970796159,0.0,0,105.2852994401893,32,1.0,0.0116787970796159,0,0,beginner,569,0.0,0,0,0.0,0,0,0.0,0,medium,medium,Struggling,4
s276_t6,276,1,1727600232,dsa-q72,programming-dsa,dsa-complexity,medium,1080,medium,0.0,time-complexity|space-complexity|big-o-notation,standard,0,0,none,0.0,practice_test,569.0,beginner,0,0,0.0,0,0,0.0,0,0,0.0,0.050137288069155,0.0,0,38.09753747204932,32,1.0,0.050137288069155,-2,0,beginner,567,0.0,0,0,0.0,0,0,0.0,-2,medium,medium,Struggling,4
s276_t6,276,1,1727600233,dsa-q23,programming-dsa,dsa-complexity,easy,710,low,0.0,time-complexity|space-complexity|big-o-notation,standard,0,0,none,0.0,practice_test,567.0,beginner,0,0,0.0,0,0,0.0,0,0,0.0,0.3050902872704973,0.0,0,117.6456886518152,32,1.0,0.3050902872704973,-10,0,beginner,557,0.0,0,0,0.0,0,0,0.0,-10,easy,easy,Struggling,2
s276_t6,276,1,1727600234,co-q47,calculus-optimization,co-integration,medium,1410,high,0.0,definite-integrals|indefinite-integrals|integration-by-parts|u-substitution|fundamental-theorem,standard,0,0,none,0.0,practice_test,557.0,beginner,0,0,0.0,0,0,0.0,0,0,0.0,0.007316624196082,0.0,0,112.91673133758034,32,1.0,0.007316624196082,0,0,beginner,557,0.0,0,0,0.0,0,0,0.0,0,medium,medium,Struggling,4
s276_t6,276,1,1727600235,ds-q41,dbms,dbms,medium,1150,medium,0.0,database-fundamentals|acid-properties|transactions,standard,0,0,none,0.0,practice_test,557.0,beginner,0,0,0.0,0,0,0.0,0,0,0.0,0.0318736671449864,0.0,0,96.7055384479889,32,1.0,0.0318736671449864,-1,0,beginner,556,0.0,0,0,0.0,0,0,0.0,-1,medium,medium,Struggling,4
s276_t6,276,1,1727600236,ga-q4,general-aptitude,ga-quantitative-aptitude,easy,870,low,0.0,arithmetic|algebra|geometry|permutations|combinations,standard,0,0,none,0.0,practice_test,556.0,beginner,0,0,0.0,0,0,0.0,0,0,0.0,0.1409369976233262,0.0,1,33.203636294590616,32,1.0,0.1409369976233262,27,0,beginner,583,0.0,0,0,0.0,0,0,0.0,27,easy,easy,Struggling,2
s276_t6,276,1,1727600237,ds-q289,artificial-intelligence,linear-algebra,easy,810,low,0.0,matrices|vectors|eigenvalues|linear-systems|transformations,standard,0,0,none,0.0,practice_test,583.0,beginner,0,0,0.0,0,0,0.0,0,0,0.0,0.2130367206105308,0.0,1,98.65254276567975,32,1.0,0.2130367206105308,25,0,beginner,608,0.0,0,0,0.0,0,0,0.0,25,easy,easy,Struggling,2
s276_t6,276,1,1727600238,ml-q44,machine-learning,ml-supervised,medium,1490,high,0.0,linear-regression|logistic-regression|decision-trees|svm,standard,0,0,none,0.0,practice_test,608.0,beginner,0,0,0.0,0,0,0.0,0,0,0.0,0.0061986849971551,0.0,0,121.29011133945464,32,1.0,0.0061986849971551,0,0,beginner,608,0.0,0,0,0.0,0,0,0.0,0,medium,medium,Struggling,6
s276_t6,276,1,1727600239,dsa-q37,programming-dsa,dsa-arrays,hard,1620,high,0.0,array-operations|indexing|searching|sorting,standard,0,0,none,0.0,practice_test,608.0,beginner,0,0,0.0,0,0,0.0,0,0,0.0,0.0029425252190901,0.0,0,78.7075668864794,32,1.0,0.0029425252190901,0,0,beginner,608,0.0,0,0,0.0,0,0,0.0,0,hard,hard,Struggling,6
s276_t6,276,1,1727600240,ps-q94,probability-statistics,ps-hypothesis,medium,1370,high,0.0,hypothesis-testing|p-value|type-I-error|type-II-error|t-test|significance-level,standard,0,0,none,0.0,practice_test,608.0,beginner,0,0,0.0,0,0,0.0,0,0,0.0,0.0122921682872751,0.0,0,77.46052549553292,32,1.0,0.0122921682872751,0,0,beginner,608,0.0,0,0,0.0,0,0,0.0,0,medium,medium,Struggling,4
s276_t6,276,1,1727600241,ps-q56,probability-statistics,ps-probability,hard,1830,high,0.0,basic-probability|bayes-theorem|conditional-probability|independence|random-variables,standard,0,0,none,0.0,practice_test,608.0,beginner,0,0,0.0,0,0,0.0,0,0,0.0,0.000880273309201,0.0,0,121.94863782091132,32,1.0,0.000880273309201,0,0,beginner,608,0.0,0,0,0.0,0,0,0.0,0,hard,hard,Struggling,8
s276_t6,276,1,1727600242,ga-q10,general-aptitude,ga-logical-reasoning,easy,760,low,0.0,syllogisms|logical-deduction|critical-reasoning,standard,0,0,none,0.0,practice_test,608.0,beginner,0,0,0.0,0,0,0.0,0,0,0.0,0.2942186402879975,0.0,1,167.02492977840808,32,1.0,0.2942186402879975,23,0,beginner,631,0.0,0,0,0.0,0,0,0.0,23,easy,easy,Struggling,2
s276_t6,276,1,1727600243,la-22,linear-algebra,la-matrices,hard,1360,high,0.0,,standard,0,0,none,0.0,practice_test,631.0,beginner,0,0,0.0,0,0,0.0,0,0,0.0,0.0148256282347246,0.0,0,46.48040511988373,32,1.0,0.0148256282347246,0,0,beginner,631,0.0,0,0,0.0,0,0,0.0,0,hard,hard,Struggling,4
s276_t6,276,1,1727600244,ps-q35,probability-statistics,ps-probability,easy,780,low,0.0,basic-probability|bayes-theorem|conditional-probability|independence|random-variables,standard,0,0,none,0.0,practice_test,631.0,beginner,0,0,0.0,0,0,0.0,0,0,0.0,0.2978173979094793,0.0,0,101.18212916097433,32,1.0,0.2978173979094793,-10,0,beginner,621,0.0,0,0,0.0,0,0,0.0,-10,easy,easy,Struggling,2
s276_t6,276,1,1727600245,la-42,linear-algebra,la-eigenvalues,hard,1410,high,0.0,,standard,0,0,none,0.0,practice_test,621.0,beginner,0,0,0.0,0,0,0.0,0,0,0.0,0.0105413840135951,0.0,1,76.87974226406627,32,1.0,0.0105413840135951,32,0,beginner,653,0.0,0,0,0.0,0,0,0.0,32,hard,hard,Struggling,4
s276_t6,276,1,1727600246,co-q34,calculus-optimization,co-differentiation,easy,980,medium,0.0,partial-derivatives|chain-rule|product-rule|critical-points|gradients|implicit-differentiation,standard,0,0,none,0.0,practice_test,653.0,beginner,0,0,0.0,0,0,0.0,0,0,0.0,0.132117654239364,0.0,0,164.66940858270306,32,1.0,0.132117654239364,-4,0,beginner,649,0.0,0,0,0.0,0,0,0.0,-4,easy,easy,Struggling,2
s276_t6,276,1,1727600247,ds-q205,artificial-intelligence,linear-algebra,easy,710,low,0.0,matrices|vectors|eigenvalues|linear-systems|transformations,standard,0,0,none,0.0,practice_test,649.0,beginner,0,0,0.0,0,0,0.0,0,0,0.0,0.4131049766208999,0.0,1,30.33964450703831,32,1.0,0.4131049766208999,19,0,beginner,668,0.0,0,0,0.0,0,0,0.0,19,easy,easy,Struggling,2
s276_t6,276,1,1727600248,ds-q32,machine-learning,machine-learning,medium,1340,high,0.0,supervised|unsupervised|reinforcement|evaluation,standard,0,0,none,0.0,practice_test,668.0,beginner,0,0,0.0,0,0,0.0,0,0,0.0,0.0204653789382195,0.0,0,129.39881093867692,32,1.0,0.0204653789382195,-1,0,beginner,667,0.0,0,0,0.0,0,0,0.0,-1,medium,medium,Struggling,4
s276_t6,276,1,1727600249,dsa-q46,programming-dsa,dsa-trees,medium,1350,high,0.0,binary-trees|bst|tree-traversal|balanced-trees,standard,0,0,none,0.0,practice_test,667.0,beginner,0,0,0.0,0,0,0.0,0,0,0.0,0.0192338171407248,0.0,0,107.1170204420915,32,1.0,0.0192338171407248,-1,0,beginner,666,0.0,0,0,0.0,0,0,0.0,-1,medium,medium,Struggling,4
s276_t6,276,1,1727600250,dbms-q7,dbms,dbms-normalization,medium,1430,high,0.0,functional-dependencies|closure-of-attributes|canonical-cover|lossless-join-decomposition|dependency-preservation|first-normal-form|second-normal-form|third-normal-form|boyce-codd-normal-form,standard,0,0,none,0.0,practice_test,666.0,beginner,0,0,0.0,0,0,0.0,0,0,0.0,0.0121531710401533,0.0,0,150.9202328122163,32,1.0,0.0121531710401533,0,0,beginner,666,0.0,0,0,0.0,0,0,0.0,0,medium,medium,Struggling,6
s276_t6,276,1,1727600251,dsa-q59,programming-dsa,dsa-trees,medium,1390,high,0.0,binary-trees|bst|tree-traversal|balanced-trees,standard,0,0,none,0.0,practice_test,666.0,beginner,0,0,0.0,0,0,0.0,0,0,0.0,0.0152519415831777,0.0,0,66.62618340464547,32,1.0,0.0152519415831777,0,0,beginner,666,0.0,0,0,0.0,0,0,0.0,0,medium,medium,Struggling,4
s276_t6,276,1,1727600252,ml-q55,machine-learning,ml-evaluation,easy,1310,high,0.0,accuracy|precision|recall|f1-score|cross-validation,standard,0,0,none,0.0,practice_test,666.0,beginner,0,0,0.0,0,0,0.0,0,0,0.0,0.0239589662755777,0.0,0,45.31609094992648,32,1.0,0.0239589662755777,-1,0,beginner,665,0.0,0,0,0.0,0,0,0.0,-1,easy,easy,Struggling,4
s276_t6,276,1,1727600253,dsa-q35,programming-dsa,dsa-arrays,medium,1300,medium,0.0,array-operations|indexing|searching|sorting,standard,0,0,none,0.0,practice_test,665.0,beginner,0,0,0.0,0,0,0.0,0,0,0.0,0.0252008473110712,0.0,0,73.20772461719007,32,1.0,0.0252008473110712,-1,0,beginner,664,0.0,0,0,0.0,0,0,0.0,-1,medium,medium,Struggling,4
s276_t6,276,1,1727600254,la-45,linear-algebra,la-eigenvalues,medium,1210,medium,0.0,,standard,0,0,none,0.0,practice_test,664.0,beginner,0,0,0.0,0,0,0.0,0,0,0.0,0.0413668492239378,0.0,1,85.50104573636688,32,1.0,0.0413668492239378,31,0,beginner,695,0.0,0,0,0.0,0,0,0.0,31,medium,medium,Struggling,4
s284_t15,284,3,1728400625,ga-q25,general-aptitude,ga-verbal-reasoning,easy,860,low,0.0,reading-comprehension|vocabulary|sentence-correction|para-jumbles,standard,0,0,none,0.0,practice_test,676.0,beginner,0,0,0.0,0,0,0.0,0,0,0.0,0.2574644410569301,0.0,0,63.346823317433376,32,1.0,0.2574644410569301,-8,0,beginner,668,0.0,0,0,0.0,0,0,0.0,-8,easy,easy,Low Achiever,2
s284_t15,284,3,1728400626,ds-q52,artificial-intelligence,ai-search,easy,1170,medium,0.0,breadth-first-search|depth-first-search|a-star|heuristics,standard,0,0,none,0.0,practice_test,668.0,beginner,0,0,0.0,0,0,0.0,0,0,0.0,0.0526628741339258,0.0,0,75.05530717953086,32,1.0,0.0526628741339258,-2,0,beginner,666,0.0,0,0,0.0,0,0,0.0,-2,easy,easy,Low Achiever,4
s284_t15,284,3,1728400627,ps-q4,probability-statistics,prob-estimation,medium,1350,high,0.0,point-estimation|maximum-likelihood,standard,0,0,none,0.0,practice_test,666.0,beginner,0,0,0.0,0,0,0.0,0,0,0.0,0.0191255279241756,0.0,0,119.18245200178688,32,1.0,0.0191255279241756,-1,0,beginner,665,0.0,0,0,0.0,0,0,0.0,-1,medium,medium,Low Achiever,4
s284_t15,284,3,1728400628,la-q3,linear-algebra,la-matrix,easy,930,medium,0.0,addition|scalar-multiplication|matrix-multiplication|determinants|minors|cofactors|gauss-jordan-elimination|symmetric|orthogonal|hermintian|unitary|identity-metrices,standard,0,0,none,0.0,practice_test,665.0,beginner,0,0,0.0,0,0,0.0,0,0,0.0,0.178658528262988,0.0,1,38.73809771826958,32,1.0,0.178658528262988,26,0,beginner,691,0.0,0,0,0.0,0,0,0.0,26,easy,easy,Low Achiever,2
s284_t15,284,3,1728400629,ga-q24,general-aptitude,ga-quantitative-aptitude,easy,800,low,0.0,arithmetic|algebra|geometry|permutations|combinations,standard,0,0,none,0.0,practice_test,691.0,beginner,0,0,0.0,0,0,0.0,0,0,0.0,0.3480879601253362,0.0,0,97.13114581533917,32,1.0,0.3480879601253362,-11,0,beginner,680,0.0,0,0,0.0,0,0,0.0,-11,easy,easy,Low Achiever,2
s284_t15,284,3,1728400630,ps-q81,probability-statistics,ps-hypothesis,medium,1410,high,0.0,hypothesis-testing|p-value|type-I-error|type-II-error|t-test|significance-level,standard,0,0,none,0.0,practice_test,680.0,beginner,0,0,0.0,0,0,0.0,0,0,0.0,0.0147417847215951,0.0,0,98.18865877497984,32,1.0,0.0147417847215951,0,0,beginner,680,0.0,0,0,0.0,0,0,0.0,0,medium,medium,Low Achiever,4
s284_t15,284,3,1728400631,dbms-q45,dbms,dbms-sql,medium,1200,medium,0.0,select|joins|group-by|aggregation,standard,0,0,none,0.0,practice_test,680.0,beginner,0,0,0.0,0,0,0.0,0,0,0.0,0.0477267210342039,0.0,0,132.7425493098903,32,1.0,0.0477267210342039,-2,0,beginner,678,0.0,0,0,0.0,0,0,0.0,-2,medium,medium,Low Achiever,4
s284_t15,284,3,1728400632,la-q14,linear-algebra,la-eigenvalues,medium,1150,medium,0.0,eigenvalues|eigenvectors|diagonalization|spectral-theorem,standard,0,0,none,0.0,practice_test,678.0,beginner,0,0,0.0,0,0,0.0,0,0,0.0,0.061974715925358,0.0,0,81.13151704746868,32,1.0,0.061974715925358,-2,0,beginner,676,0.0,0,0,0.0,0,0,0.0,-2,medium,medium,Low Achiever,4
s284_t15,284,3,1728400633,ga-q18,general-aptitude,ga-quantitative-aptitude,medium,1190,medium,0.0,arithmetic|algebra|geometry|permutations|combinations,standard,0,0,none,0.0,practice_test,676.0,beginner,0,0,0.0,0,0,0.0,0,0,0.0,0.0493212188661194,0.0,1,144.91898243153668,32,1.0,0.0493212188661194,30,0,beginner,706,0.0,0,0,0.0,0,0,0.0,30,medium,medium,Low Achiever,4
s284_t15,284,3,1728400634,dsa-q49,programming-dsa,dsa-trees,easy,1250,medium,0.0,binary-trees|bst|tree-traversal|balanced-trees,standard,0,0,none,0.0,practice_test,706.0,beginner,0,0,0.0,0,0,0.0,0,0,0.0,0.0418258199629894,0.0,0,136.18536880681867,32,1.0,0.0418258199629894,-1,0,beginner,705,0.0,0,0,0.0,0,0,0.0,-1,easy,easy,Low Achiever,4
s284_t15,284,3,1728400635,co-q7,calculus-optimization,co-differentiation,easy,910,medium,0.0,derivatives|chain-rule|product-rule|critical-points,standard,0,0,none,0.0,practice_test,705.0,beginner,0,0,0.0,0,0,0.0,0,0,0.0,0.2350387364473107,0.0,0,163.05439073741243,32,1.0,0.2350387364473107,-8,0,beginner,697,0.0,0,0,0.0,0,0,0.0,-8,easy,easy,Low Achiever,2
s284_t15,284,3,1728400636,ml-q129,machine-learning,ml-evaluation,easy,930,medium,0.0,accuracy|precision|recall|f1-score|cross-validation,standard,0,0,none,0.0,practice_test,697.0,beginner,0,0,0.0,0,0,0.0,0,0,0.0,0.2073036158242314,0.0,0,142.45866614858176,32,1.0,0.2073036158242314,-7,0,beginner,690,0.0,0,0,0.0,0,0,0.0,-7,easy,easy,Low Achiever,2
s284_t15,284,3,1728400637,la-22,linear-algebra,la-matrices,hard,1360,high,0.0,,standard,0,0,none,0.0,practice_test,690.0,beginner,0,0,0.0,0,0,0.0,0,0,0.0,0.0206974520184314,0.0,0,135.20570300468708,32,1.0,0.0206974520184314,-1,0,beginner,689,0.0,0,0,0.0,0,0,0.0,-1,hard,hard,Low Achiever,4
s284_t15,284,3,1728400638,co-q45,calculus-optimization,co-integration,easy,990,medium,0.0,definite-integrals|indefinite-integrals|integration-by-parts|u-substitution|fundamental-theorem,standard,0,0,none,0.0,practice_test,689.0,beginner,0,0,0.0,0,0,0.0,0,0,0.0,0.1502431481572538,0.0,0,129.7324565439509,32,1.0,0.1502431481572538,-5,0,beginner,684,0.0,0,0,0.0,0,0,0.0,-5,easy,easy,Low Achiever,2
s284_t15,284,3,1728400639,ds-q242,probability-statistics,probability,medium,1140,medium,0.0,sample-spaces|events|conditional-probability|independence,standard,0,0,none,0.0,practice_test,684.0,beginner,0,0,0.0,0,0,0.0,0,0,0.0,0.0675500289965762,0.0,0,52.55238399378577,32,1.0,0.0675500289965762,-2,0,beginner,682,0.0,0,0,0.0,0,0,0.0,-2,medium,medium,Low Achiever,4
s284_t15,284,3,1728400640,dbms-q33,dbms,dbms-sql,medium,1200,medium,0.0,select|joins|group-by|aggregation,standard,0,0,none,0.0,practice_test,682.0,beginner,0,0,0.0,0,0,0.0,0,0,0.0,0.0482527035905178,0.0,1,163.17389151704717,32,1.0,0.0482527035905178,30,0,beginner,712,0.0,0,0,0.0,0,0,0.0,30,medium,medium,Low Achiever,4
s284_t15,284,3,1728400641,ds-q13,artificial-intelligence,graph-algorithms,medium,1250,medium,0.0,shortest-path|minimum-spanning-tree|traversal,standard,0,0,none,0.0,practice_test,712.0,beginner,0,0,0.0,0,0,0.0,0,0,0.0,0.0432321251631971,0.0,0,81.00612891137798,32,1.0,0.0432321251631971,-1,0,beginner,711,0.0,0,0,0.0,0,0,0.0,-1,medium,medium,Low Achiever,4
s284_t15,284,3,1728400642,dsa-q1,programming-dsa,dsa-complexity,easy,710,low,0.0,time-complexity|space-complexity|big-o-notation,standard,0,0,none,0.0,practice_test,711.0,beginner,0,0,0.0,0,0,0.0,0,0,0.0,0.5014391117091528,0.0,1,42.75134456583332,32,1.0,0.5014391117091528,16,0,beginner,727,0.0,0,0,0.0,0,0,0.0,16,easy,easy,Low Achiever,2
s284_t15,284,3,1728400643,ps-q54,probability-statistics,ps-probability,medium,1380,high,0.0,basic-probability|bayes-theorem|conditional-probability|independence|random-variables,standard,0,0,none,0.0,practice_test,727.0,beginner,0,0,0.0,0,0,0.0,0,0,0.0,0.0227768543550126,0.0,0,143.545739107155,32,1.0,0.0227768543550126,-1,0,beginner,726,0.0,0,0,0.0,0,0,0.0,-1,medium,medium,Low Achiever,4
s284_t15,284,3,1728400644,ml-q86,machine-learning,ml-supervised,medium,1470,high,0.0,linear-regression|logistic-regression|decision-trees|svm|naive-bayes|ensemble-methods,standard,0,0,none,0.0,practice_test,726.0,beginner,0,0,0.0,0,0,0.0,0,0,0.0,0.013615891028782,0.0,0,62.28213966286093,32,1.0,0.013615891028782,0,0,beginner,726,0.0,0,0,0.0,0,0,0.0,0,medium,medium,Low Achiever,6
s284_t15,284,3,1728400645,dbms-q56,dbms,dbms-normalization,medium,1350,high,0.0,functional-dependencies|closure-of-attributes|canonical-cover|lossless-join-decomposition|dependency-preservation|first-normal-form|second-normal-form|third-normal-form|boyce-codd-normal-form,standard,0,0,none,0.0,practice_test,726.0,beginner,0,0,0.0,0,0,0.0,0,0,0.0,0.0268040424038401,0.0,0,64.03413730820449,32,1.0,0.0268040424038401,-1,0,beginner,725,0.0,0,0,0.0,0,0,0.0,-1,medium,medium,Low Achiever,4
s284_t15,284,3,1728400646,ps-q15,probability-statistics,ps-hypothesis,medium,1450,high,0.0,hypothesis-testing|p-value|type-I-error|type-II-error,standard,0,0,none,0.0,practice_test,725.0,beginner,0,0,0.0,0,0,0.0,0,0,0.0,0.0151657242500001,0.0,1,70.358807959395,32,1.0,0.0151657242500001,32,0,beginner,757,0.0,0,0,0.0,0,0,0.0,32,medium,medium,Low Achiever,6
s284_t15,284,3,1728400647,ds-q106,dbms,dbms,medium,1080,medium,0.0,database-fundamentals|acid-properties|transactions,standard,0,0,none,0.0,practice_test,757.0,beginner,0,0,0.0,0,0,0.0,0,0,0.0,0.1347802947714417,0.0,1,72.37654855367533,32,1.0,0.1347802947714417,28,0,beginner,785,0.0,0,0,0.0,0,0,0.0,28,medium,medium,Low Achiever,4
s284_t15,284,3,1728400648,ga-q16,general-aptitude,ga-verbal-reasoning,medium,1010,medium,0.0,reading-comprehension|vocabulary|sentence-correction|para-jumbles,standard,0,0,none,0.0,practice_test,785.0,beginner,0,0,0.0,0,0,0.0,0,0,0.0,0.2149732630018279,0.0,0,115.3098479573483,32,1.0,0.2149732630018279,-7,0,beginner,778,0.0,0,0,0.0,0,0,0.0,-7,medium,medium,Low Achiever,2
s284_t15,284,3,1728400649,dsa-q33,programming-dsa,dsa-arrays,medium,1010,medium,0.0,array-operations|indexing|searching|sorting,standard,0,0,none,0.0,practice_test,778.0,beginner,0,0,0.0,0,0,0.0,0,0,0.0,0.2082511624918155,0.0,0,45.03858218540144,32,1.0,0.2082511624918155,-7,0,beginner,771,0.0,0,0,0.0,0,0,0.0,-7,medium,medium,Low Achiever,2
s284_t15,284,3,1728400650,la-q40,linear-algebra,la-matrices,hard,2090,high,0.0,addition|scalar-multiplication|matrix-multiplication|determinants|minors|cofactors|symmetric|orthogonal,standard,0,0,none,0.0,practice_test,771.0,beginner,0,0,0.0,0,0,0.0,0,0,0.0,0.000503826649853,0.0,0,152.7606722379341,32,1.0,0.000503826649853,0,0,beginner,771,0.0,0,0,0.0,0,0,0.0,0,hard,hard,Low Achiever,8
s284_t15,284,3,1728400651,ds-q333,probability-statistics,probability,easy,890,low,0.0,sample-spaces|events|conditional-probability|independence,standard,0,0,none,0.0,practice_test,771.0,beginner,0,0,0.0,0,0,0.0,0,0,0.0,0.3351420214452352,0.0,0,158.58214931135086,32,1.0,0.3351420214452352,-11,0,beginner,760,0.0,0,0,0.0,0,0,0.0,-11,easy,easy,Low Achiever,2
s284_t15,284,3,1728400652,ga-q9,general-aptitude,ga-logical-reasoning,easy,960,medium,0.0,syllogisms|logical-deduction|critical-reasoning,standard,0,0,none,0.0,practice_test,760.0,beginner,0,0,0.0,0,0,0.0,0,0,0.0,0.2402530733520421,0.0,0,106.54246623582846,32,1.0,0.2402530733520421,-8,0,beginner,752,0.0,0,0,0.0,0,0,0.0,-8,easy,easy,Low Achiever,2
s284_t15,284,3,1728400653,dsa-q27,programming-dsa,dsa-arrays,easy,990,medium,0.0,array-operations|indexing|searching|sorting,standard,0,0,none,0.0,practice_test,752.0,beginner,0,0,0.0,0,0,0.0,0,0,0.0,0.2026136859722962,0.0,0,89.84565664496253,32,1.0,0.2026136859722962,-6,0,beginner,746,0.0,0,0,0.0,0,0,0.0,-6,easy,easy,Low Achiever,2
s284_t15,284,3,1728400654,dsa-q70,programming-dsa,dsa-complexity,hard,2010,high,0.0,time-complexity|space-complexity|big-o-notation,standard,0,0,none,0.0,practice_test,746.0,beginner,0,0,0.0,0,0,0.0,0,0,0.0,0.0006913526717288,0.0,1,110.63556624817087,32,1.0,0.0006913526717288,32,0,beginner,778,0.0,0,0,0.0,0,0,0.0,32,hard,hard,Low Achiever,8
s284_t15,284,3,1728400655,co-q67,calculus-optimization,co-optimization,medium,1240,medium,0.0,critical-points|extrema|optimization|lagrange-multipliers|convexity|gradient-descent,standard,0,0,none,0.0,practice_test,778.0,beginner,0,0,0.0,0,0,0.0,0,0,0.0,0.0654067598627859,0.0,0,104.11388731757084,32,1.0,0.0654067598627859,-2,0,beginner,776,0.0,0,0,0.0,0,0,0.0,-2,medium,medium,Low Achiever,4
s284_t15,284,3,1728400656,ds-q376,machine-learning,machine-learning,medium,1060,medium,0.0,supervised|unsupervised|reinforcement|evaluation,standard,0,0,none,0.0,practice_test,776.0,beginner,0,0,0.0,0,0,0.0,0,0,0.0,0.1631690339971052,0.0,0,106.98022589320612,32,1.0,0.1631690339971052,-5,0,beginner,771,0.0,0,0,0.0,0,0,0.0,-5,medium,medium,Low Achiever,4
s284_t15,284,3,1728400657,ga-q10,general-aptitude,ga-logical-reasoning,easy,760,low,0.0,syllogisms|logical-deduction|critical-reasoning,standard,0,0,none,0.0,practice_test,771.0,beginner,0,0,0.0,0,0,0.0,0,0,0.0,0.515824985264735,0.0,0,66.47095477306519,32,1.0,0.515824985264735,-17,0,beginner,754,0.0,0,0,0.0,0,0,0.0,-17,easy,easy,Low Achiever,2
s284_t15,284,3,1728400658,la-43,linear-algebra,la-eigenvalues,hard,1360,high,0.0,,standard,0,0,none,0.0,practice_test,754.0,beginner,0,0,0.0,0,0,0.0,0,0,0.0,0.0296436218689585,0.0,1,89.04790392805621,32,1.0,0.0296436218689585,31,0,beginner,785,0.0,0,0,0.0,0,0,0.0,31,hard,hard,Low Achiever,4
s284_t15,284,3,1728400659,ds-q61,machine-learning,machine-learning,easy,760,low,0.0,supervised|unsupervised|reinforcement|evaluation,standard,0,0,none,0.0,practice_test,785.0,beginner,0,0,0.0,0,0,0.0,0,0,0.0,0.5359159269451023,0.0,0,137.6580118741654,32,1.0,0.5359159269451023,-17,0,beginner,768,0.0,0,0,0.0,0,0,0.0,-17,easy,easy,Low Achiever,2
s284_t15,284,3,1728400660,ga-q14,general-aptitude,ga-logical-reasoning,easy,850,low,0.0,syllogisms|logical-deduction|critical-reasoning,standard,0,0,none,0.0,practice_test,768.0,beginner,0,0,0.0,0,0,0.0,0,0,0.0,0.384135895746244,0.0,1,83.41743829254682,32,1.0,0.384135895746244,20,0,beginner,788,0.0,0,0,0.0,0,0,0.0,20,easy,easy,Low Achiever,2
s284_t15,284,3,1728400661,dsa-q75,programming-dsa,dsa-complexity,medium,1040,medium,0.0,time-complexity|space-complexity|big-o-notation,standard,0,0,none,0.0,practice_test,788.0,beginner,0,0,0.0,0,0,0.0,0,0,0.0,0.1899048413952433,0.0,1,127.69207434909478,32,1.0,0.1899048413952433,26,0,beginner,814,0.0,0,0,0.0,0,0,0.0,26,medium,medium,Low Achiever,2
s284_t15,284,3,1728400662,ds-q91,artificial-intelligence,statistics,medium,1140,medium,0.0,descriptive-statistics|mean|variance|standard-deviation,standard,0,0,none,0.0,practice_test,814.0,beginner,0,0,0.0,0,0,0.0,0,0,0.0,0.1327791040324562,0.0,0,99.9776587432022,32,1.0,0.1327791040324562,-4,0,beginner,810,0.0,0,0,0.0,0,0,0.0,-4,medium,medium,Low Achiever,4
s284_t15,284,3,1728400663,dsa-q60,programming-dsa,dsa-trees,medium,1050,medium,0.0,binary-trees|bst|tree-traversal|balanced-trees,standard,0,0,none,0.0,practice_test,810.0,beginner,0,0,0.0,0,0,0.0,0,0,0.0,0.2007600089131017,0.0,0,45.6772287173974,32,1.0,0.2007600089131017,-6,0,beginner,804,0.0,0,0,0.0,0,0,0.0,-6,medium,medium,Low Achiever,2
s284_t15,284,3,1728400664,dsa-q83,programming-dsa,dsa-complexity,hard,2240,high,0.0,time-complexity|space-complexity|big-o-notation,standard,0,0,none,0.0,practice_test,804.0,beginner,0,0,0.0,0,0,0.0,0,0,0.0,0.0002569735259101,0.0,0,119.89112563725767,32,1.0,0.0002569735259101,0,0,beginner,804,0.0,0,0,0.0,0,0,0.0,0,hard,hard,Low Achiever,10
s284_t15,284,3,1728400665,ga-q12,general-aptitude,ga-verbal-reasoning,easy,820,low,0.0,reading-comprehension|vocabulary|sentence-correction|para-jumbles,standard,0,0,none,0.0,practice_test,804.0,beginner,0,0,0.0,0,0,0.0,0,0,0.0,0.4769904127024377,0.0,1,82.1138895286729,32,1.0,0.4769904127024377,17,0,beginner,821,0.0,0,0,0.0,0,0,0.0,17,easy,easy,Low Achiever,2
s284_t15,284,3,1728400666,ds-q398,machine-learning,machine-learning,easy,780,low,0.0,supervised|unsupervised|reinforcement|evaluation,standard,0,0,none,0.0,practice_test,821.0,beginner,0,0,0.0,0,0,0.0,0,0,0.0,0.558731369324761,0.0,0,107.9907570766682,32,1.0,0.558731369324761,-18,0,beginner,803,0.0,0,0,0.0,0,0,0.0,-18,easy,easy,Low Achiever,2
s284_t15,284,3,1728400667,ds-q410,calculus-optimization,calculus,easy,790,low,0.0,derivatives|integrals|limits|continuity,standard,0,0,none,0.0,practice_test,803.0,beginner,0,0,0.0,0,0,0.0,0,0,0.0,0.5186997779295586,0.0,0,129.5042416901726,32,1.0,0.5186997779295586,-17,0,beginner,786,0.0,0,0,0.0,0,0,0.0,-17,easy,easy,Low Achiever,2
s284_t15,284,3,1728400668,ps-q2,probability-statistics,prob-distributions,medium,1350,high,0.0,binomial|normal|poisson|exponential,standard,0,0,none,0.0,practice_test,786.0,beginner,0,0,0.0,0,0,0.0,0,0,0.0,0.0374476325364447,0.0,1,132.0664018916517,32,1.0,0.0374476325364447,31,0,beginner,817,0.0,0,0,0.0,0,0,0.0,31,medium,medium,Low Achiever,4
s284_t15,284,3,1728400669,dsa-q14,programming-dsa,dsa-trees,medium,1240,medium,0.0,binary-trees|bst|tree-traversal|balanced-trees,standard,0,0,none,0.0,practice_test,817.0,beginner,0,0,0.0,0,0,0.0,0,0,0.0,0.0805436175730882,0.0,0,74.7070084022151,32,1.0,0.0805436175730882,-3,0,beginner,814,0.0,0,0,0.0,0,0,0.0,-3,medium,medium,Low Achiever,4
s284_t15,284,3,1728400670,ps-q10,probability-statistics,ps-distributions,medium,1210,medium,0.0,probability-distributions|cumulative-distribution|expected-value,standard,0,0,none,0.0,practice_test,814.0,beginner,0,0,0.0,0,0,0.0,0,0,0.0,0.0928300638472852,0.0,0,90.31088647386126,32,1.0,0.0928300638472852,-3,0,beginner,811,0.0,0,0,0.0,0,0,0.0,-3,medium,medium,Low Achiever,4
s284_t15,284,3,1728400671,ds-q418,artificial-intelligence,graph-theory,medium,1150,medium,0.0,graphs|vertices|edges|connectivity,standard,0,0,none,0.0,practice_test,811.0,beginner,0,0,0.0,0,0,0.0,0,0,0.0,0.1243963313590066,0.0,0,155.53695696705958,32,1.0,0.1243963313590066,-4,0,beginner,807,0.0,0,0,0.0,0,0,0.0,-4,medium,medium,Low Achiever,4
s284_t15,284,3,1728400672,dsa-q31,programming-dsa,dsa-arrays,medium,1460,high,0.0,array-operations|indexing|searching|sorting,standard,0,0,none,0.0,practice_test,807.0,beginner,0,0,0.0,0,0,0.0,0,0,0.0,0.0227768543550126,0.0,1,117.58666054964252,32,1.0,0.0227768543550126,31,0,beginner,838,0.0,0,0,0.0,0,0,0.0,31,medium,medium,Low Achiever,6
s284_t15,284,3,1728400673,ds-q442,machine-learning,machine-learning,easy,850,low,0.0,supervised|unsupervised|reinforcement|evaluation,standard,0,0,none,0.0,practice_test,838.0,beginner,0,0,0.0,0,0,0.0,0,0,0.0,0.4827374755676238,0.0,1,47.57260290315738,32,1.0,0.4827374755676238,17,0,beginner,855,0.0,0,0,0.0,0,0,0.0,17,easy,easy,Low Achiever,2
s284_t15,284,3,1728400674,ga-q17,general-aptitude,ga-quantitative-aptitude,medium,1290,medium,0.0,arithmetic|algebra|geometry|permutations|combinations,standard,0,0,none,0.0,practice_test,855.0,beginner,0,0,0.0,0,0,0.0,0,0,0.0,0.0755739585740745,0.0,1,63.12455861392554,32,1.0,0.0755739585740745,30,0,beginner,885,0.0,0,0,0.0,0,0,0.0,30,medium,medium,Low Achiever,4
s288_t4,288,0,1728800120,dsa-q12,programming-dsa,dsa-trees,easy,880,low,0.0,binary-trees|bst|tree-traversal|balanced-trees,standard,0,0,none,0.0,practice_test,653.0,beginner,0,0,0.0,0,0,0.0,0,0,0.0,0.2130367206105308,0.0,0,152.9230665207054,32,1.0,0.2130367206105308,-7,0,beginner,646,0.0,0,0,0.0,0,0,0.0,-7,easy,easy,Low Achiever,2
s288_t4,288,0,1728800121,dsa-q24,programming-dsa,dsa-arrays,easy,870,low,0.0,array-operations|indexing|searching|sorting,standard,0,0,none,0.0,practice_test,646.0,beginner,0,0,0.0,0,0,0.0,0,0,0.0,0.2159463161121849,0.0,0,172.1656830375194,32,1.0,0.2159463161121849,-7,0,beginner,639,0.0,0,0,0.0,0,0,0.0,-7,easy,easy,Low Achiever,2
s288_t4,288,0,1728800122,dsa-q6,programming-dsa,dsa-arrays,medium,1030,medium,0.0,array-operations|indexing|searching|sorting,standard,0,0,none,0.0,practice_test,639.0,beginner,0,0,0.0,0,0,0.0,0,0,0.0,0.0952824697178176,0.0,1,107.3283625203757,32,1.0,0.0952824697178176,29,0,beginner,668,0.0,0,0,0.0,0,0,0.0,29,medium,medium,Low Achiever,2
s288_t4,288,0,1728800123,ds-q192,machine-learning,machine-learning,hard,1500,high,0.0,supervised|unsupervised|reinforcement|evaluation,standard,0,0,none,0.0,practice_test,668.0,beginner,0,0,0.0,0,0,0.0,0,0,0.0,0.0082490253070535,0.0,0,71.80974392466263,32,1.0,0.0082490253070535,0,0,beginner,668,0.0,0,0,0.0,0,0,0.0,0,hard,hard,Low Achiever,6
s288_t4,288,0,1728800124,dbms-q15,dbms,data-warehousing-olap,hard,2410,high,0.0,olap|cubes|aggregation,standard,0,0,none,0.0,practice_test,668.0,beginner,0,0,0.0,0,0,0.0,0,0,0.0,4.415509497682702e-05,0.0,0,86.71280673753625,32,1.0,4.415509497682702e-05,0,0,beginner,668,0.0,0,0,0.0,0,0,0.0,0,hard,hard,Low Achiever,10
s288_t4,288,0,1728800125,ds-q104,probability-statistics,probability,easy,770,low,0.0,sample-spaces|events|conditional-probability|independence,standard,0,0,none,0.0,practice_test,668.0,beginner,0,0,0.0,0,0,0.0,0,0,0.0,0.3572869311673796,0.0,0,104.90765741238944,32,1.0,0.3572869311673796,-11,0,beginner,657,0.0,0,0,0.0,0,0,0.0,-11,easy,easy,Low Achiever,2
s288_t4,288,0,1728800126,ps-q61,probability-statistics,ps-distributions,easy,900,low,0.0,normal-distribution|binomial-distribution|poisson-distribution|cumulative-distribution|expected-value|variance,standard,0,0,none,0.0,practice_test,657.0,beginner,0,0,0.0,0,0,0.0,0,0,0.0,0.1980033558855668,0.0,0,55.62405481988653,32,1.0,0.1980033558855668,-6,0,beginner,651,0.0,0,0,0.0,0,0,0.0,-6,easy,easy,Low Achiever,2
s288_t4,288,0,1728800127,ml-q83,machine-learning,ml-supervised,medium,1260,medium,0.0,linear-regression|logistic-regression|decision-trees|svm|naive-bayes|ensemble-methods,standard,0,0,none,0.0,practice_test,651.0,beginner,0,0,0.0,0,0,0.0,0,0,0.0,0.0291508846672584,0.0,0,143.84318398392767,32,1.0,0.0291508846672584,-1,0,beginner,650,0.0,0,0,0.0,0,0,0.0,-1,medium,medium,Low Achiever,4
s288_t4,288,0,1728800128,ds-q6,calculus-optimization,calculus,medium,1220,medium,0.0,derivatives|integrals|limits|continuity,standard,0,0,none,0.0,practice_test,650.0,beginner,0,0,0.0,0,0,0.0,0,0,0.0,0.0362223683394562,0.0,1,137.47247221153393,32,1.0,0.0362223683394562,31,0,beginner,681,0.0,0,0,0.0,0,0,0.0,31,medium,medium,Low Achiever,4
s288_t4,288,0,1728800129,ds-q149,machine-learning,machine-learning,easy,800,low,0.0,supervised|unsupervised|reinforcement|evaluation,standard,0,0,none,0.0,practice_test,681.0,beginner,0,0,0.0,0,0,0.0,0,0,0.0,0.3351420214452352,0.0,0,108.65074415712012,32,1.0,0.3351420214452352,-11,0,beginner,670,0.0,0,0,0.0,0,0,0.0,-11,easy,easy,Low Achiever,2
s288_t4,288,0,1728800130,ds-q39,probability-statistics,probability,easy,740,low,0.0,sample-spaces|events|conditional-probability|independence,standard,0,0,none,0.0,practice_test,670.0,beginner,0,0,0.0,0,0,0.0,0,0,0.0,0.4006032032907431,0.0,0,114.87108466291032,32,1.0,0.4006032032907431,-13,0,beginner,657,0.0,0,0,0.0,0,0,0.0,-13,easy,easy,Low Achiever,2
s288_t4,288,0,1728800131,dsa-q5,programming-dsa,dsa-complexity,easy,980,medium,0.0,time-complexity|space-complexity|big-o-notation,standard,0,0,none,0.0,practice_test,657.0,beginner,0,0,0.0,0,0,0.0,0,0,0.0,0.1347802947714417,0.0,0,75.68143578471472,32,1.0,0.1347802947714417,-4,0,beginner,653,0.0,0,0,0.0,0,0,0.0,-4,easy,easy,Low Achiever,2
s288_t4,288,0,1728800132,ds-q45,probability-statistics,probability-theory,medium,1140,medium,0.0,bayes-theorem|permutations|combinations|probability-rules,standard,0,0,none,0.0,practice_test,653.0,beginner,0,0,0.0,0,0,0.0,0,0,0.0,0.0571408653324432,0.0,1,70.30653207630806,32,1.0,0.0571408653324432,30,0,beginner,683,0.0,0,0,0.0,0,0,0.0,30,medium,medium,Low Achiever,4
s288_t4,288,0,1728800133,ga-q29,general-aptitude,ga-logical-reasoning,easy,800,low,0.0,syllogisms|logical-deduction|critical-reasoning,standard,0,0,none,0.0,practice_test,683.0,beginner,0,0,0.0,0,0,0.0,0,0,0.0,0.3377122025691111,0.0,0,39.63285626585676,32,1.0,0.3377122025691111,-11,0,beginner,672,0.0,0,0,0.0,0,0,0.0,-11,easy,easy,Low Achiever,2
s288_t4,288,0,1728800134,ga-q12,general-aptitude,ga-verbal-reasoning,easy,820,low,0.0,reading-comprehension|vocabulary|sentence-correction|para-jumbles,standard,0,0,none,0.0,practice_test,672.0,beginner,0,0,0.0,0,0,0.0,0,0,0.0,0.299022601389892,0.0,0,82.28342610513083,32,1.0,0.299022601389892,-10,0,beginner,662,0.0,0,0,0.0,0,0,0.0,-10,easy,easy,Low Achiever,2
s288_t4,288,0,1728800135,ds-q56,probability-statistics,conditional-probability,medium,1050,medium,0.0,bayes-rule|conditional-independence,standard,0,0,none,0.0,practice_test,662.0,beginner,0,0,0.0,0,0,0.0,0,0,0.0,0.0967815957048191,0.0,0,61.45357173949126,32,1.0,0.0967815957048191,-3,0,beginner,659,0.0,0,0,0.0,0,0,0.0,-3,medium,medium,Low Achiever,2
s288_t4,288,0,1728800136,dsa-q30,programming-dsa,dsa-arrays,medium,1000,medium,0.0,array-operations|indexing|searching|sorting,standard,0,0,none,0.0,practice_test,659.0,beginner,0,0,0.0,0,0,0.0,0,0,0.0,0.123147734919203,0.0,0,134.38134017889251,32,1.0,0.123147734919203,-4,0,beginner,655,0.0,0,0,0.0,0,0,0.0,-4,medium,medium,Low Achiever,2
s288_t4,288,0,1728800137,ml-q104,machine-learning,ml-unsupervised,easy,1250,medium,0.0,clustering|k-means|hierarchical-clustering|dimensionality-reduction|pca,standard,0,0,none,0.0,practice_test,655.0,beginner,0,0,0.0,0,0,0.0,0,0,0.0,0.0315203126332027,0.0,0,46.8539303113349,32,1.0,0.0315203126332027,-1,0,beginner,654,0.0,0,0,0.0,0,0,0.0,-1,easy,easy,Low Achiever,4
s288_t4,288,0,1728800138,ps-q85,probability-statistics,ps-hypothesis,medium,1220,medium,0.0,hypothesis-testing|p-value|type-I-error|type-II-error|t-test|significance-level,standard,0,0,none,0.0,practice_test,654.0,beginner,0,0,0.0,0,0,0.0,0,0,0.0,0.0370348483712476,0.0,0,57.88139637232546,32,1.0,0.0370348483712476,-1,0,beginner,653,0.0,0,0,0.0,0,0,0.0,-1,medium,medium,Low Achiever,4
s288_t4,288,0,1728800139,ps-q75,probability-statistics,ps-distributions,medium,1340,high,0.0,normal-distribution|binomial-distribution|poisson-distribution|cumulative-distribution|expected-value|variance,standard,0,0,none,0.0,practice_test,653.0,beginner,0,0,0.0,0,0,0.0,0,0,0.0,0.0188042347894683,0.0,1,57.13143613738314,32,1.0,0.0188042347894683,31,0,beginner,684,0.0,0,0,0.0,0,0,0.0,31,medium,medium,Low Achiever,4
s288_t4,288,0,1728800140,dsa-q40,programming-dsa,dsa-arrays,medium,1280,medium,0.0,array-operations|indexing|searching|sorting,standard,0,0,none,0.0,practice_test,684.0,beginner,0,0,0.0,0,0,0.0,0,0,0.0,0.0313450594515039,0.0,1,73.41066090136688,32,1.0,0.0313450594515039,31,0,beginner,715,0.0,0,0,0.0,0,0,0.0,31,medium,medium,Low Achiever,4
s288_t4,288,0,1728800141,ds-q118,dbms,dbms,medium,1460,high,0.0,database-fundamentals|acid-properties|transactions,standard,0,0,none,0.0,practice_test,715.0,beginner,0,0,0.0,0,0,0.0,0,0,0.0,0.0135387949350018,0.0,0,92.073732897164,32,1.0,0.0135387949350018,0,0,beginner,715,0.0,0,0,0.0,0,0,0.0,0,medium,medium,Low Achiever,6
s288_t4,288,0,1728800142,la-q43,linear-algebra,la-matrices,medium,1140,medium,0.0,addition|scalar-multiplication|matrix-multiplication|determinants|minors|cofactors|symmetric|orthogonal,standard,0,0,none,0.0,practice_test,715.0,beginner,0,0,0.0,0,0,0.0,0,0,0.0,0.0796951193276405,0.0,0,107.95459532572504,32,1.0,0.0796951193276405,-3,0,beginner,712,0.0,0,0,0.0,0,0,0.0,-3,medium,medium,Low Achiever,4
s288_t4,288,0,1728800143,ds-q308,artificial-intelligence,natural-language-processing,medium,1460,high,0.0,tokenization|embeddings|language-models,standard,0,0,none,0.0,practice_test,712.0,beginner,0,0,0.0,0,0,0.0,0,0,0.0,0.0133100807765972,0.0,0,86.6677523565626,32,1.0,0.0133100807765972,0,0,beginner,712,0.0,0,0,0.0,0,0,0.0,0,medium,medium,Low Achiever,6
s288_t4,288,0,1728800144,ga-q18,general-aptitude,ga-quantitative-aptitude,medium,1190,medium,0.0,arithmetic|algebra|geometry|permutations|combinations,standard,0,0,none,0.0,practice_test,712.0,beginner,0,0,0.0,0,0,0.0,0,0,0.0,0.0599969616299759,0.0,0,162.6684437167239,32,1.0,0.0599969616299759,-2,0,beginner,710,0.0,0,0,0.0,0,0,0.0,-2,medium,medium,Low Achiever,4
s288_t4,288,0,1728800145,dbms-q30,dbms,dbms-sql,easy,950,medium,0.0,select|joins|group-by|aggregation,standard,0,0,none,0.0,practice_test,710.0,beginner,0,0,0.0,0,0,0.0,0,0,0.0,0.2007600089131017,0.0,1,160.25834411880976,32,1.0,0.2007600089131017,26,0,beginner,736,0.0,0,0,0.0,0,0,0.0,26,easy,easy,Low Achiever,2
s288_t4,288,0,1728800146,ga-q23,general-aptitude,ga-logical-reasoning,easy,790,low,0.0,syllogisms|logical-deduction|critical-reasoning,standard,0,0,none,0.0,practice_test,736.0,beginner,0,0,0.0,0,0,0.0,0,0,0.0,0.422907524174671,0.0,0,101.1840546398968,32,1.0,0.422907524174671,-14,0,beginner,722,0.0,0,0,0.0,0,0,0.0,-14,easy,easy,Low Achiever,2
s288_t4,288,0,1728800147,dsa-q74,programming-dsa,dsa-complexity,medium,1300,medium,0.0,time-complexity|space-complexity|big-o-notation,standard,0,0,none,0.0,practice_test,722.0,beginner,0,0,0.0,0,0,0.0,0,0,0.0,0.0346485799303694,0.0,0,30.46058085976654,32,1.0,0.0346485799303694,-1,0,beginner,721,0.0,0,0,0.0,0,0,0.0,-1,medium,medium,Low Achiever,4
s288_t4,288,0,1728800148,la-q31,linear-algebra,la-matrices,medium,1070,medium,0.0,addition|scalar-multiplication|matrix-multiplication|determinants|minors|cofactors|symmetric|orthogonal,standard,0,0,none,0.0,practice_test,721.0,beginner,0,0,0.0,0,0,0.0,0,0,0.0,0.1182606406580926,0.0,0,133.4039454783888,32,1.0,0.1182606406580926,-4,0,beginner,717,0.0,0,0,0.0,0,0,0.0,-4,medium,medium,Low Achiever,4
s288_t4,288,0,1728800149,ds-q303,machine-learning,machine-learning,medium,1010,medium,0.0,supervised|unsupervised|reinforcement|evaluation,standard,0,0,none,0.0,practice_test,717.0,beginner,0,0,0.0,0,0,0.0,0,0,0.0,0.1562177520757074,0.0,0,133.3934794268261,32,1.0,0.1562177520757074,-5,0,beginner,712,0.0,0,0,0.0,0,0,0.0,-5,medium,medium,Low Achiever,2
s288_t4,288,0,1728800150,ds-q306,artificial-intelligence,regularization,medium,1140,medium,0.0,l1-regularization|l2-regularization|dropout,standard,0,0,none,0.0,practice_test,712.0,beginner,0,0,0.0,0,0,0.0,0,0,0.0,0.0784376749430217,0.0,0,35.636525753280786,32,1.0,0.0784376749430217,-3,0,beginner,709,0.0,0,0,0.0,0,0,0.0,-3,medium,medium,Low Achiever,4
s288_t4,288,0,1728800151,ds-q178,machine-learning,machine-learning,medium,1080,medium,0.0,supervised|unsupervised|reinforcement|evaluation,standard,0,0,none,0.0,practice_test,709.0,beginner,0,0,0.0,0,0,0.0,0,0,0.0,0.1056800301488722,0.0,0,55.82270859362052,32,1.0,0.1056800301488722,-3,0,beginner,706,0.0,0,0,0.0,0,0,0.0,-3,medium,medium,Low Achiever,4
s288_t4,288,0,1728800152,co-q55,calculus-optimization,co-integration,medium,1240,medium,0.0,definite-integrals|indefinite-integrals|integration-by-parts|u-substitution|fundamental-theorem,standard,0,0,none,0.0,practice_test,706.0,beginner,0,0,0.0,0,0,0.0,0,0,0.0,0.0441946264864114,0.0,0,62.8029018759235,32,1.0,0.0441946264864114,-1,0,beginner,705,0.0,0,0,0.0,0,0,0.0,-1,medium,medium,Low Achiever,4
s288_t4,288,0,1728800153,dsa-q45,programming-dsa,dsa-trees,easy,730,low,0.0,binary-trees|bst|tree-traversal|balanced-trees,standard,0,0,none,0.0,practice_test,705.0,beginner,0,0,0.0,0,0,0.0,0,0,0.0,0.4640840730548977,0.0,0,121.91243703138493,32,1.0,0.4640840730548977,-15,0,beginner,690,0.0,0,0,0.0,0,0,0.0,-15,easy,easy,Low Achiever,2
s288_t4,288,0,1728800154,ds-q109,probability-statistics,probability,medium,1200,medium,0.0,sample-spaces|events|conditional-probability|independence,standard,0,0,none,0.0,practice_test,690.0,beginner,0,0,0.0,0,0,0.0,0,0,0.0,0.0504121422129759,0.0,0,145.20071006034692,32,1.0,0.0504121422129759,-2,0,beginner,688,0.0,0,0,0.0,0,0,0.0,-2,medium,medium,Low Achiever,4
s288_t4,288,0,1728800155,ga-q15,general-aptitude,ga-quantitative-aptitude,easy,800,low,0.0,arithmetic|algebra|geometry|permutations|combinations,standard,0,0,none,0.0,practice_test,688.0,beginner,0,0,0.0,0,0,0.0,0,0,0.0,0.344179494087605,0.0,0,124.4008719241428,32,1.0,0.344179494087605,-11,0,beginner,677,0.0,0,0,0.0,0,0,0.0,-11,easy,easy,Low Achiever,2
s288_t4,288,0,1728800156,ds-q229,probability-statistics,probability,easy,760,low,0.0,sample-spaces|events|conditional-probability|independence,standard,0,0,none,0.0,practice_test,677.0,beginner,0,0,0.0,0,0,0.0,0,0,0.0,0.3827749690950536,0.0,1,53.96989243651471,32,1.0,0.3827749690950536,20,0,beginner,697,0.0,0,0,0.0,0,0,0.0,20,easy,easy,Low Achiever,2
s288_t4,288,0,1728800157,ds-q209,artificial-intelligence,algorithms,easy,810,low,0.0,sorting|searching|dynamic-programming|greedy,standard,0,0,none,0.0,practice_test,697.0,beginner,0,0,0.0,0,0,0.0,0,0,0.0,0.3428813135129214,0.0,0,126.9560771304649,32,1.0,0.3428813135129214,-11,0,beginner,686,0.0,0,0,0.0,0,0,0.0,-11,easy,easy,Low Achiever,2
s288_t4,288,0,1728800158,dsa-q36,programming-dsa,dsa-arrays,hard,1500,high,0.0,array-operations|indexing|searching|sorting,standard,0,0,none,0.0,practice_test,686.0,beginner,0,0,0.0,0,0,0.0,0,0,0.0,0.0091413785252258,0.0,0,116.74255273116576,32,1.0,0.0091413785252258,0,0,beginner,686,0.0,0,0,0.0,0,0,0.0,0,hard,hard,Low Achiever,6
s288_t4,288,0,1728800159,ga-q4,general-aptitude,ga-quantitative-aptitude,easy,870,low,0.0,arithmetic|algebra|geometry|permutations|combinations,standard,0,0,none,0.0,practice_test,686.0,beginner,0,0,0.0,0,0,0.0,0,0,0.0,0.2574644410569301,0.0,0,94.88912616940596,32,1.0,0.2574644410569301,-8,0,beginner,678,0.0,0,0,0.0,0,0,0.0,-8,easy,easy,Low Achiever,2
s288_t4,288,0,1728800160,dsa-q31,programming-dsa,dsa-arrays,medium,1460,high,0.0,array-operations|indexing|searching|sorting,standard,0,0,none,0.0,practice_test,678.0,beginner,0,0,0.0,0,0,0.0,0,0,0.0,0.0109700708891056,0.0,0,55.92373401306817,32,1.0,0.0109700708891056,0,0,beginner,678,0.0,0,0,0.0,0,0,0.0,0,medium,medium,Low Achiever,6
s288_t4,288,0,1728800161,dbms-q4,dbms,dbms-sql,easy,1090,medium,0.0,select|joins|group-by|aggregation,standard,0,0,none,0.0,practice_test,678.0,beginner,0,0,0.0,0,0,0.0,0,0,0.0,0.0853592420994872,0.0,0,24.283817680607605,32,1.0,0.0853592420994872,-3,0,beginner,675,0.0,0,0,0.0,0,0,0.0,-3,easy,easy,Low Achiever,4
s288_t4,288,0,1728800162,la-39,linear-algebra,la-eigenvalues,medium,1410,high,0.0,,standard,0,0,none,0.0,practice_test,675.0,beginner,0,0,0.0,0,0,0.0,0,0,0.0,0.0143295234811753,0.0,0,125.68846405537528,32,1.0,0.0143295234811753,0,0,beginner,675,0.0,0,0,0.0,0,0,0.0,0,medium,medium,Low Achiever,4
s288_t4,288,0,1728800163,dsa-q9,programming-dsa,dsa-complexity,medium,1200,medium,0.0,time-complexity|space-complexity|big-o-notation,standard,0,0,none,0.0,practice_test,675.0,beginner,0,0,0.0,0,0,0.0,0,0,0.0,0.046435494722118,0.0,0,98.26100233558743,32,1.0,0.046435494722118,-1,0,beginner,674,0.0,0,0,0.0,0,0,0.0,-1,medium,medium,Low Achiever,4
s288_t4,288,0,1728800164,dsa-q61,programming-dsa,dsa-trees,medium,1190,medium,0.0,binary-trees|bst|tree-traversal|balanced-trees,standard,0,0,none,0.0,practice_test,674.0,beginner,0,0,0.0,0,0,0.0,0,0,0.0,0.0487841858898979,0.0,0,80.15593936097014,32,1.0,0.0487841858898979,-2,0,beginner,672,0.0,0,0,0.0,0,0,0.0,-2,medium,medium,Low Achiever,4
s288_t4,288,0,1728800165,ds-q365,machine-learning,machine-learning,medium,1360,high,0.0,supervised|unsupervised|reinforcement|evaluation,standard,0,0,none,0.0,practice_test,672.0,beginner,0,0,0.0,0,0,0.0,0,0,0.0,0.018698318073816,0.0,0,85.06876183258318,32,1.0,0.018698318073816,-1,0,beginner,671,0.0,0,0,0.0,0,0,0.0,-1,medium,medium,Low Achiever,4
s288_t4,288,0,1728800166,la-q15,linear-algebra,la-eigenvalues,hard,1700,high,0.0,eigenvalues|eigenvectors|diagonalization|spectral-theorem,standard,0,0,none,0.0,practice_test,671.0,beginner,0,0,0.0,0,0,0.0,0,0,0.0,0.0026689432725585,0.0,0,141.21224263268545,32,1.0,0.0026689432725585,0,0,beginner,671,0.0,0,0,0.0,0,0,0.0,0,hard,hard,Low Achiever,6
s288_t4,288,0,1728800167,ga-q6,general-aptitude,ga-logical-reasoning,medium,1340,high,0.0,syllogisms|logical-deduction|critical-reasoning,standard,0,0,none,0.0,practice_test,671.0,beginner,0,0,0.0,0,0,0.0,0,0,0.0,0.0208144526419513,0.0,0,104.51564956173836,32,1.0,0.0208144526419513,-1,0,beginner,670,0.0,0,0,0.0,0,0,0.0,-1,medium,medium,Low Achiever,4
s288_t4,288,0,1728800168,dbms-q28,dbms,dbms-sql,medium,1060,medium,0.0,select|joins|group-by|aggregation,standard,0,0,none,0.0,practice_test,670.0,beginner,0,0,0.0,0,0,0.0,0,0,0.0,0.0957798556303859,0.0,1,75.25176170563978,32,1.0,0.0957798556303859,29,0,beginner,699,0.0,0,0,0.0,0,0,0.0,29,medium,medium,Low Achiever,4
s288_t4,288,0,1728800169,la-35,linear-algebra,la-eigenvalues,medium,1210,medium,0.0,,standard,0,0,none,0.0,practice_test,699.0,beginner,0,0,0.0,0,0,0.0,0,0,0.0,0.050137288069155,0.0,0,123.71555859633938,32,1.0,0.050137288069155,-2,0,beginner,697,0.0,0,0,0.0,0,0,0.0,-2,medium,medium,Low Achiever,4
s288_t4,288,0,1728800170,ga-q13,general-aptitude,ga-quantitative-aptitude,easy,880,low,0.0,arithmetic|algebra|geometry|permutations|combinations,standard,0,0,none,0.0,practice_test,697.0,beginner,0,0,0.0,0,0,0.0,0,0,0.0,0.2585664770307004,0.0,0,112.34512045335272,32,1.0,0.2585664770307004,-8,0,beginner,689,0.0,0,0,0.0,0,0,0.0,-8,easy,easy,Low Achiever,2
s288_t4,288,0,1728800171,la-q16,linear-algebra,la-eigenvalues,medium,1200,medium,0.0,eigenvalues|eigenvectors|diagonalization|spectral-theorem,standard,0,0,none,0.0,practice_test,689.0,beginner,0,0,0.0,0,0,0.0,0,0,0.0,0.050137288069155,0.0,0,66.76314117535448,32,1.0,0.050137288069155,-2,0,beginner,687,0.0,0,0,0.0,0,0,0.0,-2,medium,medium,Low Achiever,4
s288_t4,288,0,1728800172,co-q21,calculus-optimization,co-differentiation,medium,1110,medium,0.0,partial-derivatives|chain-rule|product-rule|critical-points|gradients|implicit-differentiation,standard,0,0,none,0.0,practice_test,687.0,beginner,0,0,0.0,0,0,0.0,0,0,0.0,0.0805436175730882,0.0,0,86.80556784350192,32,1.0,0.0805436175730882,-3,0,beginner,684,0.0,0,0,0.0,0,0,0.0,-3,medium,medium,Low Achiever,4
s288_t4,288,0,1728800173,dsa-q43,programming-dsa,dsa-arrays,easy,1250,medium,0.0,array-operations|indexing|searching|sorting,standard,0,0,none,0.0,practice_test,684.0,beginner,0,0,0.0,0,0,0.0,0,0,0.0,0.0370348483712476,0.0,0,77.53572612431857,32,1.0,0.0370348483712476,-1,0,beginner,683,0.0,0,0,0.0,0,0,0.0,-1,easy,easy,Low Achiever,4
s288_t4,288,0,1728800174,co-q57,calculus-optimization,co-integration,hard,1780,high,0.0,definite-integrals|indefinite-integrals|integration-by-parts|u-substitution|fundamental-theorem,standard,0,0,none,0.0,practice_test,683.0,beginner,0,0,0.0,0,0,0.0,0,0,0.0,0.00180598841504,0.0,0,97.02343405823956,32,1.0,0.00180598841504,0,0,beginner,683,0.0,0,0,0.0,0,0,0.0,0,hard,hard,Low Achiever,8
s288_t4,288,0,1728800175,ai-q21,artificial-intelligence,ai-search,medium,1220,medium,0.0,breadth-first-search|depth-first-search|a-star|heuristics,standard,0,0,none,0.0,practice_test,683.0,beginner,0,0,0.0,0,0,0.0,0,0,0.0,0.0434708574113939,0.0,0,105.4365932650804,32,1.0,0.0434708574113939,-1,0,beginner,682,0.0,0,0,0.0,0,0,0.0,-1,medium,medium,Low Achiever,4
s288_t4,288,0,1728800176,ds-q293,artificial-intelligence,databases,medium,1160,medium,0.0,sql|relational-model|keys|joins,standard,0,0,none,0.0,practice_test,682.0,beginner,0,0,0.0,0,0,0.0,0,0,0.0,0.0599969616299759,0.0,0,40.57435534200989,32,1.0,0.0599969616299759,-2,0,beginner,680,0.0,0,0,0.0,0,0,0.0,-2,medium,medium,Low Achiever,4
s288_t4,288,0,1728800177,ds-q160,machine-learning,machine-learning,medium,1100,medium,0.0,supervised|unsupervised|reinforcement|evaluation,standard,0,0,none,0.0,practice_test,680.0,beginner,0,0,0.0,0,0,0.0,0,0,0.0,0.081831824755152,0.0,0,132.21456504565063,32,1.0,0.081831824755152,-3,0,beginner,677,0.0,0,0,0.0,0,0,0.0,-3,medium,medium,Low Achiever,4
s288_t4,288,0,1728800178,co-q27,calculus-optimization,co-differentiation,medium,1480,high,0.0,partial-derivatives|chain-rule|product-rule|critical-points|gradients|implicit-differentiation,standard,0,0,none,0.0,practice_test,677.0,beginner,0,0,0.0,0,0,0.0,0,0,0.0,0.0097331239113923,0.0,0,107.669390108193,32,1.0,0.0097331239113923,0,0,beginner,677,0.0,0,0,0.0,0,0,0.0,0,medium,medium,Low Achiever,6
s288_t4,288,0,1728800179,dsa-q39,programming-dsa,dsa-arrays,easy,890,low,0.0,array-operations|indexing|searching|sorting,standard,0,0,none,0.0,practice_test,677.0,beginner,0,0,0.0,0,0,0.0,0,0,0.0,0.2268600869232327,0.0,0,84.6788818466644,32,1.0,0.2268600869232327,-7,0,beginner,670,0.0,0,0,0.0,0,0,0.0,-7,easy,easy,Low Achiever,2
s288_t4,288,0,1728800180,ml-q22,general-aptitude,unknown,easy,1340,high,0.0,,standard,0,0,none,0.0,practice_test,670.0,beginner,0,0,0.0,0,0,0.0,0,0,0.0,0.0206974520184314,0.0,0,59.69360294717558,32,1.0,0.0206974520184314,-1,0,beginner,669,0.0,0,0,0.0,0,0,0.0,-1,easy,easy,Low Achiever,4
s288_t4,288,0,1728800181,ps-q87,probability-statistics,ps-hypothesis,medium,1030,medium,0.0,hypothesis-testing|p-value|type-I-error|type-II-error|t-test|significance-level,standard,0,0,none,0.0,practice_test,669.0,beginner,0,0,0.0,0,0,0.0,0,0,0.0,0.1112453543823216,0.0,0,58.241881912487216,32,1.0,0.1112453543823216,-4,0,beginner,665,0.0,0,0,0.0,0,0,0.0,-4,medium,medium,Low Achiever,2
s288_t4,288,0,1728800182,la-q10,linear-algebra,la-matrix,medium,1200,medium,0.0,addition|scalar-multiplication|matrix-multiplication|determinants|minors|cofactors|symmetric|orthogonal,standard,0,0,none,0.0,practice_test,665.0,beginner,0,0,0.0,0,0,0.0,0,0,0.0,0.0439521020993152,0.0,0,23.128160577233253,32,1.0,0.0439521020993152,-1,0,beginner,664,0.0,0,0,0.0,0,0,0.0,-1,medium,medium,Low Achiever,4
s288_t4,288,0,1728800183,ga-q25,general-aptitude,ga-verbal-reasoning,easy,860,low,0.0,reading-comprehension|vocabulary|sentence-correction|para-jumbles,standard,0,0,none,0.0,practice_test,664.0,beginner,0,0,0.0,0,0,0.0,0,0,0.0,0.2444811179288031,0.0,0,54.73989682523752,32,1.0,0.2444811179288031,-8,0,beginner,656,0.0,0,0,0.0,0,0,0.0,-8,easy,easy,Low Achiever,2
s288_t4,288,0,1728800184,ml-q21,general-aptitude,unknown,medium,1310,high,0.0,,standard,0,0,none,0.0,practice_test,656.0,beginner,0,0,0.0,0,0,0.0,0,0,0.0,0.0226490779783473,0.0,0,43.79699385827949,32,1.0,0.0226490779783473,-1,0,beginner,655,0.0,0,0,0.0,0,0,0.0,-1,medium,medium,Low Achiever,4
s293_t9,293,2,1729300370,la-38,linear-algebra,la-eigenvalues,medium,1410,high,0.0,,standard,0,0,none,0.0,practice_test,722.0,beginner,0,0,0.0,0,0,0.0,0,0,0.0,0.018698318073816,0.0,1,130.52566546708047,32,1.0,0.018698318073816,31,0,beginner,753,0.0,0,0,0.0,0,0,0.0,31,medium,medium,Low Achiever,4
s293_t9,293,2,1729300371,la-26,linear-algebra,la-matrices,hard,1360,high,0.0,,standard,0,0,none,0.0,practice_test,753.0,beginner,0,0,0.0,0,0,0.0,0,0,0.0,0.029478485500745,0.0,0,43.39536507263227,32,1.0,0.029478485500745,-1,0,beginner,752,0.0,0,0,0.0,0,0,0.0,-1,hard,hard,Low Achiever,4
s293_t9,293,2,1729300372,ps-q51,probability-statistics,ps-probability,medium,1450,high,0.0,basic-probability|bayes-theorem|conditional-probability|independence|random-variables,standard,0,0,none,0.0,practice_test,752.0,beginner,0,0,0.0,0,0,0.0,0,0,0.0,0.0176708336640445,0.0,1,62.39741280316866,32,1.0,0.0176708336640445,31,0,beginner,783,0.0,0,0,0.0,0,0,0.0,31,medium,medium,Low Achiever,6
s293_t9,293,2,1729300373,ds-q412,machine-learning,machine-learning,medium,1200,medium,0.0,supervised|unsupervised|reinforcement|evaluation,standard,0,0,none,0.0,practice_test,783.0,beginner,0,0,0.0,0,0,0.0,0,0,0.0,0.0831387724042701,0.0,0,92.8863887643732,32,1.0,0.0831387724042701,-3,0,beginner,780,0.0,0,0,0.0,0,0,0.0,-3,medium,medium,Low Achiever,4
s293_t9,293,2,1729300374,ds-q162,artificial-intelligence,deep-learning,easy,960,medium,0.0,neural-networks|backpropagation|activation-functions,standard,0,0,none,0.0,practice_test,780.0,beginner,0,0,0.0,0,0,0.0,0,0,0.0,0.2618909674595814,0.0,0,111.27940009688216,32,1.0,0.2618909674595814,-8,0,beginner,772,0.0,0,0,0.0,0,0,0.0,-8,easy,easy,Low Achiever,2
s293_t9,293,2,1729300375,dbms-q56,dbms,dbms-normalization,medium,1350,high,0.0,functional-dependencies|closure-of-attributes|canonical-cover|lossless-join-decomposition|dependency-preservation|first-normal-form|second-normal-form|third-normal-form|boyce-codd-normal-form,standard,0,0,none,0.0,practice_test,772.0,beginner,0,0,0.0,0,0,0.0,0,0,0.0,0.0346485799303694,0.0,0,102.88966205036648,32,1.0,0.0346485799303694,-1,0,beginner,771,0.0,0,0,0.0,0,0,0.0,-1,medium,medium,Low Achiever,4
s293_t9,293,2,1729300376,ds-q104,probability-statistics,probability,easy,770,low,0.0,sample-spaces|events|conditional-probability|independence,standard,0,0,none,0.0,practice_test,771.0,beginner,0,0,0.0,0,0,0.0,0,0,0.0,0.5014391117091528,0.0,1,120.74943280272326,32,1.0,0.5014391117091528,16,0,beginner,787,0.0,0,0,0.0,0,0,0.0,16,easy,easy,Low Achiever,2
s293_t9,293,2,1729300377,ga-q10,general-aptitude,ga-logical-reasoning,easy,760,low,0.0,syllogisms|logical-deduction|critical-reasoning,standard,0,0,none,0.0,practice_test,787.0,beginner,0,0,0.0,0,0,0.0,0,0,0.0,0.5387780920571715,0.0,0,43.66036758674917,32,1.0,0.5387780920571715,-17,0,beginner,770,0.0,0,0,0.0,0,0,0.0,-17,easy,easy,Low Achiever,2
s293_t9,293,2,1729300378,ps-q52,probability-statistics,ps-probability,medium,1060,medium,0.0,basic-probability|bayes-theorem|conditional-probability|independence|random-variables,standard,0,0,none,0.0,practice_test,770.0,beginner,0,0,0.0,0,0,0.0,0,0,0.0,0.1585076330767581,0.0,0,99.1491044750164,32,1.0,0.1585076330767581,-5,0,beginner,765,0.0,0,0,0.0,0,0,0.0,-5,medium,medium,Low Achiever,4
s293_t9,293,2,1729300379,ml-q21,general-aptitude,unknown,medium,1310,high,0.0,,standard,0,0,none,0.0,practice_test,765.0,beginner,0,0,0.0,0,0,0.0,0,0,0.0,0.0415957290321025,0.0,0,154.3518686697268,32,1.0,0.0415957290321025,-1,0,beginner,764,0.0,0,0,0.0,0,0,0.0,-1,medium,medium,Low Achiever,4
s293_t9,293,2,1729300380,ga-q25,general-aptitude,ga-verbal-reasoning,easy,860,low,0.0,reading-comprehension|vocabulary|sentence-correction|para-jumbles,standard,0,0,none,0.0,practice_test,764.0,beginner,0,0,0.0,0,0,0.0,0,0,0.0,0.3652566649476832,0.0,0,130.81342812537173,32,1.0,0.3652566649476832,-12,0,beginner,752,0.0,0,0,0.0,0,0,0.0,-12,easy,easy,Low Achiever,2
s293_t9,293,2,1729300381,ds-q214,machine-learning,machine-learning,easy,960,medium,0.0,supervised|unsupervised|reinforcement|evaluation,standard,0,0,none,0.0,practice_test,752.0,beginner,0,0,0.0,0,0,0.0,0,0,0.0,0.2319479968324159,0.0,0,129.42570059017677,32,1.0,0.2319479968324159,-7,0,beginner,745,0.0,0,0,0.0,0,0,0.0,-7,easy,easy,Low Achiever,2
s293_t9,293,2,1729300382,dsa-q1,programming-dsa,dsa-complexity,easy,710,low,0.0,time-complexity|space-complexity|big-o-notation,standard,0,0,none,0.0,practice_test,745.0,beginner,0,0,0.0,0,0,0.0,0,0,0.0,0.550199353253537,0.0,1,85.60888404153799,32,1.0,0.550199353253537,14,0,beginner,759,0.0,0,0,0.0,0,0,0.0,14,easy,easy,Low Achiever,2
s293_t9,293,2,1729300383,ml-q79,machine-learning,ml-evaluation,easy,880,low,0.0,accuracy|precision|recall|f1-score|cross-validation,standard,0,0,none,0.0,practice_test,759.0,beginner,0,0,0.0,0,0,0.0,0,0,0.0,0.3325815781267769,0.0,1,48.410168420052166,32,1.0,0.3325815781267769,21,0,beginner,780,0.0,0,0,0.0,0,0,0.0,21,easy,easy,Low Achiever,2
s293_t9,293,2,1729300384,ds-q445,artificial-intelligence,algorithms,easy,800,low,0.0,sorting|searching|dynamic-programming|greedy,standard,0,0,none,0.0,practice_test,780.0,beginner,0,0,0.0,0,0,0.0,0,0,0.0,0.4712494361077314,0.0,0,54.01614786614139,32,1.0,0.4712494361077314,-15,0,beginner,765,0.0,0,0,0.0,0,0,0.0,-15,easy,easy,Low Achiever,2
s293_t9,293,2,1729300385,dsa-q45,programming-dsa,dsa-trees,easy,730,low,0.0,binary-trees|bst|tree-traversal|balanced-trees,standard,0,0,none,0.0,practice_test,765.0,beginner,0,0,0.0,0,0,0.0,0,0,0.0,0.550199353253537,0.0,1,58.95042489333719,32,1.0,0.550199353253537,14,0,beginner,779,0.0,0,0,0.0,0,0,0.0,14,easy,easy,Low Achiever,2
s293_t9,293,2,1729300386,co-q40,calculus-optimization,co-integration,easy,730,low,0.0,definite-integrals|indefinite-integrals|integration-by-parts|u-substitution|fundamental-theorem,standard,0,0,none,0.0,practice_test,779.0,beginner,0,0,0.0,0,0,0.0,0,0,0.0,0.5700528235839882,0.0,0,111.0223957320141,32,1.0,0.5700528235839882,-18,0,beginner,761,0.0,0,0,0.0,0,0,0.0,-18,easy,easy,Low Achiever,2
s293_t9,293,2,1729300387,ps-q48,probability-statistics,ps-probability,medium,1060,medium,0.0,basic-probability|bayes-theorem|conditional-probability|independence|random-variables,standard,0,0,none,0.0,practice_test,761.0,beginner,0,0,0.0,0,0,0.0,0,0,0.0,0.1517189312872882,0.0,0,118.57963861542116,32,1.0,0.1517189312872882,-5,0,beginner,756,0.0,0,0,0.0,0,0,0.0,-5,medium,medium,Low Achiever,4
s293_t9,293,2,1729300388,co-q76,calculus-optimization,co-optimization,medium,1350,high,0.0,critical-points|extrema|optimization|lagrange-multipliers|convexity|gradient-descent,standard,0,0,none,0.0,practice_test,756.0,beginner,0,0,0.0,0,0,0.0,0,0,0.0,0.0316965136088868,0.0,1,17.574584121411142,32,1.0,0.0316965136088868,31,0,beginner,787,0.0,0,0,0.0,0,0,0.0,31,medium,medium,Low Achiever,4
s293_t9,293,2,1729300389,ds-q98,dbms,dbms,medium,1210,medium,0.0,database-fundamentals|acid-properties|transactions,standard,0,0,none,0.0,practice_test,787.0,beginner,0,0,0.0,0,0,0.0,0,0,0.0,0.0805436175730882,0.0,0,127.79835024298757,32,1.0,0.0805436175730882,-3,0,beginner,784,0.0,0,0,0.0,0,0,0.0,-3,medium,medium,Low Achiever,4
s293_t9,293,2,1729300390,ds-q305,machine-learning,machine-learning,medium,1150,medium,0.0,supervised|unsupervised|reinforcement|evaluation,standard,0,0,none,0.0,practice_test,784.0,beginner,0,0,0.0,0,0,0.0,0,0,0.0,0.1084313331266333,0.0,0,46.043102321330046,32,1.0,0.1084313331266333,-3,0,beginner,781,0.0,0,0,0.0,0,0,0.0,-3,medium,medium,Low Achiever,4
s293_t9,293,2,1729300391,dsa-q62,programming-dsa,dsa-trees,easy,750,low,0.0,binary-trees|bst|tree-traversal|balanced-trees,standard,0,0,none,0.0,practice_test,781.0,beginner,0,0,0.0,0,0,0.0,0,0,0.0,0.544494573083008,0.0,0,118.64307637165167,32,1.0,0.544494573083008,-17,0,beginner,764,0.0,0,0,0.0,0,0,0.0,-17,easy,easy,Low Achiever,2
s293_t9,293,2,1729300392,dsa-q83,programming-dsa,dsa-complexity,hard,2240,high,0.0,time-complexity|space-complexity|big-o-notation,standard,0,0,none,0.0,practice_test,764.0,beginner,0,0,0.0,0,0,0.0,0,0,0.0,0.0002041321160382,0.0,0,33.33916625159975,32,1.0,0.0002041321160382,0,0,beginner,764,0.0,0,0,0.0,0,0,0.0,0,hard,hard,Low Achiever,10
s293_t9,293,2,1729300393,dbms-q33,dbms,dbms-sql,medium,1200,medium,0.0,select|joins|group-by|aggregation,standard,0,0,none,0.0,practice_test,764.0,beginner,0,0,0.0,0,0,0.0,0,0,0.0,0.0751727787602884,0.0,0,78.24079554906454,32,1.0,0.0751727787602884,-2,0,beginner,762,0.0,0,0,0.0,0,0,0.0,-2,medium,medium,Low Achiever,4
s293_t9,293,2,1729300394,co-q33,calculus-optimization,co-differentiation,easy,770,low,0.0,partial-derivatives|chain-rule|product-rule|critical-points|gradients|implicit-differentiation,standard,0,0,none,0.0,practice_test,762.0,beginner,0,0,0.0,0,0,0.0,0,0,0.0,0.4884891087822083,0.0,1,104.31564405697884,32,1.0,0.4884891087822083,16,0,beginner,778,0.0,0,0,0.0,0,0,0.0,16,easy,easy,Low Achiever,2
s293_t9,293,2,1729300395,la-43,linear-algebra,la-eigenvalues,hard,1360,high,0.0,,standard,0,0,none,0.0,practice_test,778.0,beginner,0,0,0.0,0,0,0.0,0,0,0.0,0.0338866082603358,0.0,0,158.63848562636477,32,1.0,0.0338866082603358,-1,0,beginner,777,0.0,0,0,0.0,0,0,0.0,-1,hard,hard,Low Achiever,4
s293_t9,293,2,1729300396,dsa-q49,programming-dsa,dsa-trees,easy,1250,medium,0.0,binary-trees|bst|tree-traversal|balanced-trees,standard,0,0,none,0.0,practice_test,777.0,beginner,0,0,0.0,0,0,0.0,0,0,0.0,0.0616409131788465,0.0,0,111.4243381213511,32,1.0,0.0616409131788465,-2,0,beginner,775,0.0,0,0,0.0,0,0,0.0,-2,easy,easy,Low Achiever,4
s293_t9,293,2,1729300397,dsa-q21,programming-dsa,dsa-arrays,easy,720,low,0.0,array-operations|indexing|searching|sorting,standard,0,0,none,0.0,practice_test,775.0,beginner,0,0,0.0,0,0,0.0,0,0,0.0,0.5784967523447427,0.0,0,43.434798241321445,32,1.0,0.5784967523447427,-19,0,beginner,756,0.0,0,0,0.0,0,0,0.0,-19,easy,easy,Low Achiever,2
s293_t9,293,2,1729300398,ps-q96,probability-statistics,ps-hypothesis,medium,1470,high,0.0,hypothesis-testing|p-value|type-I-error|type-II-error|t-test|significance-level,standard,0,0,none,0.0,practice_test,756.0,beginner,0,0,0.0,0,0,0.0,0,0,0.0,0.0161410886817987,0.0,0,135.09623069198452,32,1.0,0.0161410886817987,-1,0,beginner,755,0.0,0,0,0.0,0,0,0.0,-1,medium,medium,Low Achiever,6
s293_t9,293,2,1729300399,ds-q84,artificial-intelligence,regularization,easy,870,low,0.0,l1-regularization|l2-regularization|dropout,standard,0,0,none,0.0,practice_test,755.0,beginner,0,0,0.0,0,0,0.0,0,0,0.0,0.3402920058552519,0.0,0,84.63327849525233,32,1.0,0.3402920058552519,-11,0,beginner,744,0.0,0,0,0.0,0,0,0.0,-11,easy,easy,Low Achiever,2
s299_t16,299,3,1729900675,dsa-q9,programming-dsa,dsa-complexity,medium,1200,medium,0.0,time-complexity|space-complexity|big-o-notation,standard,0,0,none,0.0,practice_test,576.0,beginner,0,0,0.0,0,0,0.0,0,0,0.0,0.0268040424038401,0.0,1,65.25178564426594,32,1.0,0.0268040424038401,31,0,beginner,607,0.0,0,0,0.0,0,0,0.0,31,medium,medium,Novice,4
s299_t16,299,3,1729900676,dsa-q7,programming-dsa,dsa-trees,medium,1200,medium,0.0,binary-trees|bst|tree-traversal|balanced-trees,standard,0,0,none,0.0,practice_test,607.0,beginner,0,0,0.0,0,0,0.0,0,0,0.0,0.0318736671449864,0.0,0,64.41579472911263,32,1.0,0.0318736671449864,-1,0,beginner,606,0.0,0,0,0.0,0,0,0.0,-1,medium,medium,Novice,4
s299_t16,299,3,1729900677,ml-q39,machine-learning,ml-supervised,medium,1080,medium,0.0,linear-regression|logistic-regression|decision-trees|svm,standard,0,0,none,0.0,practice_test,606.0,beginner,0,0,0.0,0,0,0.0,0,0,0.0,0.0613087908216011,0.0,0,182.71145859374528,32,1.0,0.0613087908216011,-2,0,beginner,604,0.0,0,0,0.0,0,0,0.0,-2,medium,medium,Novice,4
s299_t16,299,3,1729900678,ga-q3,general-aptitude,ga-quantitative-aptitude,easy,820,low,0.0,arithmetic|algebra|geometry|permutations|combinations,standard,0,0,none,0.0,practice_test,604.0,beginner,0,0,0.0,0,0,0.0,0,0,0.0,0.2238454246581692,0.0,0,131.11258007416822,32,1.0,0.2238454246581692,-7,0,beginner,597,0.0,0,0,0.0,0,0,0.0,-7,easy,easy,Novice,2
s299_t16,299,3,1729900679,ga-q10,general-aptitude,ga-logical-reasoning,easy,760,low,0.0,syllogisms|logical-deduction|critical-reasoning,standard,0,0,none,0.0,practice_test,597.0,beginner,0,0,0.0,0,0,0.0,0,0,0.0,0.2812431701012181,0.0,0,59.302415811665135,32,1.0,0.2812431701012181,-9,0,beginner,588,0.0,0,0,0.0,0,0,0.0,-9,easy,easy,Novice,2
s299_t16,299,3,1729900680,ps-q70,probability-statistics,ps-distributions,easy,750,low,0.0,normal-distribution|binomial-distribution|poisson-distribution|cumulative-distribution|expected-value|variance,standard,0,0,none,0.0,practice_test,588.0,beginner,0,0,0.0,0,0,0.0,0,0,0.0,0.2824082768084685,0.0,0,146.76639490321472,32,1.0,0.2824082768084685,-9,0,beginner,579,0.0,0,0,0.0,0,0,0.0,-9,easy,easy,Novice,2
s299_t16,299,3,1729900681,ga-q12,general-aptitude,ga-verbal-reasoning,easy,820,low,0.0,reading-comprehension|vocabulary|sentence-correction|para-jumbles,standard,0,0,none,0.0,practice_test,579.0,beginner,0,0,0.0,0,0,0.0,0,0,0.0,0.1998379440848642,0.0,1,43.79013758021193,32,1.0,0.1998379440848642,26,0,beginner,605,0.0,0,0,0.0,0,0,0.0,26,easy,easy,Novice,2
s299_t16,299,3,1729900682,dsa-q23,programming-dsa,dsa-complexity,easy,710,low,0.0,time-complexity|space-complexity|big-o-notation,standard,0,0,none,0.0,practice_test,605.0,beginner,0,0,0.0,0,0,0.0,0,0,0.0,0.3533311576743853,0.0,0,133.5081315646878,32,1.0,0.3533311576743853,-11,0,beginner,594,0.0,0,0,0.0,0,0,0.0,-11,easy,easy,Novice,2
s299_t16,299,3,1729900683,dbms-q39,dbms,dbms-sql,medium,1170,medium,0.0,select|joins|group-by|aggregation,standard,0,0,none,0.0,practice_test,594.0,beginner,0,0,0.0,0,0,0.0,0,0,0.0,0.0350357348319862,0.0,0,139.8546910744826,32,1.0,0.0350357348319862,-1,0,beginner,593,0.0,0,0,0.0,0,0,0.0,-1,medium,medium,Novice,4
s299_t16,299,3,1729900684,co-q17,calculus-optimization,co-integration,easy,1470,high,0.0,definite-integrals|indefinite-integrals|integration-by-parts|u-substitution|fundamental-theorem,standard,0,0,none,0.0,practice_test,593.0,beginner,0,0,0.0,0,0,0.0,0,0,0.0,0.0063785353210287,0.0,0,141.5049624842593,32,1.0,0.0063785353210287,0,0,beginner,593,0.0,0,0,0.0,0,0,0.0,0,easy,easy,Novice,6
s299_t16,299,3,1729900685,ds-q436,probability-statistics,conditional-probability,medium,1210,medium,0.0,bayes-rule|conditional-independence,standard,0,0,none,0.0,practice_test,593.0,beginner,0,0,0.0,0,0,0.0,0,0,0.0,0.0278754514909684,0.0,1,104.77151008112128,32,1.0,0.0278754514909684,31,0,beginner,624,0.0,0,0,0.0,0,0,0.0,31,medium,medium,Novice,4
s299_t16,299,3,1729900686,la-q44,linear-algebra,la-matrices,hard,1770,high,0.0,addition|scalar-multiplication|matrix-multiplication|determinants|minors|cofactors|symmetric|orthogonal,standard,0,0,none,0.0,practice_test,624.0,beginner,0,0,0.0,0,0,0.0,0,0,0.0,0.0013627235869623,0.0,0,176.48663721710673,32,1.0,0.0013627235869623,0,0,beginner,624,0.0,0,0,0.0,0,0,0.0,0,hard,hard,Novice,6
s299_t16,299,3,1729900687,ds-q192,machine-learning,machine-learning,hard,1500,high,0.0,supervised|unsupervised|reinforcement|evaluation,standard,0,0,none,0.0,practice_test,624.0,beginner,0,0,0.0,0,0,0.0,0,0,0.0,0.0064151227788272,0.0,0,100.98468959246117,32,1.0,0.0064151227788272,0,0,beginner,624,0.0,0,0,0.0,0,0,0.0,0,hard,hard,Novice,6
s299_t16,299,3,1729900688,ds-q428,artificial-intelligence,ai,medium,1480,high,0.0,search|logic|reasoning,standard,0,0,none,0.0,practice_test,624.0,beginner,0,0,0.0,0,0,0.0,0,0,0.0,0.0071922563097016,0.0,1,28.533434223527305,32,1.0,0.0071922563097016,32,0,beginner,656,0.0,0,0,0.0,0,0,0.0,32,medium,medium,Novice,6
s299_t16,299,3,1729900689,ps-q31,probability-statistics,ps-distributions,hard,1670,high,0.0,probability-distributions|cumulative-distribution|expected-value,standard,0,0,none,0.0,practice_test,656.0,beginner,0,0,0.0,0,0,0.0,0,0,0.0,0.0029089403927173,0.0,0,52.60037836595253,32,1.0,0.0029089403927173,0,0,beginner,656,0.0,0,0,0.0,0,0,0.0,0,hard,hard,Novice,6
s299_t16,299,3,1729900690,ds-q408,artificial-intelligence,linear-algebra,easy,880,low,0.0,matrices|vectors|eigenvalues|linear-systems|transformations,standard,0,0,none,0.0,practice_test,656.0,beginner,0,0,0.0,0,0,0.0,0,0,0.0,0.2159463161121849,0.0,1,168.01046610637815,32,1.0,0.2159463161121849,25,0,beginner,681,0.0,0,0,0.0,0,0,0.0,25,easy,easy,Novice,2
s299_t16,299,3,1729900691,ml-q33,machine-learning,ml-supervised,medium,1240,medium,0.0,linear-regression|logistic-regression|decision-trees|svm,standard,0,0,none,0.0,practice_test,681.0,beginner,0,0,0.0,0,0,0.0,0,0,0.0,0.0384990248264636,0.0,0,69.18428078142793,32,1.0,0.0384990248264636,-1,0,beginner,680,0.0,0,0,0.0,0,0,0.0,-1,medium,medium,Novice,4
s299_t16,299,3,1729900692,la-25,linear-algebra,la-matrices,medium,1210,medium,0.0,,standard,0,0,none,0.0,practice_test,680.0,beginner,0,0,0.0,0,0,0.0,0,0,0.0,0.0451775446818475,0.0,0,102.97714148375393,32,1.0,0.0451775446818475,-1,0,beginner,679,0.0,0,0,0.0,0,0,0.0,-1,medium,medium,Novice,4
s299_t16,299,3,1729900693,dsa-q15,programming-dsa,dsa-arrays,easy,840,low,0.0,array-operations|indexing|searching|sorting,standard,0,0,none,0.0,practice_test,679.0,beginner,0,0,0.0,0,0,0.0,0,0,0.0,0.2835763058970612,0.0,0,55.61853734712422,32,1.0,0.2835763058970612,-9,0,beginner,670,0.0,0,0,0.0,0,0,0.0,-9,easy,easy,Novice,2
s299_t16,299,3,1729900694,ps-q3,probability-statistics,prob-distributions,medium,1040,medium,0.0,binomial|normal|poisson|exponential,standard,0,0,none,0.0,practice_test,670.0,beginner,0,0,0.0,0,0,0.0,0,0,0.0,0.1062253198218535,0.0,0,154.60442483282054,32,1.0,0.1062253198218535,-3,0,beginner,667,0.0,0,0,0.0,0,0,0.0,-3,medium,medium,Novice,2
s299_t16,299,3,1729900695,la-q20,linear-algebra,la-matrices,easy,870,low,0.0,addition|scalar-multiplication|matrix-multiplication|determinants|minors|cofactors|symmetric|orthogonal,standard,0,0,none,0.0,practice_test,667.0,beginner,0,0,0.0,0,0,0.0,0,0,0.0,0.2371150196947458,0.0,0,69.73839463034116,32,1.0,0.2371150196947458,-8,0,beginner,659,0.0,0,0,0.0,0,0,0.0,-8,easy,easy,Novice,2
s299_t16,299,3,1729900696,ds-q392,artificial-intelligence,linear-algebra,easy,810,low,0.0,matrices|vectors|eigenvalues|linear-systems|transformations,standard,0,0,none,0.0,practice_test,659.0,beginner,0,0,0.0,0,0,0.0,0,0,0.0,0.295415407337279,0.0,0,113.16442186497676,32,1.0,0.295415407337279,-9,0,beginner,650,0.0,0,0,0.0,0,0,0.0,-9,easy,easy,Novice,2
s299_t16,299,3,1729900697,ml-q21,general-aptitude,unknown,medium,1310,high,0.0,,standard,0,0,none,0.0,practice_test,650.0,beginner,0,0,0.0,0,0,0.0,0,0,0.0,0.0218969986482333,0.0,0,62.43827419830365,32,1.0,0.0218969986482333,-1,0,beginner,649,0.0,0,0,0.0,0,0,0.0,-1,medium,medium,Novice,4
s299_t16,299,3,1729900698,ga-q25,general-aptitude,ga-verbal-reasoning,easy,860,low,0.0,reading-comprehension|vocabulary|sentence-correction|para-jumbles,standard,0,0,none,0.0,practice_test,649.0,beginner,0,0,0.0,0,0,0.0,0,0,0.0,0.2288857393124026,0.0,0,85.56970806927191,32,1.0,0.2288857393124026,-7,0,beginner,642,0.0,0,0,0.0,0,0,0.0,-7,easy,easy,Novice,2
s299_t16,299,3,1729900699,ga-q9,general-aptitude,ga-logical-reasoning,easy,960,medium,0.0,syllogisms|logical-deduction|critical-reasoning,standard,0,0,none,0.0,practice_test,642.0,beginner,0,0,0.0,0,0,0.0,0,0,0.0,0.1381721524200822,0.0,0,81.14855672867884,32,1.0,0.1381721524200822,-4,0,beginner,638,0.0,0,0,0.0,0,0,0.0,-4,easy,easy,Novice,2
s299_t16,299,3,1729900700,ds-q43,artificial-intelligence,algorithms,medium,1490,high,0.0,sorting|searching|dynamic-programming|greedy,standard,0,0,none,0.0,practice_test,638.0,beginner,0,0,0.0,0,0,0.0,0,0,0.0,0.0073585527081719,0.0,0,123.55672497162834,32,1.0,0.0073585527081719,0,0,beginner,638,0.0,0,0,0.0,0,0,0.0,0,medium,medium,Novice,6
s299_t16,299,3,1729900701,dsa-q76,programming-dsa,dsa-complexity,medium,1270,medium,0.0,time-complexity|space-complexity|big-o-notation,standard,0,0,none,0.0,practice_test,638.0,beginner,0,0,0.0,0,0,0.0,0,0,0.0,0.025628579593138,0.0,0,185.5514457044723,32,1.0,0.025628579593138,-1,0,beginner,637,0.0,0,0,0.0,0,0,0.0,-1,medium,medium,Novice,4
s299_t16,299,3,1729900702,ds-q97,machine-learning,machine-learning,medium,1130,medium,0.0,supervised|unsupervised|reinforcement|evaluation,standard,0,0,none,0.0,practice_test,637.0,beginner,0,0,0.0,0,0,0.0,0,0,0.0,0.0553082747156129,0.0,0,155.14510259479962,32,1.0,0.0553082747156129,-2,0,beginner,635,0.0,0,0,0.0,0,0,0.0,-2,medium,medium,Novice,4
s299_t16,299,3,1729900703,dsa-q19,programming-dsa,dsa-complexity,medium,1210,medium,0.0,time-complexity|space-complexity|big-o-notation,standard,0,0,none,0.0,practice_test,635.0,beginner,0,0,0.0,0,0,0.0,0,0,0.0,0.035230872416762,0.0,0,81.88545915211408,32,1.0,0.035230872416762,-1,0,beginner,634,0.0,0,0,0.0,0,0,0.0,-1,medium,medium,Novice,4
s299_t16,299,3,1729900704,dsa-q49,programming-dsa,dsa-trees,easy,1250,medium,0.0,binary-trees|bst|tree-traversal|balanced-trees,standard,0,0,none,0.0,practice_test,634.0,beginner,0,0,0.0,0,0,0.0,0,0,0.0,0.0280318671516965,0.0,0,41.32579817968062,32,1.0,0.0280318671516965,-1,0,beginner,633,0.0,0,0,0.0,0,0,0.0,-1,easy,easy,Novice,4
s299_t16,299,3,1729900705,dbms-q41,dbms,dbms-sql,easy,730,low,0.0,select|joins|group-by|aggregation,standard,0,0,none,0.0,practice_test,633.0,beginner,0,0,0.0,0,0,0.0,0,0,0.0,0.363923100312118,0.0,0,133.39264237889407,32,1.0,0.363923100312118,-12,0,beginner,621,0.0,0,0,0.0,0,0,0.0,-12,easy,easy,Novice,2
s299_t16,299,3,1729900706,dsa-q40,programming-dsa,dsa-arrays,medium,1280,medium,0.0,array-operations|indexing|searching|sorting,standard,0,0,none,0.0,practice_test,621.0,beginner,0,0,0.0,0,0,0.0,0,0,0.0,0.0220206277128122,0.0,0,160.79915769987113,32,1.0,0.0220206277128122,-1,0,beginner,620,0.0,0,0,0.0,0,0,0.0,-1,medium,medium,Novice,4
s299_t16,299,3,1729900707,ps-q8,probability-statistics,ps-distributions,easy,750,low,0.0,probability-distributions|cumulative-distribution|expected-value,standard,0,0,none,0.0,practice_test,620.0,beginner,0,0,0.0,0,0,0.0,0,0,0.0,0.3211830802052434,0.0,1,120.29142163651288,32,1.0,0.3211830802052434,22,0,beginner,642,0.0,0,0,0.0,0,0,0.0,22,easy,easy,Novice,2
s299_t16,299,3,1729900708,ps-q22,probability-statistics,ps-probability,easy,1200,medium,0.0,probability-theory|conditional-probability|independence,standard,0,0,none,0.0,practice_test,642.0,beginner,0,0,0.0,0,0,0.0,0,0,0.0,0.0387126779471775,0.0,0,140.07592608941675,32,1.0,0.0387126779471775,-1,0,beginner,641,0.0,0,0,0.0,0,0,0.0,-1,easy,easy,Novice,4
s299_t16,299,3,1729900709,dsa-q80,programming-dsa,dsa-complexity,medium,1410,high,0.0,time-complexity|space-complexity|big-o-notation,standard,0,0,none,0.0,practice_test,641.0,beginner,0,0,0.0,0,0,0.0,0,0,0.0,0.0118124337324056,0.0,1,81.87046892127388,32,1.0,0.0118124337324056,32,0,beginner,673,0.0,0,0,0.0,0,0,0.0,32,medium,medium,Novice,4
s299_t16,299,3,1729900710,ps-q92,probability-statistics,ps-hypothesis,medium,1050,medium,0.0,hypothesis-testing|p-value|type-I-error|type-II-error|t-test|significance-level,standard,0,0,none,0.0,practice_test,673.0,beginner,0,0,0.0,0,0,0.0,0,0,0.0,0.1024598858712761,0.0,0,36.15252101564288,32,1.0,0.1024598858712761,-3,0,beginner,670,0.0,0,0,0.0,0,0,0.0,-3,medium,medium,Novice,2
s299_t16,299,3,1729900711,dsa-q50,programming-dsa,dsa-trees,medium,1180,medium,0.0,binary-trees|bst|tree-traversal|balanced-trees,standard,0,0,none,0.0,practice_test,670.0,beginner,0,0,0.0,0,0,0.0,0,0,0.0,0.0504121422129759,0.0,0,39.45699527995182,32,1.0,0.0504121422129759,-2,0,beginner,668,0.0,0,0,0.0,0,0,0.0,-2,medium,medium,Novice,4
s299_t16,299,3,1729900712,dbms-q16,dbms,dbms-sql,medium,1450,high,0.0,select|joins|group-by|aggregation,standard,0,0,none,0.0,practice_test,668.0,beginner,0,0,0.0,0,0,0.0,0,0,0.0,0.0109700708891056,0.0,0,140.23696649658686,32,1.0,0.0109700708891056,0,0,beginner,668,0.0,0,0,0.0,0,0,0.0,0,medium,medium,Novice,6
s299_t16,299,3,1729900713,ds-q385,artificial-intelligence,deep-learning,hard,2490,high,0.0,neural-networks|backpropagation|activation-functions,standard,0,0,none,0.0,practice_test,668.0,beginner,0,0,0.0,0,0,0.0,0,0,0.0,2.786043546080768e-05,0.0,0,69.0132302756253,32,1.0,2.786043546080768e-05,0,0,beginner,668,0.0,0,0,0.0,0,0,0.0,0,hard,hard,Novice,10
s299_t16,299,3,1729900714,dsa-q37,programming-dsa,dsa-arrays,hard,1620,high,0.0,array-operations|indexing|searching|sorting,standard,0,0,none,0.0,practice_test,668.0,beginner,0,0,0.0,0,0,0.0,0,0,0.0,0.0041513879692703,0.0,0,142.9884034220851,32,1.0,0.0041513879692703,0,0,beginner,668,0.0,0,0,0.0,0,0,0.0,0,hard,hard,Novice,6
s299_t16,299,3,1729900715,dsa-q30,programming-dsa,dsa-arrays,medium,1000,medium,0.0,array-operations|indexing|searching|sorting,standard,0,0,none,0.0,practice_test,668.0,beginner,0,0,0.0,0,0,0.0,0,0,0.0,0.1288522015954444,0.0,0,95.97886089359984,32,1.0,0.1288522015954444,-4,0,beginner,664,0.0,0,0,0.0,0,0,0.0,-4,medium,medium,Novice,2
s299_t16,299,3,1729900716,ga-q4,general-aptitude,ga-quantitative-aptitude,easy,870,low,0.0,arithmetic|algebra|geometry|permutations|combinations,standard,0,0,none,0.0,practice_test,664.0,beginner,0,0,0.0,0,0,0.0,0,0,0.0,0.2340053292335112,0.0,0,114.50707438735064,32,1.0,0.2340053292335112,-7,0,beginner,657,0.0,0,0,0.0,0,0,0.0,-7,easy,easy,Novice,2
s299_t16,299,3,1729900717,la-19,linear-algebra,la-matrices,medium,1210,medium,0.0,,standard,0,0,none,0.0,practice_test,657.0,beginner,0,0,0.0,0,0,0.0,0,0,0.0,0.0397981195399871,0.0,0,51.56550761932725,32,1.0,0.0397981195399871,-1,0,beginner,656,0.0,0,0,0.0,0,0,0.0,-1,medium,medium,Novice,4
s299_t16,299,3,1729900718,co-q35,calculus-optimization,co-differentiation,medium,1350,high,0.0,partial-derivatives|chain-rule|product-rule|critical-points|gradients|implicit-differentiation,standard,0,0,none,0.0,practice_test,656.0,beginner,0,0,0.0,0,0,0.0,0,0,0.0,0.0180750004668307,0.0,0,107.1306283254573,32,1.0,0.0180750004668307,-1,0,beginner,655,0.0,0,0,0.0,0,0,0.0,-1,medium,medium,Novice,4
s299_t16,299,3,1729900719,la-q63,linear-algebra,la-eigenvalues,medium,1210,medium,0.0,eigenvalues|eigenvectors|diagonalization|spectral-theorem,standard,0,0,none,0.0,practice_test,655.0,beginner,0,0,0.0,0,0,0.0,0,0,0.0,0.0393604855044517,0.0,0,32.757555706630335,32,1.0,0.0393604855044517,-1,0,beginner,654,0.0,0,0,0.0,0,0,0.0,-1,medium,medium,Novice,4
s299_t16,299,3,1729900720,la-q61,linear-algebra,la-eigenvalues,hard,1940,high,0.0,eigenvalues|eigenvectors|diagonalization|spectral-theorem,standard,0,0,none,0.0,practice_test,654.0,beginner,0,0,0.0,0,0,0.0,0,0,0.0,0.0006091655883375,0.0,1,103.2750107737892,32,1.0,0.0006091655883375,32,0,beginner,686,0.0,0,0,0.0,0,0,0.0,32,hard,hard,Novice,8
s299_t16,299,3,1729900721,co-q41,calculus-optimization,co-integration,easy,950,medium,0.0,definite-integrals|indefinite-integrals|integration-by-parts|u-substitution|fundamental-theorem,standard,0,0,none,0.0,practice_test,686.0,beginner,0,0,0.0,0,0,0.0,0,0,0.0,0.1795047927135769,0.0,1,145.77806780680572,32,1.0,0.1795047927135769,26,0,beginner,712,0.0,0,0,0.0,0,0,0.0,26,easy,easy,Novice,2
s299_t16,299,3,1729900722,ds-q88,probability-statistics,probability,easy,750,low,0.0,sample-spaces|events|conditional-probability|independence,standard,0,0,none,0.0,practice_test,712.0,beginner,0,0,0.0,0,0,0.0,0,0,0.0,0.4455306259783239,0.0,1,141.131311924357,32,1.0,0.4455306259783239,18,0,beginner,730,0.0,0,0,0.0,0,0,0.0,18,easy,easy,Novice,2
s299_t16,299,3,1729900723,dsa-q21,programming-dsa,dsa-arrays,easy,720,low,0.0,array-operations|indexing|searching|sorting,standard,0,0,none,0.0,practice_test,730.0,beginner,0,0,0.0,0,0,0.0,0,0,0.0,0.5143871841659987,0.0,1,74.38845554478081,32,1.0,0.5143871841659987,16,0,beginner,746,0.0,0,0,0.0,0,0,0.0,16,easy,easy,Novice,2
s299_t16,299,3,1729900724,ml-q55,machine-learning,ml-evaluation,easy,1310,high,0.0,accuracy|precision|recall|f1-score|cross-validation,standard,0,0,none,0.0,practice_test,746.0,beginner,0,0,0.0,0,0,0.0,0,0,0.0,0.0374476325364447,0.0,1,152.21327031685732,32,1.0,0.0374476325364447,31,0,beginner,777,0.0,0,0,0.0,0,0,0.0,31,easy,easy,Novice,4
s299_t16,299,3,1729900725,ga-q19,general-aptitude,ga-quantitative-aptitude,medium,1120,medium,0.0,arithmetic|algebra|geometry|permutations|combinations,standard,0,0,none,0.0,practice_test,777.0,beginner,0,0,0.0,0,0,0.0,0,0,0.0,0.1219099260574042,0.0,0,159.23417718597858,32,1.0,0.1219099260574042,-4,0,beginner,773,0.0,0,0,0.0,0,0,0.0,-4,medium,medium,Novice,4
s299_t16,299,3,1729900726,ga-q6,general-aptitude,ga-logical-reasoning,medium,1340,high,0.0,syllogisms|logical-deduction|critical-reasoning,standard,0,0,none,0.0,practice_test,773.0,beginner,0,0,0.0,0,0,0.0,0,0,0.0,0.0368301003233803,0.0,0,174.2030323166927,32,1.0,0.0368301003233803,-1,0,beginner,772,0.0,0,0,0.0,0,0,0.0,-1,medium,medium,Novice,4
s299_t16,299,3,1729900727,ml-q77,machine-learning,ml-supervised,easy,770,low,0.0,linear-regression|logistic-regression|decision-trees|svm|naive-bayes|ensemble-methods,standard,0,0,none,0.0,practice_test,772.0,beginner,0,0,0.0,0,0,0.0,0,0,0.0,0.502878199574811,0.0,1,86.09149001543597,32,1.0,0.502878199574811,16,0,beginner,788,0.0,0,0,0.0,0,0,0.0,16,easy,easy,Novice,2
s299_t16,299,3,1729900728,co-q77,calculus-optimization,co-optimization,medium,1120,medium,0.0,critical-points|extrema|optimization|lagrange-multipliers|convexity|gradient-descent,standard,0,0,none,0.0,practice_test,788.0,beginner,0,0,0.0,0,0,0.0,0,0,0.0,0.1288522015954444,0.0,0,130.4682230014901,32,1.0,0.1288522015954444,-4,0,beginner,784,0.0,0,0,0.0,0,0,0.0,-4,medium,medium,Novice,4
s299_t16,299,3,1729900729,ds-q107,dbms,dbms,medium,1320,high,0.0,database-fundamentals|acid-properties|transactions,standard,0,0,none,0.0,practice_test,784.0,beginner,0,0,0.0,0,0,0.0,0,0,0.0,0.0437108477356839,0.0,0,35.480569519234834,32,1.0,0.0437108477356839,-1,0,beginner,783,0.0,0,0,0.0,0,0,0.0,-1,medium,medium,Novice,4
s299_t16,299,3,1729900730,dsa-q25,programming-dsa,dsa-arrays,easy,840,low,0.0,array-operations|indexing|searching|sorting,standard,0,0,none,0.0,practice_test,783.0,beginner,0,0,0.0,0,0,0.0,0,0,0.0,0.418698521631085,0.0,0,161.20693782641885,32,1.0,0.418698521631085,-13,0,beginner,770,0.0,0,0,0.0,0,0,0.0,-13,easy,easy,Novice,2
s299_t16,299,3,1729900731,ps-q9,probability-statistics,ps-probability,easy,1190,medium,0.0,probability-theory|conditional-probability|independence,standard,0,0,none,0.0,practice_test,770.0,beginner,0,0,0.0,0,0,0.0,0,0,0.0,0.081831824755152,0.0,0,72.13247035133136,32,1.0,0.081831824755152,-3,0,beginner,767,0.0,0,0,0.0,0,0,0.0,-3,easy,easy,Novice,4
s299_t16,299,3,1729900732,ga-q20,general-aptitude,ga-quantitative-aptitude,medium,1170,medium,0.0,arithmetic|algebra|geometry|permutations|combinations,standard,0,0,none,0.0,practice_test,767.0,beginner,0,0,0.0,0,0,0.0,0,0,0.0,0.0894919159507723,0.0,0,59.736010802694416,32,1.0,0.0894919159507723,-3,0,beginner,764,0.0,0,0,0.0,0,0,0.0,-3,medium,medium,Novice,4
s299_t16,299,3,1729900733,ga-q18,general-aptitude,ga-quantitative-aptitude,medium,1190,medium,0.0,arithmetic|algebra|geometry|permutations|combinations,standard,0,0,none,0.0,practice_test,764.0,beginner,0,0,0.0,0,0,0.0,0,0,0.0,0.0792739386312066,0.0,0,111.27444297124325,32,1.0,0.0792739386312066,-3,0,beginner,761,0.0,0,0,0.0,0,0,0.0,-3,medium,medium,Novice,4
s299_t16,299,3,1729900734,ds-q281,machine-learning,machine-learning,easy,980,medium,0.0,supervised|unsupervised|reinforcement|evaluation,standard,0,0,none,0.0,practice_test,761.0,beginner,0,0,0.0,0,0,0.0,0,0,0.0,0.2208593791805304,0.0,0,111.19954192384736,32,1.0,0.2208593791805304,-7,0,beginner,754,0.0,0,0,0.0,0,0,0.0,-7,easy,easy,Novice,2
s299_t16,299,3,1729900735,ps-q32,probability-statistics,ps-distributions,medium,1210,medium,0.0,probability-distributions|cumulative-distribution|expected-value,standard,0,0,none,0.0,practice_test,754.0,beginner,0,0,0.0,0,0,0.0,0,0,0.0,0.0675500289965762,0.0,1,157.24884245266497,32,1.0,0.0675500289965762,30,0,beginner,784,0.0,0,0,0.0,0,0,0.0,30,medium,medium,Novice,4
s299_t16,299,3,1729900736,la-q8,linear-algebra,la-eigenvalues,medium,1130,medium,0.0,eigenvalues|eigenvectors|diagonalization|spectral-theorem,standard,0,0,none,0.0,practice_test,784.0,beginner,0,0,0.0,0,0,0.0,0,0,0.0,0.1200733119893831,0.0,0,86.05667572912068,32,1.0,0.1200733119893831,-4,0,beginner,780,0.0,0,0,0.0,0,0,0.0,-4,medium,medium,Novice,4
s299_t16,299,3,1729900737,co-q53,calculus-optimization,co-integration,medium,1040,medium,0.0,definite-integrals|indefinite-integrals|integration-by-parts|u-substitution|fundamental-theorem,standard,0,0,none,0.0,practice_test,780.0,beginner,0,0,0.0,0,0,0.0,0,0,0.0,0.1829211658000257,0.0,0,26.42046836858965,32,1.0,0.1829211658000257,-6,0,beginner,774,0.0,0,0,0.0,0,0,0.0,-6,medium,medium,Novice,2
s299_t16,299,3,1729900738,dbms-q62,dbms,dbms-normalization,easy,1250,medium,0.0,functional-dependencies|closure-of-attributes|canonical-cover|lossless-join-decomposition|dependency-preservation|first-normal-form|second-normal-form|third-normal-form|boyce-codd-normal-form,standard,0,0,none,0.0,practice_test,774.0,beginner,0,0,0.0,0,0,0.0,0,0,0.0,0.0606495585093978,0.0,0,59.85071327782536,32,1.0,0.0606495585093978,-2,0,beginner,772,0.0,0,0,0.0,0,0,0.0,-2,easy,easy,Novice,4
s299_t16,299,3,1729900739,ds-q364,machine-learning,machine-learning,medium,1050,medium,0.0,supervised|unsupervised|reinforcement|evaluation,standard,0,0,none,0.0,practice_test,772.0,beginner,0,0,0.0,0,0,0.0,0,0,0.0,0.1679401594696668,0.0,0,163.52487110466896,32,1.0,0.1679401594696668,-5,0,beginner,767,0.0,0,0,0.0,0,0,0.0,-5,medium,medium,Novice,2
